id,kind,name,lat,lng,alias_count
geonames:10140824,city,納官,30.57332,130.9564,2
geonames:10178646,city,根占川南,31.21131,130.77849,2
geonames:10179009,city,城元,31.24082,130.78855,2
geonames:10179702,city,前田,31.33186,130.93723,2
geonames:10194212,city,よつえだ,32.01446,130.73565,2
geonames:10209485,city,いっしょうち,32.24232,130.64497,2
geonames:10254803,city,めんだひがし,32.2417,130.89665,2
geonames:10255720,city,きのえにし,32.22326,130.82155,2
geonames:10256830,city,柳瀬,32.21923,130.79385,2
geonames:10263339,city,土居,33.58477,130.67583,2
geonames:10267168,city,須恵町,33.59149,130.50423,2
geonames:10267209,city,若杉,33.60944,130.52625,2
geonames:10300676,city,南知多町,34.67644,137.00522,2
geonames:10310759,city,百合ヶ丘,33.84661,130.62963,2
geonames:10311179,city,古賀,33.86429,130.68709,2
geonames:10311204,city,宮尾台,33.84661,130.71276,2
geonames:10311513,city,猪倉,33.80101,130.68422,2
geonames:10346478,city,甲府,35.69763,138.58819,2
geonames:10351952,city,赤村,33.59861,130.87411,2
geonames:10352081,city,大行事,33.59811,130.85118,2
geonames:10353044,city,上,33.52936,130.76479,3
geonames:10370480,city,早川,35.24187,139.14247,2
geonames:10409864,city,金井島,35.34412,139.11749,2
geonames:10412940,city,境,35.35323,139.21012,2
geonames:10629856,city,富士吉田市,35.44032,138.79586,2
geonames:10630004,city,庄内町,38.84846,139.90308,2
geonames:10630007,city,対馬,34.20634,129.29076,2
geonames:10630180,city,Kiso,35.84036,137.69028,1
geonames:10630441,city,大空町,43.91298,144.16852,2
geonames:10642464,city,中土狩,35.13526,138.9028,2
geonames:10642471,city,伏見,35.11426,138.89742,2
geonames:10645302,city,上沢,35.10151,138.95398,2
geonames:10793741,city,Nasu,37.04209,140.09379,1
geonames:10794009,city,黒石,40.64437,140.6227,2
geonames:10797122,city,山中,35.42452,138.84208,2
geonames:10799597,city,鳴沢村,35.48321,138.70072,2
geonames:10860987,city,豊根村,35.17062,137.73967,2
geonames:10860988,city,読谷村,26.40167,127.74503,2
geonames:10862413,city,菅稲田堤,35.63498,139.53956,2
geonames:10862483,city,あざみ野,35.5699,139.54482,2
geonames:10865202,ward,南大井,35.59283,139.73367,2
geonames:10865210,ward,戸越,35.61143,139.71736,2
geonames:10865212,ward,二葉,35.60463,139.72225,2
geonames:10865290,city,麻布十番,35.65597,139.73534,2
geonames:10865322,ward,芝公園,35.65775,139.7476,2
geonames:10865644,city,北青山,35.67346,139.71975,2
geonames:10865967,city,榎町,35.70531,139.72881,2
geonames:10865976,ward,神楽坂,35.70077,139.7402,2
geonames:10865982,city,早稲田鶴巻町,35.7068,139.7245,2
geonames:10865987,city,下落合,35.72018,139.702,2
geonames:10866000,ward,大塚,35.72403,139.72868,2
geonames:10866024,ward,雑司が谷,35.71934,139.71839,2
geonames:10866030,city,目白,35.7242,139.70358,2
geonames:10866099,city,上中里,35.74502,139.74951,2
geonames:10866150,city,大山東町,35.74968,139.70607,2
geonames:10866151,city,大山金井町,35.74686,139.70406,2
geonames:10866155,city,大山西町,35.74683,139.6948,2
geonames:10866160,city,高野台,35.74648,139.61411,2
geonames:10866168,city,関町東,35.72568,139.58355,2
geonames:10866176,ward,旭丘,35.73458,139.67744,2
geonames:10866536,ward,井草,35.72718,139.61758,2
geonames:10866555,ward,阿佐谷北,35.71091,139.6372,2
geonames:10866689,ward,代々木,35.67855,139.69146,2
geonames:10866695,city,元代々木町,35.67192,139.68511,2
geonames:10866710,ward,道玄坂,35.65752,139.6982,2
geonames:10866711,city,桜丘町,35.65578,139.70129,2
geonames:10866716,city,代官山町,35.65125,139.70502,2
geonames:10866730,ward,恵比寿,35.64595,139.7155,2
geonames:10866743,ward,千駄ヶ谷,35.67784,139.70822,2
geonames:10866749,ward,青葉台,35.65149,139.69301,2
geonames:10866761,city,祐天寺,35.63785,139.69344,2
geonames:10866784,ward,自由が丘,35.61099,139.66782,2
geonames:10867078,ward,井の頭,35.69313,139.5834,2
geonames:10878299,city,ひばりが丘,35.74524,139.53611,2
geonames:10903380,city,飯田橋,35.70019,139.74888,2
geonames:10903382,ward,後楽,35.70686,139.74549,2
geonames:10913416,ward,妙典,35.69355,139.92902,2
geonames:10913431,city,ばらき,35.69798,139.95117,2
geonames:10913492,city,川,35.72634,139.90392,2
geonames:10918003,ward,船堀,35.6821,139.86641,2
geonames:10918009,ward,一之江,35.69137,139.88254,2
geonames:10918027,ward,平井,35.70768,139.8425,2
geonames:10918042,city,瑞江,35.69441,139.89482,2
geonames:10920829,ward,堀切,35.74582,139.82737,2
geonames:10922478,ward,押上,35.71119,139.81718,2
geonames:10924870,city,馬橋,35.81177,139.92074,2
geonames:10926134,city,南流山,35.8401,139.89864,2
geonames:10958441,ward,台場,35.62772,139.77326,2
geonames:10958444,ward,青海,35.61893,139.7791,2
geonames:10963022,city,門前仲町,35.67415,139.79427,2
geonames:10963038,ward,大島,35.68917,139.83282,2
geonames:10963041,city,住吉,35.68868,139.81471,2
geonames:10963047,city,日本橋馬喰町,35.69328,139.78172,2
geonames:10965193,ward,岩本町,35.69409,139.77699,2
geonames:10965195,city,神田淡路町,35.69685,139.76744,2
geonames:10965202,city,神田神保町,35.69559,139.75642,2
geonames:10966283,ward,浅草橋,35.69982,139.7841,2
geonames:10967869,ward,千束,35.72205,139.79206,2
geonames:10967873,ward,入谷,35.72104,139.78691,2
geonames:10968247,ward,荒川区,35.73825,139.78047,2
geonames:10971146,city,町屋,35.74804,139.78128,2
geonames:10971152,city,中里,35.74223,139.75193,2
geonames:10971153,ward,千駄木,35.72812,139.76017,2
geonames:10971188,ward,湯島,35.70603,139.76699,2
geonames:10979195,city,松伏町,35.91898,139.81128,2
geonames:10985971,city,蒲生,35.86514,139.80186,2
geonames:10987573,ward,舎人,35.81087,139.7712,2
geonames:10987664,city,扇,35.76666,139.77137,2
geonames:10987749,city,梅島,35.77561,139.79787,2
geonames:10987752,city,竹の塚,35.79357,139.7956,2
geonames:10987759,city,六町,35.78341,139.81967,2
geonames:10987894,city,青井,35.77432,139.81654,2
geonames:10987897,ward,足立区,35.76318,139.80761,2
geonames:10988468,city,小菅,35.75351,139.82163,2
geonames:11001656,city,本部町,26.65901,127.90667,2
geonames:11010183,city,十条仲原,35.76811,139.71898,2
geonames:11010185,ward,神谷,35.77031,139.73076,2
geonames:11010212,ward,常盤台,35.76222,139.68689,2
geonames:11010373,city,野塩,35.77731,139.50328,2
geonames:11012851,city,みよし台,35.83318,139.54437,2
geonames:11014442,city,古谷本郷,35.90527,139.54034,2
geonames:11028127,city,どうじょう,35.85612,139.61314,2
geonames:11029762,city,ぶぞう,35.84083,139.6711,2
geonames:11059676,city,すぎた,35.37609,139.61713,2
geonames:11071717,ward,江戸川区,35.69225,139.87308,2
geonames:11072360,city,西粟倉村,35.17942,134.35043,2
geonames:11079431,city,もとな,35.14834,139.83581,2
geonames:11081570,city,榎町,35.4304,139.61363,2
geonames:11081578,city,井土ヶ谷上町,35.43103,139.59923,2
geonames:11081664,city,みなとみらい,35.45958,139.6303,2
geonames:11082924,city,しんこやす,35.4904,139.65501,2
geonames:11103179,city,神河町,35.07553,134.74028,2
geonames:11127679,city,恵庭,42.89357,141.576,2
geonames:11133293,city,ほんごう,35.41796,140.35283,2
geonames:11133426,city,うしごめ,35.46437,140.39178,2
geonames:11134304,city,かわすがや,35.36559,140.34305,2
geonames:11140308,city,ながどみ,35.42933,140.23104,2
geonames:11147658,city,島田,32.75684,130.79043,2
geonames:11149616,city,なかまつ,32.83523,131.04527,2
geonames:11151271,city,かわはら,32.80667,130.89747,2
geonames:11154442,city,田上町,37.71133,139.07215,2
geonames:11172649,city,おきの,32.87009,130.7917,2
geonames:11193762,city,わかす,32.60348,130.64336,2
geonames:11205268,city,Tsurui,43.24967,144.29645,1
geonames:11205269,city,南アルプス,35.616,138.46344,2
geonames:11209896,city,江東区,32.77856,130.74537,2
geonames:11240939,city,うえじま,32.74072,130.74717,2
geonames:11241005,city,さまた,32.62114,130.82129,2
geonames:11241735,city,やまだ,32.69678,130.96469,2
geonames:11243207,city,産山村,32.99961,131.23941,2
geonames:11243358,city,あかばば,33.09969,131.07385,2
geonames:11274040,city,あらお,32.97888,130.44572,2
geonames:11335421,city,ながおだ,33.00048,130.60313,2
geonames:11350714,city,御代田,36.33656,138.51288,2
geonames:11397285,city,うきは,33.35634,130.74966,2
geonames:11397286,city,長和町,36.28358,138.24783,2
geonames:11468270,city,伊賀市,34.75797,136.13468,2
geonames:11468427,city,紀北町,34.21052,136.33475,2
geonames:11468429,city,桑名市,35.05192,136.66958,2
geonames:11468431,city,松坂市,34.57895,136.53706,2
geonames:11468435,city,南伊勢町,34.34967,136.69945,2
geonames:11523579,ward,Yonedacho Sendo,34.7756,134.82551,1
geonames:11524139,city,北杜市,35.83458,138.39606,2
geonames:11611220,city,ふじみ野,35.86142,139.51532,2
geonames:11611221,city,氷見市,36.84666,136.98355,3
geonames:11611224,city,滝沢,39.8028,141.13466,2
geonames:11611474,city,東温,33.79427,132.89011,2
geonames:11611475,city,野洲,35.10053,136.01778,2
geonames:11611476,city,八女,33.22792,130.64873,2
geonames:11611477,city,大和郡山,34.60658,135.77033,2
geonames:11611478,city,大和,35.47276,139.45101,2
geonames:11611479,city,山梨,35.67152,138.69827,2
geonames:11611481,city,土佐清水,32.78396,132.96324,2
geonames:11611482,city,戸田,35.81447,139.66018,2
geonames:11611483,city,多久,33.27709,130.10928,2
geonames:11611484,city,竹田,32.95935,131.3673,2
geonames:11611486,city,高砂,34.76298,134.79229,2
geonames:11611487,city,立川,35.7091,139.41891,2
geonames:11611490,city,下関,34.16736,131.00012,2
geonames:11611608,city,西都,32.08199,131.39957,2
geonames:11611609,city,相模原,35.56707,139.24167,2
geonames:11611610,city,小郡,33.38738,130.54865,2
geonames:11611611,city,小城,33.28028,130.19503,2
geonames:11611613,city,長久手,35.17325,137.05667,2
geonames:11611614,city,宗像,33.7957,130.55895,2
geonames:11611615,city,三豊,34.21052,133.6746,2
geonames:11611616,city,美作,35.04138,134.22443,2
geonames:11611617,city,国立,35.6833,139.43848,2
geonames:11611618,city,三宅,34.08991,139.5195,2
geonames:11611619,city,八丈町,33.10276,139.7788,2
geonames:11611620,city,大島町,34.74824,139.36243,2
geonames:11611621,city,小笠原,27.09688,142.20377,2
geonames:11611622,city,木津川,34.73668,135.83994,2
geonames:11611623,city,川西,34.88114,135.3986,2
geonames:11611624,city,交野,34.79329,135.68596,2
geonames:11611625,city,日向,32.42272,131.64093,2
geonames:11611626,city,坂井,36.1473,136.19408,2
geonames:11611627,city,東広島,34.40861,132.73682,2
geonames:11611628,city,東久留米,35.75202,139.51169,2
geonames:11611629,city,羽村,35.76232,139.31952,2
geonames:11611630,city,船橋,35.72045,140.01148,2
geonames:11611631,city,富士吉田,35.48486,138.81123,2
geonames:11611632,city,府中,35.67452,139.48216,2
geonames:11611635,city,富士見,35.84815,139.55521,2
geonames:11611638,city,筑後,33.20537,130.49183,2
geonames:11611641,city,さぬき,34.26686,134.22958,2
geonames:11611642,city,綾瀬,35.43515,139.4256,2
geonames:11611643,city,有田,34.08089,135.11905,2
geonames:11611645,city,Shikaoi,43.10474,142.99873,1
geonames:11611646,city,姶良,31.77429,130.59208,2
geonames:11611659,city,あま,35.18307,136.7997,2
geonames:11611661,city,深谷,36.1771,139.26029,3
geonames:11611930,city,小平,35.72603,139.48508,2
geonames:11611931,city,西東京,35.73355,139.54761,3
geonames:11611932,city,南陽,38.04322,140.11276,2
geonames:11611933,city,加古川,34.75064,134.86954,3
geonames:11611934,city,観音寺,34.06972,133.64902,3
geonames:11611935,city,加東,34.92422,135.02609,2
geonames:11611936,city,美祢,34.18681,131.21624,2
geonames:11611937,city,飛騨,36.24483,137.17323,2
geonames:11611938,city,清瀬,35.77952,139.53014,2
geonames:11611939,city,城陽,34.84396,135.80561,2
geonames:11611940,city,弥富,35.1053,136.73378,2
geonames:11611941,city,登米,38.70882,141.15578,2
geonames:11611942,city,鎌ケ谷,35.76971,140.00238,2
geonames:11611943,city,えびの,32.04766,130.84442,2
geonames:11611944,city,伊佐,32.06716,130.61182,2
geonames:11611945,city,赤穂,34.75967,134.37035,2
geonames:11611946,city,備前,34.78674,134.23542,2
geonames:11611947,city,東近江,35.1039,136.26274,2
geonames:11611948,city,中津,33.46238,131.14174,2
geonames:11611949,city,宇佐,33.43946,131.33675,2
geonames:11611950,city,江田島,34.23863,132.47967,2
geonames:11612319,city,四万十,33.07831,132.85234,2
geonames:11612326,city,たつの,34.83184,134.54338,2
geonames:11612327,city,壱岐,33.78286,129.7209,2
geonames:11612328,city,土佐,33.50476,133.44475,2
geonames:11612329,city,都留,35.54731,138.90959,2
geonames:11612330,city,南国,33.56943,133.64937,2
geonames:11612331,city,安芸高田,34.67416,132.68188,2
geonames:11612332,city,西予,33.38817,132.63176,2
geonames:11612333,city,阿波,34.09205,134.28452,2
geonames:11612334,city,八代,32.55723,130.65285,2
geonames:11612336,city,甲斐,35.68463,138.50979,2
geonames:11612337,city,さくら,36.72072,139.98779,2
geonames:11612338,city,淡路,34.47769,134.93065,2
geonames:11612339,city,蕨,35.82188,139.68545,2
geonames:11612340,city,みよし,35.08971,137.08998,2
geonames:11612341,city,糸島,33.54225,130.18421,2
geonames:11612342,city,由布,33.1956,131.37829,2
geonames:11612343,city,あきる野,35.72854,139.2318,2
geonames:11612345,city,四国中央,33.9754,133.54895,2
geonames:11612346,city,嬉野,33.13525,130.05718,2
geonames:11612347,city,習志野,35.68184,140.04152,2
geonames:11612454,city,南房総,35.03126,139.92651,2
geonames:11612455,city,大網白里,35.51183,140.35257,2
geonames:11612456,city,袖ケ浦,35.41368,140.02135,2
geonames:11612457,city,越前,35.88571,136.17073,2
geonames:11612458,city,嘉麻,33.53488,130.74228,2
geonames:11612459,city,みやま,33.12102,130.50007,2
geonames:11612460,city,宮若,33.71706,130.64117,2
geonames:11612472,city,白河,37.11954,140.26211,2
geonames:11612473,city,瑞穂,35.3943,136.66898,2
geonames:11612475,city,山県,35.58306,136.7585,2
geonames:11612476,city,士別,44.17137,142.39517,2
geonames:11612477,city,朝来,35.25908,134.81392,2
geonames:11612478,city,加西,34.92633,134.84533,2
geonames:11612479,city,南あわじ,34.27396,134.77512,2
geonames:11612480,city,三田,34.94716,135.21389,3
geonames:11612481,city,宍粟,34.98107,134.56398,2
geonames:11612482,city,丹波,35.16034,135.03914,2
geonames:11612487,city,能美,36.42902,136.54564,2
geonames:11612537,city,東海,35.02269,136.90887,2
geonames:11612539,city,東かがわ,34.21024,134.33653,2
geonames:11612540,city,南九州,31.34689,130.45612,2
geonames:11612541,city,南さつま,31.38999,130.28343,2
geonames:11612542,city,曽於,31.64637,130.99068,2
geonames:11612543,city,海老名,35.43417,139.39419,2
geonames:11612549,city,香美,33.68407,133.84369,2
geonames:11612550,city,香南,33.58345,133.78189,2
geonames:11612551,city,室戸,33.33282,134.14169,3
geonames:11612553,city,合志,32.89271,130.77567,2
geonames:11612554,city,宇城,32.62217,130.66177,2
geonames:11612555,city,京田辺,34.8045,135.76681,2
geonames:11612557,city,京丹後,35.60623,135.04429,2
geonames:11612558,city,南丹,35.1098,135.49164,2
geonames:11612559,city,五島,32.68418,128.8068,2
geonames:11612560,city,南島原,32.67334,130.26747,2
geonames:11612561,city,西海,32.9839,129.6809,2
geonames:11612562,city,雲仙,32.77111,130.24841,2
geonames:11612563,city,豊後大野,32.97152,131.52832,2
geonames:11612564,city,赤磐,34.80986,134.02153,2
geonames:11612565,city,真庭,35.10643,133.72009,2
geonames:11612566,city,瀬戸内,34.65919,134.14238,2
geonames:11612567,city,泉佐野,34.379,135.31981,2
geonames:11612568,city,大阪狭山,34.49524,135.55069,2
geonames:11612569,city,伊万里,33.29036,129.88998,2
geonames:11612570,city,神埼,33.32393,130.34051,2
geonames:11612571,city,湖南,34.99921,136.09674,2
geonames:11612572,city,安来,35.33613,133.18382,3
geonames:11612573,city,那須塩原,36.97952,139.99466,2
geonames:11612574,city,美馬,34.05493,134.13963,2
geonames:11612575,city,三好,33.92541,133.85674,2
geonames:11612576,city,吉野川,34.03858,134.29207,2
geonames:11612578,city,稲城,35.63295,139.49967,2
geonames:11612579,city,小金井,35.70014,139.51109,2
geonames:11612580,city,狛江,35.63424,139.57546,2
geonames:11612582,city,山陽小野田,34.03246,131.16028,2
geonames:11612583,city,周南,34.08053,131.82564,2
geonames:11612585,city,中央区,35.59465,138.50275,2
geonames:11612588,city,笛吹,35.63526,138.63853,2
geonames:11612589,city,甲州,35.72422,138.77106,2
geonames:11612630,city,東大和,35.75052,139.42959,2
geonames:11612632,city,鹿角,40.20825,140.78327,2
geonames:11612633,city,雲南,35.2431,132.89989,2
geonames:11612682,city,国東,33.5547,131.72796,2
geonames:11612692,city,いちき串木野,31.72934,130.29305,2
geonames:11612694,city,浅口,34.53484,133.60302,2
geonames:11612700,city,福津,33.783,130.49114,2
geonames:11612701,city,朝倉,33.41439,130.71877,2
geonames:11612703,city,上天草,32.4892,130.39433,2
geonames:11612704,city,陸前高田,39.03759,141.60004,2
geonames:11612706,city,白山,36.48204,136.58684,2
geonames:11612707,city,仙北,39.7093,140.74654,2
geonames:11672692,city,とっぷし,44.08905,143.80703,2
geonames:11694589,city,田尻町,34.42695,135.24552,2
geonames:11749713,ward,千代田区,35.68449,139.75056,2
geonames:11752747,city,水元町,43.83764,144.59606,2
geonames:11776757,ward,和野,39.93386,141.93306,2
geonames:11776771,ward,ニセコ,42.80894,140.68596,2
geonames:11776843,ward,白楽,35.48926,139.62798,2
geonames:11776849,ward,矢部,35.57203,139.38638,2
geonames:11776897,ward,東海,36.47396,140.56355,2
geonames:11776907,ward,野木,36.22787,139.73446,2
geonames:11776910,ward,和戸,36.04046,139.7044,2
geonames:11776912,city,芦ケ久保,35.9774,139.13592,2
geonames:11776913,ward,横瀬,35.9845,139.0946,2
geonames:11776961,city,山吹,35.57652,137.90026,2
geonames:11776964,city,上片桐,35.61555,137.90236,2
geonames:11776968,city,坂北,36.42567,138.01661,2
geonames:11777002,city,田野口,35.0554,138.09677,2
geonames:11777018,ward,春田,35.1422,136.8121,2
geonames:11777028,ward,栄,35.17045,136.90753,2
geonames:11777075,ward,阿久比,34.93499,136.91299,2
geonames:11777085,city,上野間,34.80802,136.86441,2
geonames:11777093,city,上麻生,35.54057,137.11727,2
geonames:11777232,ward,小路,34.66039,135.5555,2
geonames:11777242,ward,海老江,34.69717,135.47112,2
geonames:11777258,city,水無瀬,34.87724,135.6651,2
geonames:11777259,city,下山,34.89396,135.68463,2
geonames:11777262,ward,王寺,34.5986,135.70214,2
geonames:11777267,city,和佐,33.89628,135.20758,2
geonames:11777281,city,中飯降,34.30339,135.53322,2
geonames:11777305,city,甘地,34.99147,134.75852,2
geonames:11777400,city,塩入,34.15607,133.8515,2
geonames:11777417,city,内子,33.54993,132.6471,2
geonames:11777452,city,引治,33.22912,131.17965,2
geonames:11777491,city,笈川,37.572,139.88797,2
geonames:11790342,ward,世田谷区,35.64188,139.64715,2
geonames:11790343,city,三鷹,35.68361,139.56002,2
geonames:11790353,ward,新宿区,35.69115,139.70854,2
geonames:11790365,ward,根津,35.71886,139.76467,2
geonames:11790367,ward,秋葉原,35.69848,139.77253,2
geonames:11790369,ward,台東区,35.70749,139.7788,2
geonames:11790374,ward,目黒区,35.6322,139.70174,2
geonames:11790488,ward,みなみ野,35.62594,139.31956,2
geonames:11790632,ward,文京,35.5331,139.4217,2
geonames:11791276,city,半田山,34.77497,137.73774,2
geonames:11791634,city,加佐登,34.89141,136.53049,2
geonames:11797573,city,かりべつ,45.24781,142.12642,2
geonames:11807473,ward,林間,35.49836,139.44886,2
geonames:11807499,ward,永田,34.6821,135.55674,2
geonames:11807988,ward,小路東,34.6588,135.55771,2
geonames:11808021,ward,渋谷区,35.6589,139.70665,2
geonames:11808338,ward,平安,35.1947,136.9307,2
geonames:11808455,ward,徳川,35.18656,136.92842,2
geonames:11809254,ward,宮代,36.02229,139.72951,2
geonames:11809256,ward,西所沢,35.78931,139.45854,2
geonames:11809770,ward,志免,33.58699,130.48676,2
geonames:11836117,ward,杉並,36.2013,140.28406,2
geonames:11837478,ward,天王台,35.87204,140.03988,2
geonames:11837657,ward,市川,35.73413,139.9065,2
geonames:11837950,city,阿賀野,37.83605,139.22332,2
geonames:12022193,ward,鬼怒川温泉,36.84352,139.71935,2
geonames:12253463,ward,大東町,34.71542,135.62012,2
geonames:13118912,city,嵐山町,36.05528,139.31503,2
geonames:13132737,city,Tobishima,35.07885,136.79108,1
geonames:13132738,city,Toyoyama,35.25048,136.91201,1
geonames:13132739,city,Ōguchi,35.34146,136.91108,1
geonames:13132740,city,Fusō,35.35782,136.90983,1
geonames:13132741,city,Kōta,34.87482,137.17086,1
geonames:13132743,city,Ōharu,35.17457,136.82014,1
geonames:13132744,city,Hirokawa,33.24293,130.55212,1
geonames:13132758,city,Tomika,35.48488,136.97983,1
geonames:13132759,city,Sakahogi,35.42666,136.98546,1
geonames:13132760,city,Wanouchi,35.28511,136.63744,1
geonames:13132761,city,Anpachi,35.33539,136.66541,1
geonames:13132762,city,Ginan,35.38834,136.78483,1
geonames:13132763,city,Itakura,36.22295,139.61027,1
geonames:13132764,city,Kumano,34.33284,132.56967,1
geonames:13132765,city,Fuchū,34.38793,132.51001,1
geonames:13132766,city,Kamisunagawa,43.48261,141.98408,1
geonames:13132767,city,鷹栖町,43.84336,142.35445,2
geonames:13132768,city,東川町,43.69898,142.51031,2
geonames:13132769,city,東神楽町,43.69663,142.45143,2
geonames:13132797,city,稲美町,34.74807,134.91284,2
geonames:13132798,city,丹波篠山市,35.07318,135.21781,2
geonames:13132799,city,丹波市,35.17483,135.03101,2
geonames:13132800,city,八千代町,36.18229,139.89096,2
geonames:13156691,city,宝達志水町,36.86278,136.79753,2
geonames:13156692,city,矢巾町,39.61114,141.14743,2
geonames:13156694,city,北川村,33.44769,134.04207,2
geonames:13156695,city,日高村,33.53489,133.37336,2
geonames:13156696,city,山江村,32.24674,130.76651,2
geonames:13156697,city,京丹波町,35.16436,135.42305,2
geonames:13156698,city,朝日町,35.03421,136.66436,2
geonames:13156699,city,東員町,35.09466,136.60062,2
geonames:13156700,city,椎葉村,32.46672,131.15754,2
geonames:13156701,city,売木村,35.27109,137.71112,2
geonames:13156702,city,泰阜村,35.37753,137.84602,2
geonames:13156703,city,栄村,36.9876,138.57742,2
geonames:13156704,city,下條村,35.39742,137.78605,2
geonames:13156705,city,南箕輪村,35.87291,137.97503,2
geonames:13156706,city,奈義町,35.12303,134.17743,2
geonames:13156707,city,里庄町,34.5138,133.55687,2
geonames:13156708,city,東秩父村,36.05815,139.19461,2
geonames:13156709,city,鳩山町,35.98146,139.33411,2
geonames:13156710,city,甲良町,35.20411,136.2612,2
geonames:13156711,city,豊郷町,35.20034,136.22989,2
geonames:13156712,city,竜王町,35.0608,136.12453,2
geonames:13156713,city,市貝町,36.5433,140.10204,2
geonames:13156714,city,佐那河内村,33.9931,134.45328,2
geonames:13156715,city,松茂町,34.13377,134.58056,2
geonames:13156735,city,日吉津村,35.44021,133.38079,2
geonames:13156736,city,丹波山村,35.78971,138.92223,2
geonames:13156737,city,小菅村,35.76012,138.94016,2
geonames:13156738,city,昭和町,35.62792,138.53514,2
geonames:13156739,city,南アルプス市,35.60855,138.46473,2
geonames:13192008,ward,秋津町,35.77419,139.49052,2
geonames:13353695,city,中央区,35.67004,139.77544,2
geonames:13353696,city,港区,35.6581,139.7515,3
geonames:13405661,city,Minamidaito,25.82987,131.23234,1
geonames:13665120,city,Ajiharacho,34.66712,135.52815,1
geonames:1847947,city,新宮市,33.73333,135.98333,3
geonames:1847963,city,厚木市,35.44272,139.36931,3
geonames:1847966,city,明石市,34.65524,135.00687,3
geonames:1847968,city,逗子,35.29483,139.57812,2
geonames:1847983,city,善通寺町,34.22699,133.77791,2
geonames:1848004,city,座間市,35.4879,139.39101,3
geonames:1848007,city,ざいしょ,25.83158,131.23039,2
geonames:1848015,city,湯沢町,36.93804,138.81331,3
geonames:1848016,city,遊佐,39.01573,139.92909,2
geonames:1848019,city,ゆやま,32.32872,131.05477,2
geonames:1848028,city,檮原,33.38333,132.91667,2
geonames:1848049,city,由良宿,35.48333,133.75,2
geonames:1848055,city,下呂市,35.8,137.23333,2
geonames:1848057,city,湯尾,35.79324,136.19614,2
geonames:1848062,city,湯前町,32.28333,130.98333,2
geonames:1848087,city,行橋市,33.72873,130.983,3
geonames:1848096,city,結城市,36.3,139.88333,3
geonames:1848113,city,湯河原町,35.15,139.06667,2
geonames:1848124,city,湯泊,30.2347,130.47942,2
geonames:1848131,city,湯浅町,34.03686,135.18041,2
geonames:1848143,city,四辻,35.53333,135.1,2
geonames:1848169,city,吉野町,34.39611,135.85768,2
geonames:1848173,city,Yoshino,33.31667,133.13333,1
geonames:1848188,city,吉川,35.89232,139.84184,2
geonames:1848194,city,Yoshii,36.25,138.98333,1
geonames:1848210,city,吉田春日町,37.68333,138.88333,2
geonames:1848243,city,寄居,36.11567,139.19429,2
geonames:1848244,city,Yorii,33.96667,134.35,1
geonames:1848254,city,中央区,35.88333,139.63333,2
geonames:1848266,city,与那国,24.46667,123,2
geonames:1848277,city,米子市,35.43333,133.33333,3
geonames:1848281,city,与那原町,26.20437,127.75267,2
geonames:1848305,city,横田,35.75,139.38333,2
geonames:1848313,city,横須賀市,35.28361,139.66722,3
geonames:1848329,city,三渓,33.93333,134.48333,2
geonames:1848354,city,横浜市,35.43333,139.65,5
geonames:1848358,ward,横川,35.70484,139.8156,2
geonames:1848373,city,四日,34.96667,136.61667,2
geonames:1848375,city,四日市,33.53537,131.32808,3
geonames:1848382,city,八日市市,35.11626,136.19768,2
geonames:1848439,city,八幡市,34.87009,135.7027,3
geonames:1848445,city,八代市,32.50439,130.59952,3
geonames:1848447,city,八尾町東葛坂,36.56667,137.13333,2
geonames:1848482,city,安来町,35.42146,133.24224,2
geonames:1848487,city,安田町,33.43563,133.98501,2
geonames:1848498,city,Yashiro,34.91667,134.96667,1
geonames:1848499,city,八潮,35.82255,139.83905,3
geonames:1848518,city,八百津,35.46667,137.15,2
geonames:1848522,city,八尾市,34.61667,135.6,3
geonames:1848534,city,魚梁瀬,33.62066,134.11267,2
geonames:1848546,city,柳津町,37.52416,139.72167,2
geonames:1848550,city,柳井,33.96667,132.11667,2
geonames:1848573,city,柳川市,33.16667,130.4,3
geonames:1848593,city,大和高田,34.51667,135.75,2
geonames:1848603,city,大和浜,28.36077,129.39413,2
geonames:1848618,city,山下,33.56554,133.70284,2
geonames:1848633,city,山崎町中広瀬,35,134.55,2
geonames:1848667,city,山北町,35.36344,139.07975,2
geonames:1848689,city,山口市,34.18333,131.46667,3
geonames:1848705,city,山鹿市,33.01667,130.68911,2
geonames:1848717,city,土佐山田町中野,33.6,133.68333,2
geonames:1848764,city,矢掛町,34.62849,133.59237,2
geonames:1848774,city,焼津市,34.86877,138.31952,3
geonames:1848776,city,矢板市,36.8,139.93333,3
geonames:1848778,city,弥彦,37.7,138.83333,2
geonames:1848825,city,Yae,34.68333,132.53333,1
geonames:1848852,city,養父市,35.40304,134.77118,2
geonames:1848859,city,八橋,35.5,133.68333,2
geonames:1848932,city,和木町,34.2,132.21667,2
geonames:1848933,city,脇町,34.06667,134.15,2
geonames:1848935,city,和気町,34.81156,134.14264,2
geonames:1848949,city,若桜町,35.33333,134.4,2
geonames:1848976,city,輪島崎町,37.40458,136.89912,2
geonames:1848979,city,和食,33.52205,133.81144,2
geonames:1848988,city,和泊町,27.38333,128.65,2
geonames:1848991,city,Wadayama,35.31667,134.86667,1
geonames:1849038,city,Uwa,33.36451,132.51267,1
geonames:1849053,city,宇都宮市,36.56667,139.88333,6
geonames:1849069,city,宇土,32.68333,130.66667,2
geonames:1849073,city,宇多津町,34.3,133.81667,2
geonames:1849094,city,臼杵市,33.12342,131.80401,3
geonames:1849154,city,牛深市,32.20142,130.02171,2
geonames:1849155,city,宇出津,37.30791,137.15219,2
geonames:1849183,city,嬉野町下宿,33.11358,130.00292,2
geonames:1849186,city,浦安市,35.65879,139.90055,2
geonames:1849198,city,浦佐,37.16804,138.92424,2
geonames:1849237,city,魚津市,36.8,137.4,3
geonames:1849294,city,海ノ口,36,138.5,2
geonames:1849299,city,宇美,33.56826,130.51009,2
geonames:1849306,city,Umeki,31.66667,130.38333,1
geonames:1849347,city,宇検村,28.3,129.23333,2
geonames:1849367,city,Ujiie,36.68333,139.96667,1
geonames:1849372,city,宇治市,34.89044,135.80325,3
geonames:1849407,city,上野原市,35.61667,139.11667,3
geonames:1849414,city,上野恵美須町,34.75856,136.13108,2
geonames:1849417,ward,上野,35.70524,139.77352,2
geonames:1849424,city,うえきまちもうの,32.89964,130.68898,2
geonames:1849429,city,上田市,36.40265,138.28161,3
geonames:1849442,city,鵜殿村,33.737,136.01113,2
geonames:1849498,city,宇部市,33.94306,131.25111,3
geonames:1849519,city,津山市,35.05215,133.99885,3
geonames:1849523,city,Tsuwano,34.46667,131.76667,1
geonames:1849539,city,津島,35.16667,136.71667,2
geonames:1849561,city,鶴崎,33.24528,131.69165,2
geonames:1849563,city,鶴岡市,38.72167,139.82167,3
geonames:1849584,city,鶴来朝日町,36.45,136.63333,2
geonames:1849592,city,敦賀市,35.653,136.06331,3
geonames:1849594,city,鶴田,31.95,130.48333,2
geonames:1849621,city,都農町,32.25,131.56667,2
geonames:1849633,city,つなぎ,32.23616,130.47617,2
geonames:1849637,city,つもり,34.64652,135.48128,2
geonames:1849647,city,Tsuma,32.1,131.4,1
geonames:1849661,city,津久見,33.07539,131.86907,2
geonames:1849675,city,月夜野町,36.68818,138.98632,2
geonames:1849693,ward,築地,35.66487,139.77004,2
geonames:1849706,city,塚脇,33.27668,131.15628,2
geonames:1849715,city,Tsukabaru,32.51667,131.33333,1
geonames:1849729,city,築城,33.67307,131.03776,2
geonames:1849733,city,津波,26.65753,128.09412,2
geonames:1849740,city,津川町,37.68105,139.45826,2
geonames:1849782,city,津幡,36.67012,136.7403,2
geonames:1849788,city,燕市,37.6645,138.92518,3
geonames:1849796,city,津市,34.73333,136.51667,5
geonames:1849814,city,豊田市,35.08333,137.15,3
geonames:1849815,ward,豊洲,35.65087,139.79163,2
geonames:1849817,city,Toyoshina,36.29991,137.90108,1
geonames:1849823,city,豊郷,36.92115,138.4463,2
geonames:1849831,city,豊岡市,35.54008,134.82038,3
geonames:1849837,city,豊中,34.78244,135.46932,2
geonames:1849845,city,豊川市,34.81667,137.4,3
geonames:1849846,city,豊橋市,34.76667,137.38333,3
geonames:1849850,city,豊浜,34.70933,136.93425,2
geonames:1849856,city,Toyoda,35.65,139.38333,1
geonames:1849857,city,豊田,35.01667,136.66667,2
geonames:1849876,city,富山市,36.7,137.21667,3
geonames:1849892,city,鳥取市,35.5,134.23333,5
geonames:1849904,city,鳥栖市,33.36667,130.51667,3
geonames:1849944,city,上土佐,34.44505,135.80133,2
geonames:1849995,ward,虎ノ門,35.66821,139.7442,2
geonames:1850004,city,土庄町,34.48047,134.17017,3
geonames:1850034,city,富田林市,34.50065,135.60211,3
geonames:1850052,city,鞆浦,33.59043,134.35957,2
geonames:1850091,city,富岡市,36.25411,138.89813,3
geonames:1850093,city,富岡,32.51857,130.0359,2
geonames:1850108,city,豊見城,26.18583,127.68192,2
geonames:1850147,city,東京,35.6895,139.69171,4
geonames:1850152,city,Tokuyama,34.05,131.81667,1
geonames:1850158,city,徳島市,34.06667,134.56667,4
geonames:1850181,city,所沢市,35.79916,139.46903,3
geonames:1850185,city,常滑市,34.88333,136.85,3
geonames:1850187,city,Tōkōji,33.93333,135.13333,1
geonames:1850207,city,土岐市,35.35,137.18333,3
geonames:1850213,city,渡嘉敷村,26.19808,127.3634,2
geonames:1850217,city,十日町,37.13333,138.76667,2
geonames:1850233,city,とうじ,32.4,130.83333,2
geonames:1850244,city,土肥,34.90169,138.79995,2
geonames:1850264,city,Togōchi,34.56667,132.23333,1
geonames:1850269,city,時津町,32.83333,129.85,2
geonames:1850307,city,栃尾本町,37.47642,138.99513,2
geonames:1850311,city,栃木市,36.38333,139.73333,3
geonames:1850345,city,鳥羽市,34.4833,136.84186,3
geonames:1850396,city,天理市,34.58333,135.83333,3
geonames:1850399,ward,天王洲,35.62271,139.75118,2
geonames:1850405,city,天王,39.9,139.96667,2
geonames:1850452,city,天萬,35.37599,133.36492,2
geonames:1850472,city,Tawaramoto,34.5542,135.79297,1
geonames:1850498,city,辰野町,35.98426,137.99721,3
geonames:1850499,city,龍野町富永,34.86437,134.552,2
geonames:1850506,city,立岩,36.68333,139.1,2
geonames:1850508,city,龍郷町,28.45,129.6,2
geonames:1850523,city,館山市,34.98333,139.86667,3
geonames:1850559,city,館林市,36.25,139.53333,3
geonames:1850589,city,垂水,31.48333,130.7,2
geonames:1850600,city,垂井町,35.36667,136.53333,2
geonames:1850617,city,たらぎ,32.26667,130.93333,2
geonames:1850621,city,太良町,33.02435,130.17838,2
geonames:1850627,city,田主丸町豊城,33.35,130.68333,2
geonames:1850630,city,田沼町,36.36667,139.58333,2
geonames:1850654,city,Tano,33.41667,134.01667,1
geonames:1850692,city,西東京市,35.72526,139.5383,3
geonames:1850693,ward,田無町,35.72922,139.53813,2
geonames:1850707,city,田辺,34.82242,135.76604,2
geonames:1850708,city,田辺市,33.73333,135.36667,3
geonames:1850732,city,田丸,34.48333,136.63333,2
geonames:1850742,city,玉野市,34.51745,133.94574,3
geonames:1850745,city,玉名市,32.94716,130.57446,3
geonames:1850746,city,玉村町,36.3,139.11667,2
geonames:1850761,ward,玉川,35.61553,139.62426,2
geonames:1850791,city,滝宮,34.24643,133.92296,2
geonames:1850818,city,武豊町,34.85,136.91667,2
geonames:1850834,city,武雄市,33.19009,130.02084,2
geonames:1850837,city,竹内,36.70707,137.30578,2
geonames:1850860,city,竹原市,34.33833,132.91667,3
geonames:1850872,city,武生市,35.90393,136.16687,2
geonames:1850878,ward,Takedamachi,32.96667,131.4,1
geonames:1850892,city,高山市,36.13333,137.25,3
geonames:1850910,city,高槻市,34.84833,135.61678,2
geonames:1851002,city,高崎市,36.33333,139.01667,3
geonames:1851004,city,高坂,36,139.4,2
geonames:1851012,city,宝塚市,34.79936,135.35697,3
geonames:1851032,city,高岡市,36.75,137.01667,3
geonames:1851045,city,鷹巣,32.2,130.18333,2
geonames:1851047,city,高野町,36.16518,138.48301,2
geonames:1851064,ward,高輪,35.63212,139.73423,2
geonames:1851068,city,高鍋町,32.13333,131.5,2
geonames:1851079,city,たかもり,32.81959,131.12704,2
geonames:1851100,city,高松市,34.33333,134.05,5
geonames:1851115,city,Takajō,32.16667,131.48333,1
geonames:1851125,city,高石,34.51667,135.43333,2
geonames:1851126,city,高池,33.53333,135.81667,2
geonames:1851137,city,高梁,34.78333,133.61667,2
geonames:1851141,city,Takaharu,31.91667,131.01667,1
geonames:1851154,city,高浜町,35.49003,135.54983,2
geonames:1851155,city,高浜市,34.91667,136.98333,2
geonames:1851169,city,高田,35.3,136.56667,2
geonames:1851170,city,高田,33.5567,131.44506,2
geonames:1851176,city,高坊,34.12828,134.534,2
geonames:1851193,city,多治見市,35.31667,137.13333,3
geonames:1851225,city,Taira,35.63333,137.33333,1
geonames:1851230,city,東村,26.63149,128.15117,2
geonames:1851250,city,太地町,33.58333,135.95,2
geonames:1851259,city,田原市,34.66799,137.26736,3
geonames:1851273,city,田川市,33.63333,130.8,3
geonames:1851279,city,多賀,35.22634,136.28626,2
geonames:1851282,city,多度津町,34.275,133.75,2
geonames:1851286,city,忠岡東,34.48735,135.39898,2
geonames:1851292,city,只見,37.35,139.31667,2
geonames:1851319,city,大刀洗町,33.4,130.61667,2
geonames:1851323,city,Tabuse,33.95,132.06667,1
geonames:1851329,ward,田端,35.73571,139.75764,2
geonames:1851348,city,鈴鹿市,34.88333,136.58333,3
geonames:1851357,city,須坂市,36.65,138.31667,3
geonames:1851368,city,諏訪市,36.03799,138.11308,3
geonames:1851383,city,周参見,33.55,135.5,2
geonames:1851390,city,須崎市,33.39471,133.29128,2
geonames:1851426,city,洲本,34.34322,134.88911,2
geonames:1851440,city,住吉,34.75,138.25,2
geonames:1851454,ward,墨田,35.73289,139.82085,2
geonames:1851462,city,宿毛市,32.93333,132.73333,3
geonames:1851483,city,吹田市,34.76143,135.51567,3
geonames:1851494,city,水原,37.84608,139.23039,2
geonames:1851504,city,杉戸,36.03107,139.72636,2
geonames:1851532,city,菅浜,35.65604,135.97298,2
geonames:1851542,city,末吉町二之方,31.65,131.01667,2
geonames:1851578,city,彼杵宿郷,33.03689,129.91964,2
geonames:1851604,city,草加,35.83643,139.79957,2
geonames:1851606,city,総社,34.67534,133.75091,2
geonames:1851617,city,添田町,33.57177,130.85403,2
geonames:1851622,city,Sobue,35.25,136.71667,1
geonames:1851632,city,修善寺町,34.97008,138.92187,2
geonames:1851648,city,宿郷,33.13585,129.89051,2
geonames:1851656,city,生山,35.16667,133.31667,2
geonames:1851711,city,菖蒲,36.06667,139.6,2
geonames:1851713,city,庄原市,34.85,133.01667,2
geonames:1851717,city,静岡市,34.98333,138.38333,4
geonames:1851731,city,Shimo-ichigi,33.8305,136.05145,1
geonames:1851751,city,設楽町,35.1,137.56667,2
geonames:1851813,city,白根市,37.76354,139.02199,3
geonames:1851883,city,白岡,36.01839,139.66034,2
geonames:1851935,city,白浜町宇佐崎南,34.78333,134.71667,2
geonames:1851936,city,白浜町,33.68333,135.35,2
geonames:1851939,city,しらはま,24.36097,123.74836,2
geonames:1851952,city,塩沢町,37.03757,138.84867,2
geonames:1852003,city,塩尻市,36.1,137.96667,3
geonames:1852046,city,新城市,34.9,137.5,3
geonames:1852092,city,新庄村,35.16667,133.56667,2
geonames:1852102,city,新市,34.55543,133.27297,2
geonames:1852109,city,新宮町,33.71399,130.4313,3
geonames:1852139,city,品川区,33.63627,133.00572,2
geonames:1852148,city,下弓削,34.92427,133.96386,2
geonames:1852163,city,下妻,36.18333,139.96667,2
geonames:1852192,city,Shimosuwa,36.0713,138.08201,1
geonames:1852198,city,下関,38.09131,139.55984,2
geonames:1852225,city,下关市,33.95548,130.93713,2
geonames:1852237,city,下仁田町,36.21667,138.78333,2
geonames:1852310,city,下池原,34.03729,135.96602,2
geonames:1852314,city,下市,34.37089,135.78766,2
geonames:1852336,city,下加茂,34.86223,133.81175,2
geonames:1852347,city,下館市,36.3,139.98333,2
geonames:1852357,city,下田市,34.67652,138.94456,2
geonames:1852358,city,Shimoda,32.94584,132.98635,1
geonames:1852362,city,下渕,34.38617,135.7871,2
geonames:1852383,city,湊,34.2152,135.1501,2
geonames:1852385,city,西新湊,36.77957,137.07576,2
geonames:1852421,city,清水,28.13692,129.33067,2
geonames:1852472,city,島田市,34.81667,138.18333,3
geonames:1852479,city,島原市,32.78333,130.36667,3
geonames:1852481,city,志摩市,34.33333,136.83333,2
geonames:1852493,city,式根島,34.32713,139.21823,2
geonames:1852502,city,志木市,35.83333,139.58333,3
geonames:1852534,city,椎田,33.65341,131.05797,2
geonames:1852561,city,志度,34.32333,134.17333,2
geonames:1852576,city,七條,34.11945,134.40556,2
geonames:1852588,city,志布志市,31.476,131.10114,3
geonames:1852595,city,渋川市,36.48333,139,3
geonames:1852607,city,新発田市,37.95,139.33333,3
geonames:1852610,ward,新橋,35.6638,139.75517,2
geonames:1852615,ward,海岸,35.64901,139.75928,2
geonames:1852619,ward,浜松町,35.65545,139.75547,3
geonames:1852643,city,摂津,34.77819,135.59512,2
geonames:1852663,city,瀬戸市,35.23333,137.1,3
geonames:1852673,city,瀬高町高柳,33.14858,130.46548,2
geonames:1852676,ward,梅丘,35.6551,139.65383,2
geonames:1852719,ward,Senju,35.74888,139.80261,1
geonames:1852736,city,川内市,31.81667,130.3,3
geonames:1852775,city,関,35.48333,136.91667,2
geonames:1852776,city,関町,33.06336,130.54258,2
geonames:1852788,city,関ケ原,35.36667,136.46667,2
geonames:1852795,city,せきちょうふるまや,34.85,136.4,2
geonames:1852831,city,佐用町,35.00268,134.35896,2
geonames:1852841,city,佐原,34.39579,136.40723,2
geonames:1852849,city,幸手,36.07254,139.72615,2
geonames:1852864,city,里,33.9603,135.11896,2
geonames:1852890,city,さしき,32.30173,130.50376,2
geonames:1852899,city,佐世保市,33.16834,129.72502,3
geonames:1852901,city,篠山市,35.06667,135.21667,3
geonames:1852915,city,篠栗町,33.61561,130.55105,3
geonames:1852929,city,佐留志,33.21667,130.16667,2
geonames:1852932,city,猿橋,35.61667,138.98333,2
geonames:1852964,city,佐野市,36.31667,139.58333,3
geonames:1852984,city,三条市,37.61667,138.95,3
geonames:1852998,city,三ヶ所,32.68176,131.20833,2
geonames:1853008,city,三田町,34.88444,135.22694,2
geonames:1853066,city,桜井市,34.5,135.85,3
geonames:1853081,city,佐久市,36.21667,138.48333,3
geonames:1853127,city,佐川町,33.50744,133.28478,2
geonames:1853140,city,酒田市,38.91667,139.855,3
geonames:1853163,city,坂城町,36.46667,138.18333,2
geonames:1853174,city,境港市,35.53774,133.23094,3
geonames:1853190,city,坂出町,34.32278,133.8356,2
geonames:1853192,city,境中島,36.26667,139.25,2
geonames:1853193,city,境町,36.1,139.8,3
geonames:1853194,city,境,34.95535,133.9117,2
geonames:1853195,city,堺,34.58216,135.46653,2
geonames:1853209,city,坂戸市,35.95694,139.38889,3
geonames:1853213,city,坂町,34.33333,132.51667,2
geonames:1853229,city,西窪,36.52239,138.54044,2
geonames:1853230,city,斎宮,34.53333,136.63333,2
geonames:1853237,city,佐伯市,32.95,131.9,3
geonames:1853243,city,西城町,34.93333,133.11667,2
geonames:1853280,city,相良町,34.68503,138.20461,3
geonames:1853303,city,佐賀市,33.23333,130.3,4
geonames:1853318,city,貞光,34.03167,134.07063,2
geonames:1853338,city,鯖江市,35.94647,136.18498,3
geonames:1853354,city,Ryūō,35.65,138.5,1
geonames:1853356,city,竜舞町,36.28333,139.41667,2
geonames:1853371,city,両津湊,38.07817,138.43939,2
geonames:1853433,city,大津町,32.8804,130.87161,3
geonames:1853449,city,Ō-zanuki,36.2,139.51667,1
geonames:1853483,city,小山,36.3,139.8,2
geonames:1853485,city,小山,35.35693,138.99759,2
geonames:1853486,city,大山,34.60359,138.21719,2
geonames:1853514,city,尾鷲,34.06667,136.2,2
geonames:1853516,city,大割野,37.01169,138.65466,2
geonames:1853545,city,宇陀,34.46667,135.93333,2
geonames:1853564,city,大月市,35.61851,138.97396,3
geonames:1853574,city,大津市,35,135.86667,6
geonames:1853599,city,乙母,36.08491,138.77431,2
geonames:1853659,city,王滝村,35.8,137.55,2
geonames:1853662,city,大竹,34.20754,132.22063,2
geonames:1853677,city,太田,36.3,139.36667,2
geonames:1853700,city,杉,33.75331,133.66236,2
geonames:1853710,city,大塩,37.66667,139.98333,2
geonames:1853743,city,大島,36.98711,136.77249,2
geonames:1853909,city,大阪市,34.69379,135.50107,3
geonames:1853965,city,小沼,35.51667,138.85,2
geonames:1853992,city,尾道市,34.41667,133.2,3
geonames:1854018,city,Onoda,34.00139,131.18361,1
geonames:1854022,city,大野,35.98106,136.48727,2
geonames:1854026,city,小野市,34.85,134.93333,3
geonames:1854028,city,大野原,34.28333,132.26667,2
geonames:1854037,city,恩納村,26.49543,127.85098,2
geonames:1854083,city,大牟田市,33.03333,130.45,3
geonames:1854093,city,大村,32.92139,129.95389,3
geonames:1854109,ward,大森,35.56667,139.73333,2
geonames:1854129,city,Ōmiya,36.73333,139.86667,1
geonames:1854157,city,麻績村,36.45,138.05,2
geonames:1854162,city,青梅市,35.78389,139.24306,3
geonames:1854177,city,大間々町大間々,36.43181,139.27534,2
geonames:1854186,city,大町,36.5,137.86667,2
geonames:1854189,city,大町,33.21882,130.11966,2
geonames:1854237,city,Okugano,34.41667,131.83333,1
geonames:1854246,city,大口篠原,32.06779,130.62439,2
geonames:1854255,city,大久保中,34.4045,135.34087,2
geonames:1854371,city,桶川市,36,139.55722,3
geonames:1854376,city,岡崎市,34.95,137.16667,3
geonames:1854383,city,岡山市,34.65,133.93333,4
geonames:1854384,city,岡谷,36.05659,138.0451,2
geonames:1854405,city,大川市,33.20566,130.37527,3
geonames:1854437,city,Ōka,34.5,136.55,1
geonames:1854444,city,小千谷,37.3,138.8,2
geonames:1854460,ward,王子,35.75736,139.7372,2
geonames:1854487,city,大分市,33.23333,131.6,4
geonames:1854492,city,大磯,35.31558,139.31625,2
geonames:1854530,city,おおい,35.85091,139.51998,2
geonames:1854611,city,小国町,38.06153,139.74809,2
geonames:1854626,city,越生,35.95889,139.29,2
geonames:1854629,city,小郡下郷,34.1,131.4,2
geonames:1854640,city,おおぎみ,26.70119,128.11731,2
geonames:1854648,ward,おぎくぼ,35.69822,139.62372,2
geonames:1854665,city,小川町,36.05342,139.26612,3
geonames:1854667,city,緒川,34.96667,136.96667,2
geonames:1854691,city,小鹿野,36.02191,139.00301,2
geonames:1854703,city,大垣市,35.35,136.61667,3
geonames:1854742,city,大寺　,37.55811,139.98798,2
geonames:1854747,city,小田原市,35.25556,139.15972,3
geonames:1854774,city,大田町大田,35.19025,132.50846,3
geonames:1854794,city,越知町,33.53333,133.25,2
geonames:1854798,city,小布施,36.69595,138.31404,2
geonames:1854803,city,大府市,35.01756,136.94947,3
geonames:1854807,city,Obita,32.81667,129.88333,1
geonames:1854826,city,小幡,36.23333,138.91667,2
geonames:1854835,city,小原,35.08333,132.58333,2
geonames:1854849,city,小浜市,35.49576,135.74604,3
geonames:1854868,city,入膳,36.93744,137.50059,2
geonames:1854902,city,沼津市,35.1,138.86667,3
geonames:1854905,city,沼田市,36.63333,139.05,3
geonames:1854923,city,東野添,34.7175,134.88162,2
geonames:1854926,city,野沢,37.58725,139.64676,2
geonames:1854979,city,野々,36.53333,136.61667,2
geonames:1855034,city,野尻,35.67257,137.63535,2
geonames:1855066,city,直方,33.74051,130.72263,2
geonames:1855078,city,野田市,35.94897,139.86793,3
geonames:1855087,city,おおやのまちのぼりたて,32.59647,130.43411,2
geonames:1855095,city,延岡市,32.58333,131.66667,3
geonames:1855131,city,西屋,35.16667,133.88333,2
geonames:1855134,city,西脇,34.98419,134.97407,2
geonames:1855153,city,西田原,34.95556,134.76835,2
geonames:1855189,city,西尾市,34.86667,137.05,3
geonames:1855203,city,西之表市,30.73333,131,3
geonames:1855207,city,西宮市,34.71562,135.33199,2
geonames:1855215,ward,西日暮里,35.73264,139.76961,2
geonames:1855224,city,仁科,34.77528,138.77523,2
geonames:1855341,city,西原町,26.25353,127.74352,2
geonames:1855349,ward,西新井,35.78469,139.77882,2
geonames:1855363,city,韮崎,35.7,138.45,2
geonames:1855380,city,二宮,35.3015,139.25581,2
geonames:1855395,city,日光市,36.75,139.61667,3
geonames:1855410,city,新津市,37.80024,139.1224,2
geonames:1855416,city,新見,34.98333,133.46667,2
geonames:1855425,city,新居浜市,33.96047,133.30522,3
geonames:1855431,city,新潟市,37.92259,139.04125,3
geonames:1855452,city,日本橋茅場町,35.67923,139.77872,2
geonames:1855476,city,日南市,31.6,131.36667,3
geonames:1855495,city,根雨,35.23538,133.44658,2
geonames:1855525,city,根岸町,35.41903,139.64237,2
geonames:1855534,city,根府川,35.20379,139.12625,2
geonames:1855537,city,根羽村,35.25,137.58333,2
geonames:1855540,city,名瀬市,28.36667,129.48333,2
geonames:1855580,city,鳴門,34.19933,134.60932,2
geonames:1855612,city,奈良市,34.68505,135.80485,4
geonames:1855670,city,七尾市,37.04816,136.96795,3
geonames:1855694,city,滑川市,36.75965,137.36215,3
geonames:1855697,city,南部町,35.28333,138.45,2
geonames:1855713,city,今帰仁村,26.67583,127.97167,2
geonames:1855719,city,Nakazawa,35.98333,138.21667,1
geonames:1855729,city,中山,36.63333,138.96667,2
geonames:1855753,city,中津川市,35.48333,137.5,3
geonames:1855757,city,中津市,33.59811,131.1883,3
geonames:1855816,city,中之島,29.86667,129.86667,2
geonames:1855847,city,中野,25.94567,131.31144,2
geonames:1855849,city,中之上,30.41472,130.9056,2
geonames:1855852,city,中之条町,36.58717,138.84083,2
geonames:1855863,city,中野,36.75,138.36667,2
geonames:1855891,city,中村市,32.98333,132.93333,2
geonames:1855907,city,中間市,33.81688,130.70962,3
geonames:1855925,city,Naka-kawabe,35.48333,137.06667,1
geonames:1855988,city,中川,37.47167,139.52902,2
geonames:1856033,city,Nahari,33.41667,134.01667,1
geonames:1856035,city,那覇市,26.213,127.67851,6
geonames:1856057,city,名古屋市,35.18147,136.90641,6
geonames:1856068,city,名護,26.61502,127.98543,2
geonames:1856112,ward,永田町,35.67937,139.74009,2
geonames:1856117,city,永田,30.39516,130.42548,2
geonames:1856120,city,長洲町,32.93257,130.44284,2
geonames:1856177,city,長崎市,32.75,129.88333,4
geonames:1856184,city,流山市,35.8563,139.90266,3
geonames:1856199,city,長岡市,37.45,138.85,3
geonames:1856212,city,長野原町,36.55,138.63333,2
geonames:1856215,city,長野市,36.65,138.18333,4
geonames:1856243,city,長浜市,35.38333,136.26667,3
geonames:1856293,city,名張市,34.61667,136.08333,3
geonames:1856367,city,武蔵野市,35.70611,139.55944,3
geonames:1856392,city,室戸市,33.28662,134.16832,2
geonames:1856411,city,牟礼,36.75124,138.24018,2
geonames:1856415,city,村所,32.23333,131.15,2
geonames:1856426,city,村松町,37.69257,139.17127,3
geonames:1856434,city,村上市,38.23333,139.48333,3
geonames:1856456,city,向日,34.96545,135.70415,2
geonames:1856472,city,向粟崎,36.63246,136.63726,2
geonames:1856476,city,六日町,37.06667,138.88333,2
geonames:1856488,city,牟岐浦,33.66585,134.42293,2
geonames:1856503,city,本山町,33.79399,133.58105,2
geonames:1856545,city,諸輪,35.1,137.06667,2
geonames:1856560,city,Morohongō,35.93556,139.30444,1
geonames:1856569,city,守山,35.06667,135.98333,2
geonames:1856584,city,守口市,34.73333,135.56667,3
geonames:1856586,city,森町,34.83333,137.93333,3
geonames:1856667,city,瑞浪市,35.36667,137.25,3
geonames:1856698,city,三次市,34.8,132.85,3
geonames:1856703,city,宮津市,35.53638,135.19934,3
geonames:1856717,city,宮崎市,31.91667,131.41667,4
geonames:1856741,city,Miyanoura,30.4269,130.57151,1
geonames:1856745,city,宮下,37.47104,139.64216,2
geonames:1856755,city,みやはら,33.12266,131.07011,2
geonames:1856775,city,都城市,31.73333,131.06667,3
geonames:1856798,city,Miyajima,34.29907,132.32186,1
geonames:1856826,city,宮田村,35.76667,137.95,3
geonames:1856828,city,宮田町,33.70811,130.65297,3
geonames:1856860,city,満島俘虜収容所,35.26667,137.85,2
geonames:1856878,city,見附,37.53333,138.93333,2
geonames:1856881,city,Mitsukaidō,36.01667,139.98333,1
geonames:1856938,city,御嵩町,35.41667,137.13333,2
geonames:1856946,city,三田井,32.7,131.3,2
geonames:1856977,city,三島市,35.11667,138.91667,3
geonames:1857046,city,箕面市,34.82691,135.47057,2
geonames:1857062,city,美濃,35.53333,136.91667,2
geonames:1857106,city,湊,34.63771,138.89164,2
geonames:1857114,city,三成,35.2,133,2
geonames:1857117,city,皆野,36.07356,139.09994,2
geonames:1857122,city,南浦,33.72256,131.64696,2
geonames:1857144,city,南林間,35.49527,139.44279,2
geonames:1857201,ward,みなみあおやま,35.66463,139.71547,2
geonames:1857208,city,水俣市,32.21667,130.4,3
geonames:1857209,city,水口町的場,34.96667,136.16667,2
geonames:1857219,city,みなべ町,33.76857,135.31845,2
geonames:1857238,city,御来屋,35.51242,133.49737,2
geonames:1857260,city,Mikuni,36.21494,136.14832,1
geonames:1857276,city,三木市,34.8,134.98333,3
geonames:1857334,city,三原市,34.4,133.08333,3
geonames:1857343,city,御船町,32.71667,130.8222,2
geonames:1857357,city,Mie,32.96667,131.58333,1
geonames:1857363,city,南木曽町,35.6086,137.61063,2
geonames:1857379,city,壬生町,36.41667,139.8,2
geonames:1857403,city,妻沼町,36.22245,139.38205,3
geonames:1857450,city,松崎,35.46667,133.9,2
geonames:1857451,city,松崎町,34.75326,138.77613,2
geonames:1857470,city,Matsutō,36.51667,136.56667,1
geonames:1857519,city,松本市,36.23333,137.96667,3
geonames:1857550,city,松江市,35.48333,133.05,6
geonames:1857553,city,松戸市,35.77995,139.90144,3
geonames:1857558,city,松田惣領,35.35063,139.13861,2
geonames:1857560,city,松原,32.65,130.66667,2
geonames:1857567,city,松原,38.02778,139.99122,2
geonames:1857568,city,松原,34.56667,135.55,2
geonames:1857593,city,Masuda,35.55,137.25,1
geonames:1857594,city,益田市,34.66667,131.85,2
geonames:1857651,city,丸岡町,36.1534,136.27029,2
geonames:1857659,city,上丸子,36.31865,138.27329,2
geonames:1857665,city,丸亀市,34.28333,133.78333,3
geonames:1857692,city,真鶴町,35.15311,139.13911,2
geonames:1857708,city,万場,36.11667,138.91667,2
geonames:1857712,city,枕崎,31.26667,130.31667,2
geonames:1857737,city,まきのはらし,34.77437,138.14831,2
geonames:1857751,city,真木,37.75,138.88333,2
geonames:1857766,city,舞鶴市,35.45,135.33333,3
geonames:1857769,city,米原市,35.31667,136.28333,2
geonames:1857775,ward,西馬込,35.58878,139.70397,2
geonames:1857843,city,前橋市,36.4,139.08333,6
geonames:1857844,city,前原中央,33.55916,130.20148,2
geonames:1857871,city,町田市,35.54028,139.45083,3
geonames:1857910,city,京都市,35.02107,135.75385,3
geonames:1857918,city,Kyōmendao,34.88333,132.43333,1
geonames:1858033,city,串本町,33.46839,135.77909,2
geonames:1858041,city,串木野市,31.71667,130.26667,2
geonames:1858066,city,草津町,36.61667,138.6,3
geonames:1858067,city,草津,35.01667,135.96667,2
geonames:1858088,city,久留米市,33.31667,130.51667,3
geonames:1858187,city,黒野,35.46667,136.63333,2
geonames:1858249,city,Kuroda,35.35,136.78333,1
geonames:1858272,city,栗生,30.27123,130.4236,2
geonames:1858278,city,Kurino,31.95,130.71667,1
geonames:1858283,city,栗橋町,36.13333,139.7,2
geonames:1858286,city,くりはま,35.22796,139.70212,2
geonames:1858296,city,吳市,34.23222,132.56658,2
geonames:1858301,city,倉吉市,35.43333,133.81667,3
geonames:1858311,city,倉敷市,34.58333,133.76667,3
geonames:1858321,ward,蔵前,35.70328,139.79055,2
geonames:1858421,city,熊本市,32.80589,130.69181,3
geonames:1858428,city,熊谷市,36.13497,139.39004,3
geonames:1858431,city,熊川,35.44361,135.90139,2
geonames:1858445,city,久喜,36.06739,139.67498,2
geonames:1858492,city,九度山,34.28914,135.56035,2
geonames:1858498,city,下松,34.00964,131.86637,2
geonames:1858557,city,神津島村,34.2,139.13333,2
geonames:1858571,city,国府津,35.28173,139.20895,2
geonames:1858579,city,Kōzan,34.58333,133.05,1
geonames:1858591,ward,小坂井町,34.8,137.35889,2
geonames:1858667,city,琴平町,34.18333,133.81667,2
geonames:1858681,city,神足,34.92097,135.70547,2
geonames:1858711,city,小島,30.23461,130.53517,2
geonames:1858729,city,越谷市,35.89035,139.78916,3
geonames:1858740,city,小瀬田,30.38796,130.64924,2
geonames:1858794,city,鴻巣,36.06868,139.51684,2
geonames:1858809,city,このは,32.91884,130.62716,2
geonames:1858836,city,江南,35.33165,136.87042,2
geonames:1858858,city,小諸市,36.31667,138.43333,3
geonames:1858864,city,小森,33.98333,135.78333,2
geonames:1858866,city,菰野,35,136.51667,2
geonames:1858902,city,小松島町,34,134.58333,3
geonames:1858910,city,小松市,36.40263,136.45088,3
geonames:1858926,city,小牧市,35.28333,136.91667,2
geonames:1858928,ward,こまごめ,35.73868,139.74065,2
geonames:1858944,city,駒場,35.43333,137.73333,2
geonames:1858964,city,国分寺市,35.70222,139.47556,3
geonames:1858972,city,国分,31.73333,130.76667,2
geonames:1859036,city,小石原,33.47142,130.82962,2
geonames:1859079,city,久能寺,35.40995,134.25491,2
geonames:1859093,city,古河市,36.18333,139.71667,3
geonames:1859094,city,古賀,33.73333,130.46667,2
geonames:1859100,city,甲府市,35.66667,138.56667,5
geonames:1859113,city,児玉町児玉南,36.18497,139.13191,2
geonames:1859143,city,河津町,34.70009,138.93739,2
geonames:1859146,city,高知市,33.55,133.53333,3
geonames:1859171,city,神户市,34.6913,135.183,7
geonames:1859175,city,小林,31.98333,130.98333,2
geonames:1859178,city,小畠,34.70581,133.25035,2
geonames:1859186,city,Ko-bae,32.46667,131.38333,1
geonames:1859210,city,清須市,35.21667,136.83333,2
geonames:1859234,city,杵築,33.41998,131.61837,2
geonames:1859307,city,北九州市,33.85181,130.85034,3
geonames:1859319,city,喜多方市,37.65,139.86667,3
geonames:1859335,city,Kitahama,35.16667,135.91667,1
geonames:1859355,city,北方町,35.43333,136.68333,2
geonames:1859383,city,岸和田市,34.46667,135.36667,3
geonames:1859384,city,岸本,35.38333,133.41667,2
geonames:1859388,city,喜舎場,26.30328,127.79396,2
geonames:1859393,city,木更津市,35.38329,139.93254,3
geonames:1859400,city,騎西,36.1,139.58333,2
geonames:1859405,city,桐生市,36.4,139.33333,3
geonames:1859432,ward,錦糸,35.69885,139.81418,2
geonames:1859436,city,Kinoshita,35.90059,137.98777,1
geonames:1859462,city,金武町,26.45222,127.91778,2
geonames:1859479,city,菊名,35.50355,139.63499,2
geonames:1859492,city,菊池市,32.98333,130.81667,3
geonames:1859521,city,吉祥寺本町,35.70558,139.57694,2
geonames:1859586,city,加須市,36.11667,139.6,3
geonames:1859619,city,Kawatana,33.06667,129.86667,1
geonames:1859642,city,川崎市,35.52056,139.71722,3
geonames:1859647,city,川崎町,33.59993,130.81495,3
geonames:1859661,city,香春町,33.66937,130.8426,2
geonames:1859675,city,川西市,34.81667,135.41667,3
geonames:1859687,city,川本町,34.98333,132.5,2
geonames:1859688,city,川南,32.18333,131.51667,2
geonames:1859716,city,川合,34.24681,135.85864,2
geonames:1859730,city,川口市,35.80521,139.71072,3
geonames:1859732,city,川口,33.80208,134.46759,2
geonames:1859740,city,川越市,35.90861,139.48528,3
geonames:1859765,city,勝山市,36.06173,136.50101,3
geonames:1859773,city,Katsuura,33.63075,135.94035,1
geonames:1859811,city,勝間田,35.03333,134.11667,2
geonames:1859864,city,片桐,35.63442,137.9258,2
geonames:1859882,city,Kasumi,35.63333,134.63333,1
geonames:1859884,city,粕壁,35.98308,139.74966,2
geonames:1859891,city,春日井市,35.24762,136.97229,3
geonames:1859908,city,柏崎市,37.36667,138.55,3
geonames:1859913,city,Kashiwara,34.45,135.76667,1
geonames:1859923,city,柏原,36.80237,138.19225,2
geonames:1859924,city,柏市,35.86224,139.97732,3
geonames:1859941,city,鹿島市,33.10611,130.09056,3
geonames:1859951,city,橿原市,34.50896,135.7929,3
geonames:1859952,city,柏原,34.58333,135.61667,2
geonames:1859964,city,加世田白亀,31.41667,130.31667,2
geonames:1859990,city,笠岡,34.50597,133.50391,2
geonames:1859998,city,笠松町,35.36667,136.76667,2
geonames:1860009,city,笠置町,34.75,135.93333,2
geonames:1860026,city,軽井沢,36.35,138.63333,2
geonames:1860034,city,刈谷市,34.98333,136.98333,3
geonames:1860039,city,刈羽村,37.42975,138.61879,2
geonames:1860063,city,唐津市,33.4425,129.96972,3
geonames:1860095,city,神埼町神埼,33.30895,130.37383,2
geonames:1860098,city,鹿沼市,36.55,139.73333,3
geonames:1860112,city,鹿屋市,31.38333,130.85,3
geonames:1860122,city,観音寺町,34.1276,133.64598,2
geonames:1860139,city,甲浦,33.55,134.3,2
geonames:1860176,city,神辺町八尋,34.55808,133.41796,2
geonames:1860191,city,蟹江町,35.13333,136.8,2
geonames:1860211,city,金古町,36.41097,138.99621,2
geonames:1860214,city,兼城,26.19698,127.72591,2
geonames:1860234,city,苅田,33.78333,130.98333,2
geonames:1860243,city,金沢市,36.6,136.61667,5
geonames:1860256,city,金谷,34.82022,138.12775,2
geonames:1860271,ward,金町,35.76514,139.86677,2
geonames:1860321,city,鴨島町上下島,34.06803,134.35033,2
geonames:1860335,city,鴨方町鴨方,34.53745,133.58967,2
geonames:1860341,city,加茂,37.66442,139.03502,2
geonames:1860437,ward,上連雀,35.69423,139.55495,2
geonames:1860452,city,Kaminoseki,33.83338,132.10932,1
geonames:1860458,city,上三川,36.43333,139.91667,2
geonames:1860523,city,上小泉,36.26426,139.42908,2
geonames:1860554,city,上生坂,36.41667,137.93333,2
geonames:1860563,city,上市町,36.7,137.36667,2
geonames:1860588,city,上郡町,34.8748,134.36191,2
geonames:1860626,city,亀山,34.85,136.45,2
geonames:1860629,city,伊根町,35.66605,135.2917,2
geonames:1860635,city,亀岡市,35,135.58333,2
geonames:1860648,city,亀田本町,37.87214,139.1099,2
geonames:1860653,city,蒲原町,35.11738,138.60687,2
geonames:1860659,ward,蒲田,35.56348,139.72101,2
geonames:1860672,city,鎌倉市,35.31085,139.54698,3
geonames:1860704,city,加古川市,34.76943,134.82905,2
geonames:1860728,city,掛川市,34.76667,138.01667,3
geonames:1860735,city,各務原市,35.41667,136.86667,3
geonames:1860742,city,Kajiya,35.06667,134.91667,1
geonames:1860748,city,鹿島市,35.96536,140.64474,3
geonames:1860750,city,加治木町,31.73333,130.66667,2
geonames:1860751,city,(鰍沢町,35.55,138.45,2
geonames:1860765,city,貝塚市,34.45,135.35,3
geonames:1860772,city,Kaitaichi,34.36667,132.53333,1
geonames:1860785,city,海南市,34.15166,135.21398,3
geonames:1860827,city,鹿儿岛市,31.56667,130.55,5
geonames:1860871,city,門真市,34.7381,135.57442,3
geonames:1860875,city,門川町,32.47126,131.65452,2
geonames:1860878,city,嘉手納町,26.36519,127.75857,2
geonames:1861081,city,出雲崎町,37.53333,138.68333,2
geonames:1861084,city,出雲市,35.36667,132.76667,3
geonames:1861091,city,Izumisano,34.41667,135.31667,1
geonames:1861095,city,泉大津,34.5,135.4,2
geonames:1861107,city,和泉,34.48333,135.43333,2
geonames:1861108,city,出水,32.08333,130.36667,2
geonames:1861124,city,伊是名村,26.91651,127.93136,2
geonames:1861164,city,岩槻,35.96474,139.69644,2
geonames:1861171,city,磐田市,34.7,137.85,3
geonames:1861174,city,甲佐町,32.65273,130.81159,2
geonames:1861207,city,岩倉,35.28333,136.86667,2
geonames:1861212,city,岩国市,34.16297,132.22,3
geonames:1861223,city,Iwai,36.05,139.9,1
geonames:1861225,city,Iwai,35.75,139.23333,1
geonames:1861226,city,岩井,35.55516,134.36306,2
geonames:1861241,city,磐戸,36.16667,138.73333,2
geonames:1861244,city,岩出,34.25,135.31667,2
geonames:1861261,city,五日市町,35.72528,139.21778,2
geonames:1861280,city,糸満,26.12647,127.66918,2
geonames:1861285,city,糸魚川市,37.03333,137.85,3
geonames:1861290,city,伊東市,34.96667,139.08333,3
geonames:1861310,city,伊丹市,34.78427,135.40126,3
geonames:1861321,ward,いたばし,35.74893,139.71497,2
geonames:1861341,city,いそご,35.4082,139.61906,2
geonames:1861383,city,Ishiki,34.8,137.01667,1
geonames:1861393,city,石川市,26.42333,127.82139,3
geonames:1861400,city,石井町,34.06752,134.44208,2
geonames:1861406,city,石下町,36.11667,139.96667,2
geonames:1861410,city,Ishigami,36.25,139.15,1
geonames:1861416,city,石垣市,24.34478,124.15717,3
geonames:1861436,city,伊勢崎市,36.31667,139.2,3
geonames:1861449,city,伊勢原,35.39932,139.31019,2
geonames:1861450,city,伊勢市,34.48333,136.7,3
geonames:1861454,city,石和町,35.65,138.63333,2
geonames:1861464,city,諌早市,32.84111,130.04306,3
geonames:1861485,city,入野,33.01667,133,2
geonames:1861528,city,犬山市,35.37995,136.94295,3
geonames:1861584,city,いの町,33.55,133.43333,2
geonames:1861586,city,因島市,34.28333,133.18333,2
geonames:1861602,city,稲沢市,35.25,136.78333,3
geonames:1861605,city,稲取,34.77574,139.04087,2
geonames:1861630,city,印南町,33.80914,135.22052,2
geonames:1861641,city,伊那市,35.82756,137.95378,3
geonames:1861677,city,伊万里町甲,33.27362,129.87877,2
geonames:1861699,city,今市市,36.71667,139.68333,2
geonames:1861749,city,生駒市,34.68333,135.7,3
geonames:1861772,city,池野,35.43333,136.58333,2
geonames:1861782,city,Ikegawa,33.6,133.18333,1
geonames:1861793,city,池田町,36.41667,137.88333,3
geonames:1861795,city,池田市,34.82208,135.4298,3
geonames:1861799,city,池田町,34.02849,133.80616,3
geonames:1861816,city,鵤,34.83475,134.57803,2
geonames:1861825,city,Ijūin,31.61667,130.4,1
geonames:1861835,city,飯塚市,33.63654,130.68678,3
geonames:1861838,city,飯山,36.85,138.36667,2
geonames:1861840,city,飯富,35.43333,138.43333,2
geonames:1861852,city,飯島町,35.66667,137.93333,2
geonames:1861864,city,飯田市,35.51965,137.82074,3
geonames:1861883,city,伊草,35.96667,139.46667,2
geonames:1861949,city,一宮,35.3,136.8,2
geonames:1861966,city,市川大門,35.56667,138.5,2
geonames:1861978,city,市谷本村町,35.69437,139.72857,2
geonames:1861990,city,大河原,35.55,138.05,2
geonames:1861991,city,Ichiba,35.55,137.9,1
geonames:1862010,city,指宿市,31.23333,130.65,3
geonames:1862026,city,Ibi,35.48333,136.56667,1
geonames:1862033,city,茨木市,34.81641,135.56828,3
geonames:1862034,city,井原市,34.6,133.46667,3
geonames:1862098,city,Hotaka,36.3396,137.88254,1
geonames:1862130,city,Hōshakuji,36.63333,139.98333,1
geonames:1862136,city,斑鳩町,34.61234,135.73754,2
geonames:1862198,city,本庄市,36.2378,139.19023,3
geonames:1862201,city,Honjō,31.98333,131.33333,1
geonames:1862208,city,Hongū,33.83333,135.76667,1
geonames:1862215,city,Hongō,35.48206,135.61935,1
geonames:1862216,city,Hongō,35.06667,137.7,1
geonames:1862230,city,ほんどまちほんど,32.45993,130.16713,2
geonames:1862251,city,本村,34.46078,133.99717,2
geonames:1862293,city,Hōji,33.91667,134.41667,1
geonames:1862302,city,防府,34.05,131.56667,2
geonames:1862330,city,日和佐浦,33.73255,134.53743,2
geonames:1862352,city,人吉市,32.21667,130.75,3
geonames:1862358,city,一青,36.98583,136.9033,2
geonames:1862373,city,日田市,33.3213,130.94098,3
geonames:1862389,ward,久居元町,34.66667,136.46667,2
geonames:1862415,city,広島市,34.4,132.45,4
geonames:1862441,city,弘見,32.83333,132.71667,2
geonames:1862462,city,平塚市,35.32785,139.33735,3
geonames:1862471,city,平田町,35.43333,132.81667,2
geonames:1862505,city,平良市,24.80379,125.30222,3
geonames:1862513,city,平生町,33.93833,132.07167,2
geonames:1862540,city,枚方,34.81352,135.64914,2
geonames:1862555,city,平戸市,33.36853,129.55247,3
geonames:1862569,city,日置市,31.58333,130.35,2
geonames:1862588,city,日之影町,32.65,131.4,2
geonames:1862594,city,檜枝岐村,37.02233,139.38664,2
geonames:1862599,city,日野市,35.67306,139.40028,3
geonames:1862601,city,日野町,35,136.25,3
geonames:1862612,city,比美町,36.85609,136.9885,2
geonames:1862627,city,姫路市,34.81667,134.7,3
geonames:1862636,city,彦根市,35.25,136.25,3
geonames:1862665,city,氷川,35.8,139.1,2
geonames:1862689,city,日出町,33.37081,131.53025,3
geonames:1862752,city,東大阪市,34.66667,135.58333,2
geonames:1862755,ward,おおくぼ,35.70307,139.70436,2
geonames:1862761,city,東日本橋,35.69322,139.78628,2
geonames:1862801,city,ひがしかながわ,35.47886,139.63747,2
geonames:1862849,city,東安堵,34.60945,135.7571,2
geonames:1862855,city,粟国村,26.58317,127.2291,2
geonames:1862912,city,碧南市,34.88333,136.98333,3
geonames:1862944,city,戸田,34.96277,138.78543,2
geonames:1862968,city,林野,35,134.15,2
geonames:1862971,city,早島町,34.60388,133.82947,2
geonames:1862992,city,葉山,35.27651,139.57733,2
geonames:1862998,city,早川町,35.45,138.35,2
geonames:1863018,city,廿日,34.35,132.33333,2
geonames:1863023,city,鳩ヶ谷本町,35.83314,139.7425,2
geonames:1863029,city,八丁堀,35.67533,139.77529,2
geonames:1863082,city,橋本市,34.31667,135.61667,3
geonames:1863146,city,原町田,35.53333,139.45,2
geonames:1863153,city,原井,33.52393,131.16508,2
geonames:1863160,city,原町,36.57273,138.82639,3
geonames:1863161,city,原,35.96667,138.55,2
geonames:1863164,city,原,34.04296,133.92684,2
geonames:1863173,city,羽生,36.16667,139.53333,2
geonames:1863183,city,飯能市,35.85194,139.31806,3
geonames:1863198,ward,羽田,35.54913,139.7456,2
geonames:1863209,city,半田市,34.88333,136.93333,3
geonames:1863272,city,浜坂,35.61667,134.45,2
geonames:1863276,city,浜ノ瀬,33.88333,135.15,2
geonames:1863279,city,Hamanoichi,31.71667,130.73333,1
geonames:1863289,city,浜松市,34.7,137.73333,3
geonames:1863293,city,浜北市,34.8,137.78333,3
geonames:1863310,city,浜田市,34.88333,132.08333,3
geonames:1863341,city,羽咋,36.88333,136.78333,2
geonames:1863356,city,箱根ケ崎,35.76944,139.35111,2
geonames:1863357,city,箱根町,35.18945,139.02649,3
geonames:1863398,city,榛原あかね台,34.53333,135.95,2
geonames:1863418,city,萩市,34.4,131.41667,3
geonames:1863426,city,勝連南風原,26.33294,127.87403,2
geonames:1863431,city,秦野市,35.37111,139.22361,3
geonames:1863440,city,八王子市,35.65583,139.32389,3
geonames:1863451,city,近江八幡市,35.12861,136.0976,3
geonames:1863482,city,行田市,36.14074,139.46011,3
geonames:1863495,city,具志川市,26.35937,127.86735,3
geonames:1863521,city,江津町,35.00856,132.2257,3
geonames:1863528,city,御殿場,35.31859,138.94343,2
geonames:1863531,ward,五反田,35.62506,139.72841,2
geonames:1863540,city,五泉,37.73333,139.16667,2
geonames:1863541,city,御所市,34.45,135.73333,3
geonames:1863592,city,五條市,34.35,135.7,3
geonames:1863598,city,五百石,36.66411,137.31665,2
geonames:1863611,city,神戸町,35.41667,136.6,2
geonames:1863614,city,御坊市,33.88153,135.1696,3
geonames:1863620,city,祇園,34.43333,132.46667,2
geonames:1863623,ward,銀座,35.67184,139.76717,2
geonames:1863625,city,宜野座村,26.4829,127.97779,2
geonames:1863627,city,宜野湾市,26.26265,127.76147,3
geonames:1863641,city,岐阜市,35.42291,136.76039,3
geonames:1863693,city,蒲郡市,34.83333,137.23333,3
geonames:1863713,city,富津市,35.3108,139.81877,3
geonames:1863806,city,ざまみ,26.22858,127.30329,2
geonames:1863824,city,飛騨市,36.23333,137.18333,3
geonames:1863825,city,古川免,33.24253,129.6501,2
geonames:1863884,city,船越,36.10533,133.00928,2
geonames:1863899,city,Funagatōge,32.91667,132.83333,1
geonames:1863904,city,舟橋,36.7053,137.311,2
geonames:1863905,ward,本町,35.70129,139.98648,2
geonames:1863917,city,福山市,34.48333,133.36667,2
geonames:1863945,city,袋井市,34.75,137.91667,3
geonames:1863953,city,福良,34.25765,134.71535,2
geonames:1863967,city,福岡市,33.6,130.41667,4
geonames:1863973,city,福光,36.55751,136.86945,2
geonames:1863978,city,西福間,33.76627,130.47461,2
geonames:1863985,city,福井市,36.06443,136.22257,4
geonames:1863997,city,福江町,32.69732,128.84561,2
geonames:1864009,city,福知山市,35.3,135.11667,3
geonames:1864025,city,吹上富士見,36.1,139.45,3
geonames:1864028,city,深日,34.31581,135.14713,2
geonames:1864031,city,深谷町,36.2,139.28333,2
geonames:1864055,city,東陽,35.6698,139.81456,2
geonames:1864065,ward,木場,35.6706,139.80697,2
geonames:1864068,city,越中島,35.66676,139.79448,2
geonames:1864092,city,藤沢市,35.34926,139.47666,3
geonames:1864093,city,Fujisato,35.05638,136.7447,1
geonames:1864098,city,藤岡町,36.25,139.65,2
geonames:1864099,city,藤岡市,36.24624,139.07204,3
geonames:1864105,city,富士宮市,35.21667,138.61667,3
geonames:1864132,city,藤枝市,34.86667,138.26667,3
geonames:1864134,city,富士市,35.16667,138.68333,3
geonames:1864147,city,Fudaba,33.45,133.2,1
geonames:1864155,city,府中町,34.5735,133.23513,3
geonames:1864180,city,塩山市,35.7,138.73333,2
geonames:1864231,ward,えごた,35.72552,139.66516,2
geonames:1864263,city,愛知川,35.16667,136.2,2
geonames:1864317,city,江尾,35.28172,133.4871,2
geonames:1864340,city,泥崎,36.76955,137.90358,2
geonames:1864381,city,田園調布,35.59548,139.66535,2
geonames:1864416,city,だいとうし,34.71378,135.62033,2
geonames:1864518,city,調布ヶ丘,35.65924,139.54837,2
geonames:1864523,city,智頭町,35.26667,134.23333,2
geonames:1864549,city,知立市,35,137.03333,3
geonames:1864557,city,茅野市,35.9944,138.15428,3
geonames:1864565,city,知名町,27.33333,128.56667,2
geonames:1864572,city,筑紫野市,33.49631,130.5156,3
geonames:1864624,city,茅ケ崎,35.33638,139.40434,3
geonames:1864637,city,秩父市,35.99028,139.07639,3
geonames:1864652,city,北谷,26.30948,127.77024,2
geonames:1864655,city,与論町,27.04873,128.4182,2
geonames:1864750,city,別府市,33.27945,131.49751,3
geonames:1864797,city,Banshō,36,139.3,1
geonames:1864808,city,坂下,37.56444,139.82178,2
geonames:1864873,city,綾部市,35.3,135.25,3
geonames:1864874,city,Aya,31.98333,131.26667,1
geonames:1864894,city,あわら市,36.22309,136.19236,2
geonames:1864897,city,Awano,35.35,137.8,1
geonames:1864945,city,熱海市,35.08834,139.05325,3
geonames:1864967,city,明日香村,34.48085,135.82039,2
geonames:1864968,city,朝来,33.7,135.41667,2
geonames:1864985,city,芦屋市,34.72807,135.30264,3
geonames:1864986,city,芦屋町,33.87346,130.65392,3
geonames:1864992,city,芦田,36.26983,138.31763,2
geonames:1865005,city,足利市,36.33333,139.45,3
geonames:1865047,ward,浅草区,35.71691,139.79575,2
geonames:1865090,city,あさがやみなみ,35.70206,139.63745,2
geonames:1865103,city,有田町,33.18333,129.9,2
geonames:1865207,city,新井,37.00059,138.2259,2
geonames:1865209,city,Arai,34.68333,137.56667,1
geonames:1865232,ward,青戸,35.74974,139.85405,2
geonames:1865256,city,青木,36.36865,138.12565,2
geonames:1865290,city,安中市,36.33011,138.89585,3
geonames:1865294,city,安城市,34.95828,137.08054,3
geonames:1865309,city,阿南市,33.91667,134.65,3
geonames:1865312,city,穴水町,37.23333,136.9,2
geonames:1865375,city,甘木市,33.41804,130.65413,3
geonames:1865376,city,天城,27.81667,128.9,2
geonames:1865387,city,尼崎市,34.71667,135.41667,3
geonames:1865390,city,海士,36.09317,133.09159,2
geonames:1865401,city,阿久根,32.01667,130.2,2
geonames:1865412,city,仮屋,34.75136,134.38734,2
geonames:1865449,city,安芸市,33.5,133.9,3
geonames:1865522,ward,あかさか,35.67135,139.73442,2
geonames:1865526,city,赤連,28.31667,129.93333,2
geonames:1865536,city,赤名,35,132.71667,2
geonames:1865559,city,赤岩,36.20742,139.43948,2
geonames:1865570,city,赤池,33.69189,130.76531,2
geonames:1865601,ward,あかばね,35.78188,139.72087,2
geonames:1865624,city,阿島,35.51667,137.88333,2
geonames:1865661,city,相生市,34.80361,134.46806,3
geonames:1865689,city,相原,35.6,139.31667,2
geonames:1865714,city,上尾市,35.97145,139.61382,2
geonames:1865720,city,上松,35.78461,137.69268,2
geonames:1894385,city,伊江村,26.70972,127.80917,2
geonames:1894616,city,沖縄市,26.33583,127.80139,3
geonames:1895627,city,川東,31.3725,131.0075,2
geonames:1895636,city,大崎町,31.425,131.02167,2
geonames:1895695,city,串間市,31.48621,131.2421,3
geonames:1896102,city,Kamigotō,32.98333,129.08333,1
geonames:1896119,city,Ojika,33.18333,129.06667,1
geonames:1896348,city,光市,33.955,131.95,3
geonames:1896509,city,Ōshima,33.93975,132.19085,1
geonames:1898046,city,聖籠町,37.98333,139.255,2
geonames:1899096,city,阿武町,34.5,131.46667,2
geonames:1899102,city,長門市,34.38333,131.2,3
geonames:1907123,city,蓮田市,35.97113,139.6491,3
geonames:1907125,city,上福岡市,35.87266,139.51369,3
geonames:1907146,city,狭山市,35.85295,139.41212,3
geonames:1907148,city,福生市,35.73667,139.32361,3
geonames:1907151,city,Sasadaira,35.70556,139.1425,1
geonames:1907190,city,Minawa,35.52278,139.31944,1
geonames:1907215,city,Kotsubaki,35.52556,139.05306,1
geonames:1907225,city,Kawara,35.47361,139.27278,1
geonames:1907242,city,Nihammatsu,35.37278,139.39167,1
geonames:1907270,ward,上大井,35.32003,139.1582,2
geonames:1907299,city,朝霞市,35.80472,139.60194,3
geonames:1907300,city,和光,35.78944,139.62333,2
geonames:1907301,city,下戸田,35.815,139.6853,2
geonames:1907307,city,君津市,35.35043,139.87029,3
geonames:1907309,city,三浦市,35.14,139.61917,2
geonames:1926004,city,和歌山市,34.23333,135.16667,3
geonames:1926006,city,伊予市,33.75139,132.70139,3
geonames:1926020,city,宇和島市,33.22375,132.56001,2
geonames:1926054,city,西条,33.91667,133.18333,2
geonames:1926055,city,大洲市,33.5,132.55,2
geonames:1926099,city,松山市,33.83916,132.76574,6
geonames:1926100,city,松丸,33.22749,132.70763,2
geonames:1926101,city,松前町,33.78757,132.71124,2
geonames:1926105,city,久万,33.6566,132.90234,2
geonames:1926116,city,川之江町,34.01654,133.57844,2
geonames:1926120,city,Kami-yuge,34.26667,133.21667,1
geonames:1926134,city,今治,34.07001,133.00023,2
geonames:1926142,city,北条市,33.97661,132.77767,2
geonames:1926143,city,御荘平城,32.96367,132.5661,2
geonames:1926150,city,原町,33.77037,132.78977,3
geonames:2038715,city,Setana,42.45139,139.85139,1
geonames:2038728,city,奥尻,42.17213,139.51228,2
geonames:2038800,city,深浦町,40.64131,139.93202,2
geonames:2110460,city,湯沢市,39.16667,140.5,3
geonames:2110480,city,四街道市,35.65,140.16667,3
geonames:2110481,city,吉岡,38.44139,140.87639,2
geonames:2110498,city,米沢市,37.91,140.11667,3
geonames:2110506,city,横手町,39.31691,140.55034,2
geonames:2110509,city,横芝町,35.65,140.48333,2
geonames:2110518,city,八日市場市,35.7,140.55,2
geonames:2110538,city,梁川町幸町,37.85,140.6,2
geonames:2110541,city,矢本,38.42738,141.21487,2
geonames:2110556,city,山形市,38.23333,140.36667,3
geonames:2110560,city,山田町,39.46667,141.95,2
geonames:2110579,city,八街市,35.65,140.31667,3
geonames:2110581,city,谷地,38.42194,140.30833,2
geonames:2110583,city,矢吹町,37.2,140.31667,2
geonames:2110586,city,Watari,38.035,140.85111,1
geonames:2110596,city,涌谷町,38.54465,141.13461,3
geonames:2110611,city,和田町,35.03709,140.01624,2
geonames:2110624,city,Usui,35.73333,140.18333,1
geonames:2110629,city,牛久市,35.96667,140.13333,3
geonames:2110660,city,祖母井,36.55,140.06667,2
geonames:2110681,city,筑波市,36.08333,140.11667,3
geonames:2110729,city,取手市,35.9,140.08333,3
geonames:2110735,city,遠野市,39.31667,141.53333,3
geonames:2110743,city,Tomobe,36.35,140.3,1
geonames:2110744,city,富谷市,38.39306,140.88611,2
geonames:2110749,city,富岡町,37.33333,141.01667,3
geonames:2110774,city,東金市,35.55,140.36667,2
geonames:2110793,city,天童,38.35361,140.36972,2
geonames:2110812,city,Tateishi,38.98333,141.11667,1
geonames:2110837,city,棚倉町,37.03046,140.38287,2
geonames:2110846,city,玉井,37.53333,140.36667,2
geonames:2110850,city,多古町,35.73333,140.46667,2
geonames:2110870,city,竹貫,37.09815,140.5442,2
geonames:2110891,city,高畠町,38.0025,140.19111,3
geonames:2110893,city,高萩市,36.71667,140.71667,2
geonames:2110924,city,田子内,39.18333,140.65,2
geonames:2110927,city,多賀城,38.3,141,2
geonames:2110954,city,Sukayama,35.83333,140.66667,1
geonames:2110959,city,須賀川市,37.28333,140.38333,3
geonames:2110991,city,菖蒲田浜,38.28443,141.06167,2
geonames:2110994,city,雫石,39.69414,140.98442,2
geonames:2110999,city,南三陸町,38.67807,141.44314,2
geonames:2111008,city,酒々井,35.71667,140.26667,2
geonames:2111016,city,白石,38.00333,140.61833,2
geonames:2111018,city,白井市,35.8,140.06667,3
geonames:2111049,city,塩竃,38.31667,141.03333,2
geonames:2111065,city,新庄,38.75861,140.30083,3
geonames:2111094,city,下川内,37.33333,140.83333,2
geonames:2111105,city,御宿町,35.18738,140.35792,2
geonames:2111107,city,清水,38.70361,140.22556,2
geonames:2111115,city,色麻町,38.54794,140.85699,2
geonames:2111127,city,Shibayama,35.68333,140.43333,1
geonames:2111140,city,世田米,39.13333,141.58333,2
geonames:2111149,city,せんだい,38.26667,140.86667,7
geonames:2111165,city,関,37.99009,140.44759,2
geonames:2111173,city,佐原市,35.88333,140.5,3
geonames:2111220,city,佐倉市,35.71667,140.23333,2
geonames:2111234,city,坂元,37.91667,140.9,2
geonames:2111248,city,寒河江市,38.3725,140.2725,3
geonames:2111258,city,龍ケ崎市,35.9,140.18333,3
geonames:2111268,city,Ryōgoku,35.71667,140.36667,1
geonames:2111272,city,六郷,39.41667,140.55,2
geonames:2111277,city,利府町,38.33092,140.97691,3
geonames:2111283,city,Ōyauchi,37.2,140.98333,1
geonames:2111301,city,大内,37.87806,140.82262,2
geonames:2111310,city,Ōtsuchi,39.36667,141.9,1
geonames:2111325,city,大田原市,36.86667,140.03333,3
geonames:2111332,city,大多喜町,35.28784,140.24363,2
geonames:2111335,city,太田,39.43185,140.75093,2
geonames:2111374,city,小野新町,37.28749,140.6328,2
geonames:2111401,city,女川町,38.4466,141.44794,2
geonames:2111425,city,Ōmiya,36.55,140.41667,1
geonames:2111429,city,小見川町,35.85,140.61667,2
geonames:2111435,city,大曲市,39.45,140.48333,3
geonames:2111441,city,奥谷,36.28333,140.41667,2
geonames:2111461,city,Ōkawara,38.05,140.73361,1
geonames:2111471,city,大石田町,38.59696,140.37404,2
geonames:2111495,city,大原,35.24761,140.39289,2
geonames:2111514,city,小川町,36.75,140.13333,3
geonames:2111530,city,大船渡市,39.07167,141.71667,2
geonames:2111559,city,尾花沢市,38.60333,140.40194,3
geonames:2111567,city,大洗町,36.31409,140.58389,2
geonames:2111568,city,Ōami,35.51667,140.31667,1
geonames:2111574,city,沼宮内,39.96667,141.21667,2
geonames:2111623,city,西馬音内,39.19517,140.40512,2
geonames:2111656,city,二本松,37.58333,140.43333,2
geonames:2111669,city,名取,38.16667,140.88333,2
geonames:2111677,city,成東町,35.6,140.41667,2
geonames:2111684,city,成田市,35.78333,140.31667,3
geonames:2111704,city,Namie,37.48333,141,1
geonames:2111725,city,Naka-niida,38.56861,140.85361,1
geonames:2111749,city,那珂市,36.05,140.16667,2
geonames:2111759,city,長竿,35.88333,140.28333,2
geonames:2111766,city,長崎,38.32639,140.27639,2
geonames:2111773,city,永野,38.09083,140.65528,2
geonames:2111781,city,長井市,38.10361,140.035,3
geonames:2111809,city,村田,38.11858,140.72434,2
geonames:2111824,city,本宮市,37.51391,140.40063,3
geonames:2111827,city,茂木,36.51667,140.18333,2
geonames:2111831,city,守谷市,35.93333,140,3
geonames:2111834,city,盛岡市,39.7,141.15,5
geonames:2111836,city,真岡市,36.43333,140.01667,3
geonames:2111855,city,茂原市,35.42583,140.29608,3
geonames:2111859,city,水沢市,39.13333,141.13333,3
geonames:2111884,city,宮古市,39.64691,141.94057,3
geonames:2111886,city,宮宿,38.30139,140.14139,2
geonames:2111901,city,水戸市,36.35,140.45,5
geonames:2111943,city,Miharu,37.43333,140.48333,1
geonames:2111964,city,まつしま,38.37357,141.06105,2
geonames:2111999,city,益子,36.46667,140.1,2
geonames:2112008,city,丸森,37.91667,140.76667,2
geonames:2112016,city,幕張,35.65,140.05,2
geonames:2112019,city,真壁町,36.26667,140.1,3
geonames:2112056,city,草野,37.7,140.75,2
geonames:2112077,city,黒磯市,36.96667,140.05,3
geonames:2112085,city,栗谷沢,38.9,140.25,2
geonames:2112105,city,熊町,37.3845,141.01065,2
geonames:2112108,city,熊倉,37.15252,140.16845,2
geonames:2112124,city,神崎町,35.9,140.4,2
geonames:2112141,city,郡山市,37.4,140.38333,2
geonames:2112144,city,桑折町,37.83333,140.51667,2
geonames:2112156,city,小松,38.0025,140.04139,2
geonames:2112181,city,藤ケ崎,38.53333,141.06667,2
geonames:2112182,city,小牛田町,38.55,141.05,2
geonames:2112227,city,北上市,39.28333,141.11667,3
geonames:2112232,city,北茨城市,36.78671,140.74901,3
geonames:2112253,city,木原,36.01667,140.3,2
geonames:2112263,city,気仙沼,38.90112,141.57746,2
geonames:2112270,city,検見川町,35.65,140.06667,2
geonames:2112284,city,川崎町,38.17278,140.63694,3
geonames:2112297,city,鴨川,35.0969,140.1003,2
geonames:2112309,city,勝浦市,35.14621,140.31507,3
geonames:2112312,city,Katsuta,36.38333,140.53333,1
geonames:2112319,city,香取市,35.89767,140.49943,3
geonames:2112326,city,片貝,35.53333,140.45,2
geonames:2112343,city,笠間市,36.38333,140.26667,3
geonames:2112345,city,笠石,37.2419,140.33591,2
geonames:2112354,city,Karasuyama,36.65,140.15,1
geonames:2112367,city,金山町,38.88389,140.33667,2
geonames:2112370,city,金ケ崎町,39.2,141.11667,2
geonames:2112409,city,上山市,38.15389,140.27361,3
geonames:2112444,city,釜石市,39.27694,141.86801,3
geonames:2112454,city,角館町,39.58926,140.56724,2
geonames:2112455,city,角田市,37.97451,140.77202,3
geonames:2112521,city,岩瀬町,36.35,140.1,3
geonames:2112527,city,岩沼,38.10472,140.85944,2
geonames:2112539,city,磐城市,37.05,140.88333,3
geonames:2112543,city,岩泉町,39.85,141.8,2
geonames:2112555,city,潮来市,35.93333,140.55,3
geonames:2112570,city,石塚,36.48333,140.38333,2
geonames:2112571,city,石岡市,36.18333,140.26667,3
geonames:2112576,city,石巻市,38.41667,141.3,3
geonames:2112583,city,石川町,37.15,140.45,3
geonames:2112615,city,Inawashiro,37.56667,140.11667,1
geonames:2112624,city,Inada,36.43333,140.51667,1
geonames:2112642,city,飯坂町,37.83333,140.45,2
geonames:2112656,city,一関市,38.91667,141.13333,3
geonames:2112658,city,いちのみや,35.37211,140.37998,2
geonames:2112664,city,原,35.51667,140.08333,2
geonames:2112688,city,鉾田市,36.15,140.51667,2
geonames:2112692,city,保原町,37.81667,140.55,2
geonames:2112694,city,日詰,39.55,141.16667,2
geonames:2112708,city,日立市,36.6,140.65,3
geonames:2112758,city,東根市,38.43889,140.40056,3
geonames:2112768,city,東舘,36.86667,140.43333,2
geonames:2112802,city,Hasaki,35.73333,140.83333,1
geonames:2112818,city,塙町,36.94727,140.41646,3
geonames:2112823,city,花巻市,39.38333,141.11667,3
geonames:2112829,city,浜井川,39.91362,140.07422,2
geonames:2112860,city,五城目町,39.93333,140.11667,2
geonames:2112896,city,古口,38.73583,140.13833,2
geonames:2112899,city,古川市,38.57167,140.95556,2
geonames:2112903,city,船引町船引,37.44722,140.5771,3
geonames:2112913,city,舟石川,36.46667,140.56667,2
geonames:2112917,city,舟形,38.68889,140.31944,2
geonames:2112923,city,福島市,37.75,140.46667,4
geonames:2112932,city,布川,35.85,140.15,2
geonames:2112939,city,藤田,37.8781,140.55332,2
geonames:2112940,city,藤代町,35.91667,140.11667,2
geonames:2112948,city,普代村,40,141.88333,2
geonames:2112959,city,ひがしえみ,35.06438,140.06167,2
geonames:2112963,city,江戸崎町,35.95,140.31667,2
geonames:2112980,city,伊達,37.81667,140.5,2
geonames:2112989,city,大子,36.76667,140.35,2
geonames:2112996,city,銚子市,35.73333,140.83333,2
geonames:2113001,city,ちょうなん,35.39701,140.23503,2
geonames:2113015,city,千葉市,35.6,140.11667,4
geonames:2113053,city,左沢,38.38431,140.21189,2
geonames:2113068,city,浅川町,37.08276,140.41365,2
geonames:2113077,city,旭市,35.71667,140.65,2
geonames:2113084,city,荒砥甲,38.18444,140.09306,2
geonames:2113115,city,阿見,36.03333,140.2,2
geonames:2113126,city,秋田市,39.71667,140.11667,3
geonames:2113133,city,赤坂中野,37.04725,140.50194,2
geonames:2113149,city,安食,35.83333,140.23333,2
geonames:2113164,city,我孫子市,35.86667,140.01667,3
geonames:2113591,city,Hachirougata,39.93333,140.08333,1
geonames:2114022,city,佐渡,38.79842,140.21994,2
geonames:2114101,city,水沢,38.43417,140.10139,2
geonames:2114107,city,大衡村,38.47138,140.8715,2
geonames:2114134,city,山辺町,38.29111,140.26667,2
geonames:2127383,city,元町,43.82634,144.09638,2
geonames:2127398,city,由仁町,43.00722,141.78444,2
geonames:2127419,city,夕張市,43.03778,141.95778,2
geonames:2127436,city,横浜,41.08333,141.25,2
geonames:2127478,city,八雲町,42.25389,140.26917,2
geonames:2127500,city,和寒町,44.02083,142.41778,2
geonames:2127515,city,稚内市,45.40944,141.67389,3
geonames:2127545,city,歌志内市,43.51667,142.05,3
geonames:2127574,city,雨竜町,43.63944,141.88778,2
geonames:2127579,city,Urausunai,43.42389,141.82028,1
geonames:2127586,city,Urakawa,42.15556,142.78361,1
geonames:2127588,city,本町,42.81094,143.65349,2
geonames:2127626,city,月形町,43.33528,141.66944,2
geonames:2127635,city,本町,43.70389,144.02111,2
geonames:2127639,city,豊浦町,42.57306,140.70833,2
geonames:2127640,city,豊富町,45.10222,141.77528,2
geonames:2127652,city,豊頃町,42.82573,143.55178,2
geonames:2127668,city,Tōyako-onsemmachi,42.56667,140.81667,1
geonames:2127722,city,泊村,43.06667,140.5,2
geonames:2127731,city,苫前町,44.30528,141.65444,2
geonames:2127733,city,苫小牧市,42.63694,141.60333,3
geonames:2127735,city,Tōma,43.82111,142.5175,1
geonames:2127802,city,当別町,43.21694,141.51694,2
geonames:2127820,city,天塩町,44.87912,141.74162,2
geonames:2127822,city,弟子屈町,43.48044,144.49637,2
geonames:2127858,city,田代,40.39028,141.53556,2
geonames:2127878,city,むつ市,41.28944,141.21694,3
geonames:2127883,city,たっこ,40.3342,141.15002,2
geonames:2127889,city,滝上町,44.18889,143.07528,2
geonames:2127896,city,滝川,43.55278,141.90639,2
geonames:2127910,city,鷹巣町,40.22268,140.36611,2
geonames:2127931,city,大樹,42.50166,143.27193,2
geonames:2127949,city,寿都町,42.78806,140.22556,2
geonames:2127955,city,砂川市,43.48639,141.90556,3
geonames:2127985,city,壮瞥町,42.55583,140.88611,2
geonames:2128006,city,初山別村,44.53361,141.76972,2
geonames:2128025,city,静内古川町,42.33389,142.36694,2
geonames:2128049,ward,おしましりうち,41.60099,140.4227,2
geonames:2128072,city,白老町,42.55,141.35,2
geonames:2128074,city,白糠町,42.96286,144.08897,2
geonames:2128095,city,新得町,43.07472,142.83472,2
geonames:2128108,city,古平町,43.27333,140.6375,2
geonames:2128112,city,占冠村,43,142.41667,2
geonames:2128139,city,しんしもかわ,44.24489,142.67738,2
geonames:2128147,city,Shimo-furano,43.35,142.38333,1
geonames:2128159,city,清水町,43.00611,142.88472,2
geonames:2128180,city,鹿部町,42.02967,140.82282,2
geonames:2128186,city,士幌町,43.16667,143.25,2
geonames:2128194,city,七戸町,40.69111,141.15472,2
geonames:2128205,city,南士別町,44.15399,142.37307,2
geonames:2128206,city,标津,43.65899,145.13197,2
geonames:2128207,city,標茶町,43.27836,144.56313,2
geonames:2128215,city,本町,43.91145,144.66737,2
geonames:2128229,city,にしおこっぺ,44.33051,142.94857,2
geonames:2128275,city,猿ケ森,41.29113,141.39643,2
geonames:2128279,city,さるべつ,42.87242,143.3376,2
geonames:2128290,city,更別村,42.656,143.18708,2
geonames:2128295,city,札幌市,43.06667,141.35,4
geonames:2128303,city,七戸町,40.37306,141.25722,2
geonames:2128315,city,Sanjūkyūsen,44.03333,143,1
geonames:2128333,city,本町,42.12841,142.91785,2
geonames:2128350,city,Sakanoue,41.91506,140.28757,1
geonames:2128363,city,佐井村,41.43019,140.86429,2
geonames:2128372,city,留寿都村,42.73417,140.87278,2
geonames:2128382,city,留萌市,43.93444,141.64278,3
geonames:2128407,city,陸別町,43.47095,143.7458,2
geonames:2128423,city,Rebun,42.57389,140.60056,1
geonames:2128430,city,羅臼町,44.01806,145.19197,2
geonames:2128435,city,蘭越町,42.80904,140.53941,2
geonames:2128490,city,びふか,44.47528,142.34306,2
geonames:2128498,city,比布町,43.86944,142.47389,2
geonames:2128536,city,大鰐町,40.5197,140.56872,2
geonames:2128553,city,音威子府村,44.73316,142.26095,2
geonames:2128558,city,音更,42.99167,143.20028,2
geonames:2128566,city,乙部町,41.96778,140.13806,2
geonames:2128574,city,小樽市,43.18944,141.00222,3
geonames:2128601,city,おしどまり,45.24188,141.21078,2
geonames:2128605,city,長万部町,42.50932,140.37733,2
geonames:2128645,city,大野村,40.28533,141.62875,2
geonames:2128673,city,おうむ,44.57778,142.96134,2
geonames:2128693,city,大間町,41.52728,140.9109,2
geonames:2128714,city,興部町,44.46944,143.12,2
geonames:2128730,city,おけと,43.67993,143.58993,2
geonames:2128787,city,おおだて,40.27178,140.55756,2
geonames:2128802,city,尾駮,40.96667,141.37333,2
geonames:2128810,city,小平町,44.01806,141.66833,2
geonames:2128815,city,帯広市,42.91722,143.20444,3
geonames:2128828,city,沼田町,43.80306,141.93889,3
geonames:2128867,city,能代市,40.20838,140.0274,2
geonames:2128890,city,野田,40.10639,141.81778,2
geonames:2128894,city,登別市,42.45215,141.17914,2
geonames:2128896,city,野辺地,40.86667,141.12611,2
geonames:2128945,city,仁木町,43.15,140.76667,2
geonames:2128959,city,Niikappu,42.35,142.31667,1
geonames:2128975,city,根室市,43.32361,145.575,3
geonames:2128983,city,名寄市,44.35056,142.45778,3
geonames:2129003,city,本町,41.8944,140.69386,2
geonames:2129005,city,浪岡町,40.71069,140.59048,3
geonames:2129025,city,なかとんべつ,44.97413,142.29263,2
geonames:2129034,city,中標津町,43.54849,144.97181,2
geonames:2129037,city,Naka-satsunai,42.7,143.13333,1
geonames:2129038,city,中里町,40.96949,140.43861,2
geonames:2129052,city,もべつ,44.27096,143.36025,2
geonames:2129063,city,なかがわ,44.81448,142.07816,2
geonames:2129065,city,Naka-furano,43.40278,142.4225,1
geonames:2129073,city,Naie,43.41833,141.88778,1
geonames:2129077,city,永豊町,42.69998,140.06163,2
geonames:2129080,city,長沼町,43.00583,141.68972,2
geonames:2129101,city,室蘭市,42.31722,140.98806,3
geonames:2129107,city,Mukawa,42.57194,141.92639,1
geonames:2129132,city,Moseushi,43.68778,141.95917,1
geonames:2129138,city,森岳,40.0967,140.07735,2
geonames:2129142,city,Higashimorichō,42.10961,140.59923,1
geonames:2129163,city,紋別,44.3525,143.3525,2
geonames:2129165,city,門別本町,42.47939,142.0715,2
geonames:2129211,city,みさわ,40.68682,141.38969,2
geonames:2129218,city,港町,43.20389,140.77028,2
geonames:2129245,city,三笠市,43.25581,141.88818,2
geonames:2129262,city,芽室南,42.90717,143.0365,2
geonames:2129282,city,松前町,41.42732,140.10298,2
geonames:2129324,city,幕別町,45.37139,141.82111,2
geonames:2129327,city,真狩村,42.75778,140.8025,2
geonames:2129350,city,Kyōgoku,42.86326,140.90594,1
geonames:2129354,city,葛巻町,40.04119,141.44041,2
geonames:2129365,city,Kutchan,42.90111,140.74056,1
geonames:2129376,city,釧路,42.975,144.37472,2
geonames:2129387,city,黒松内町,42.66806,140.30611,2
geonames:2129395,city,黒石市,40.64581,140.58354,3
geonames:2129397,city,栗山町,43.05528,141.78361,2
geonames:2129405,city,元町,43.72836,143.73975,2
geonames:2129427,city,久慈,40.18778,141.76889,2
geonames:2129430,city,小沢,42.97096,140.67921,2
geonames:2129447,city,小清水町,43.85895,144.46509,2
geonames:2129450,city,小坂町,40.37899,140.73133,2
geonames:2129464,city,平内町,40.92028,140.95556,2
geonames:2129513,city,下木造,40.81609,140.37539,2
geonames:2129537,city,北見市,43.80306,143.89083,3
geonames:2129556,city,喜茂別,42.79028,140.935,2
geonames:2129558,city,Kikusuichō,43.55,141.88333,1
geonames:2129562,city,木古内町,41.68283,140.43032,2
geonames:2129587,city,旭町,44.10045,142.357,2
geonames:2129646,city,軽米町,40.32139,141.45833,2
geonames:2129665,city,蟹田,41.04225,140.64357,2
geonames:2129696,city,神恵内村,43.13833,140.43444,2
geonames:2129701,city,かみゆうべつとんでんしがいち,44.13556,143.56722,2
geonames:2129722,city,かみしほろ,43.2351,143.28524,2
geonames:2129741,city,かみのくに,41.80257,140.11064,2
geonames:2129761,city,上川町,43.84,142.77111,2
geonames:2129766,city,上磯町,41.82013,140.64482,2
geonames:2129770,city,Kami-furano,43.45556,142.46861,1
geonames:2129804,city,香深村,45.30212,141.04122,2
geonames:2129868,city,岩内町,42.97444,140.50889,2
geonames:2129870,city,岩見沢市,43.20028,141.75972,3
geonames:2129884,city,板柳町,40.69546,140.45502,2
geonames:2129909,city,石狩市,43.23972,141.35389,3
geonames:2129933,city,今金,42.42306,140.00861,2
geonames:2129936,city,今別町,41.175,140.48444,2
geonames:2129938,city,Ikutora,43.15556,142.57056,1
geonames:2129951,city,池田町,42.92139,143.45194,3
geonames:2129961,city,一戸町,40.21965,141.28986,3
geonames:2129984,city,幌延町,45.01694,141.85139,2
geonames:2129995,city,Horomui,43.06667,141.65,1
geonames:2130001,city,幌加内町,44.01173,142.15157,2
geonames:2130031,city,かみほんべつ,43.14371,143.61199,2
geonames:2130032,city,北竜町,43.78333,141.91667,2
geonames:2130050,city,ひとかわめ,40.63593,141.4448,2
geonames:2130054,city,北広島市,42.97583,141.56722,3
geonames:2130057,city,弘前市,40.59306,140.4725,3
geonames:2130061,city,広尾町,42.28234,143.29765,2
geonames:2130146,city,花輪,40.18361,140.78722,2
geonames:2130166,city,はまなかさくらみなみ,43.15343,145.10253,2
geonames:2130188,city,函館市,41.77583,140.73667,3
geonames:2130203,city,八戸,40.5,141.5,2
geonames:2130215,city,羽幌町,44.35778,141.70222,2
geonames:2130258,city,二ツ井町,40.20754,140.22687,2
geonames:2130306,city,富良野市,43.35,142.38333,2
geonames:2130313,city,Funama,43.29028,140.60056,1
geonames:2130324,city,福島町,41.48031,140.25267,3
geonames:2130332,city,深川市,43.70806,142.03917,3
geonames:2130337,city,藤崎町,40.65314,140.49961,2
geonames:2130364,city,枝幸町,44.93528,142.58472,2
geonames:2130387,city,むかいえんがる,44.0481,143.54548,2
geonames:2130389,city,かなうら,44.70722,141.78889,2
geonames:2130404,city,江別市,43.10806,141.55056,3
geonames:2130421,city,伊達市,42.46806,140.86806,3
geonames:2130452,city,千歳市,42.81944,141.65222,3
geonames:2130463,city,秩父別町,43.76667,141.96667,2
geonames:2130518,city,平取町,42.58333,142.13333,2
geonames:2130531,city,美瑛町,43.58444,142.45972,2
geonames:2130534,city,美唄市,43.32472,141.85861,3
geonames:2130558,city,増毛町,43.85194,141.52139,2
geonames:2130603,city,足寄町,43.23722,143.54278,2
geonames:2130612,city,芦別市,43.50972,142.18556,3
geonames:2130629,city,旭川市,43.77063,142.36489,3
geonames:2130658,city,青森市,40.81667,140.73333,3
geonames:2130677,city,厚岸町,43.03556,144.8525,2
geonames:2130700,city,赤井川,43.08333,140.81722,2
geonames:2130705,city,赤平市,43.55139,142.05306,3
geonames:2130708,city,鰺ヶ沢町,40.77444,140.20306,2
geonames:2130723,city,愛別町,43.90655,142.57748,2
geonames:2130732,city,安平町,42.81667,141.83333,2
geonames:2130741,city,網走市,44.02127,144.26971,3
geonames:2131610,city,蓬田村,40.98015,140.65455,2
geonames:2131612,city,五所川原市,40.80444,140.44139,3
geonames:2131651,city,浜頓別町,45.13333,142.38333,2
geonames:6324583,city,阿蘇市,32.93726,131.08008,2
geonames:6417193,city,Sakaridani,34.27,132.91667,1
geonames:6417596,city,高野町,34.21294,135.62244,2
geonames:6417759,city,堀越,34.4575,134.30126,2
geonames:6419326,ward,辰巳,35.64725,139.81304,2
geonames:6419355,ward,勝どき,35.65775,139.77489,2
geonames:6419801,city,舞浜,35.62997,139.87957,2
geonames:6691609,city,伊方越,33.50175,132.34217,2
geonames:6691616,city,鬼北町,33.25592,132.68343,2
geonames:6694821,city,南砺市,36.56922,136.91162,3
geonames:6696932,city,Kawage,34.80447,136.54645,1
geonames:6697514,city,Asahi,35.97259,136.12455,1
geonames:6697530,city,池田,35.89211,136.34153,2
geonames:6697563,city,寝屋川市,34.76615,135.62759,3
geonames:6697671,city,梅田,34.70274,135.49778,2
geonames:6698269,city,尾張旭,35.208,137.03,2
geonames:6822096,city,ひたちなか市,36.39659,140.53479,2
geonames:6822097,city,筑西市,36.316,139.98238,2
geonames:6822098,city,かすみがうら市,36.15326,140.24635,2
geonames:6822099,city,土浦,36.09047,140.21047,2
geonames:6822100,city,つくばみらい市,35.98411,140.00929,2
geonames:6822101,city,小美玉市,36.25449,140.37962,2
geonames:6822102,city,常陸大宮,36.56447,140.40269,2
geonames:6822103,city,神栖市,35.89685,140.66666,2
geonames:6822104,city,行方市,36.00705,140.49623,2
geonames:6822105,city,桜川市,36.25052,140.11565,2
geonames:6822106,city,坂東,36.06997,139.86705,2
geonames:6822107,city,常陸太田,36.5513,140.52821,2
geonames:6822108,city,稲敷市,35.95633,140.32356,3
geonames:6822109,city,新富,32.06317,131.48693,2
geonames:6822111,city,安曇野,36.28815,137.88705,2
geonames:6822112,city,千曲市,36.52715,138.08943,2
geonames:6822113,city,村山,38.46972,140.41441,2
geonames:6822114,city,南足柄市,35.31947,139.1096,2
geonames:6822115,city,栗東,35.02745,135.99971,2
geonames:6822116,city,高島市,35.41347,136.01612,2
geonames:6822117,city,甲賀市,34.9802,136.15752,2
geonames:6822119,city,葛城市,34.48562,135.69698,2
geonames:6822120,city,香芝市,34.53472,135.70925,2
geonames:6822122,city,大宇陀山口,34.45923,135.95363,2
geonames:6822123,city,南砺市,36.51274,136.89352,3
geonames:6822124,city,小矢部,36.66667,136.85,2
geonames:6822125,city,射水町,36.76835,137.12572,2
geonames:6822126,city,黒部,36.90123,137.44955,2
geonames:6822128,city,海老名市,35.38121,139.39651,2
geonames:6822129,city,多摩市,35.6436,139.46844,2
geonames:6822130,city,武蔵村山市,35.74242,139.42635,2
geonames:6822132,city,昭島市,35.72085,139.37999,2
geonames:6822136,city,東大和市,35.76298,139.44575,2
geonames:6822137,city,三郷市,35.84373,139.88347,2
geonames:6822138,city,新座市,35.82088,139.55791,2
geonames:6822139,city,砺波,36.62047,136.94321,2
geonames:6822140,city,かほく市,36.75758,136.71162,2
geonames:6822141,city,加賀,36.3,136.33333,2
geonames:6822142,city,珠洲市,37.43459,137.26009,2
geonames:6822143,city,能美町,36.40969,136.48468,2
geonames:6822144,city,松浦市,33.34058,129.69504,2
geonames:6822146,city,大野城市,33.53567,130.47861,3
geonames:6822147,city,春日市,33.52594,130.4611,2
geonames:6822148,city,会津若松,37.49142,139.94546,2
geonames:6822149,city,南相馬,37.62908,140.97868,2
geonames:6822150,city,伊平屋村,27.01896,127.97437,2
geonames:6822151,city,国頭村,26.75886,128.16304,2
geonames:6822152,city,浦添,26.25902,127.73012,2
geonames:6822153,city,うるま市,26.37609,127.85908,2
geonames:6822154,city,常総市,36.03553,139.96143,2
geonames:6822155,city,みどり市,36.44492,139.28448,2
geonames:6822156,city,多良間村,24.66851,124.70259,2
geonames:6822157,city,久米島,26.34052,126.80502,2
geonames:6822158,city,宮古島市,24.79016,125.31109,2
geonames:6822159,city,ふじみ野,35.90196,139.52489,2
geonames:6822161,city,日高市,35.91664,139.36233,2
geonames:6822162,city,東松山,36.03333,139.41667,2
geonames:6822163,city,入間市,35.818,139.368,2
geonames:6822164,city,きたもと,36.03322,139.53775,2
geonames:6822165,city,鶴ヶ島,35.95996,139.40283,2
geonames:6822167,city,匝瑳市,35.71541,140.55309,2
geonames:6822168,city,山武市,35.62756,140.41762,2
geonames:6822169,city,相馬,37.79283,140.92941,2
geonames:6822170,city,田村,37.43055,140.60335,2
geonames:6822171,city,紀の川市,34.26973,135.41045,2
geonames:6822172,city,熊野市,33.90389,136.12214,2
geonames:6822173,city,いなべ市,35.11344,136.57205,2
geonames:6822174,city,那須塩原市,36.97682,140.06642,2
geonames:6822175,city,下野市,36.41323,139.86622,2
geonames:6822176,city,那須烏山市,36.65233,140.16084,2
geonames:6822177,city,東御,36.35582,138.36093,2
geonames:6822178,city,駒ヶ根市,35.71657,137.93745,2
geonames:6822179,city,印西市,35.83479,140.16361,2
geonames:6822180,city,いすみ市,35.23005,140.40492,2
geonames:6822182,city,八千代市,35.73531,140.12445,2
geonames:6822183,city,富里市,35.74483,140.40386,2
geonames:6822184,city,奥州市,39.13927,141.1685,2
geonames:6822185,city,陸前高田,39.02032,141.65418,2
geonames:6822186,city,八幡平市,39.89979,141.12989,2
geonames:6822187,city,二戸,40.29081,141.31334,2
geonames:6822188,city,大崎市,38.58866,140.973,2
geonames:6822189,city,ひがしまつしま,38.40886,141.17901,2
geonames:6822190,city,栗原,38.75,141,2
geonames:6822191,city,伊豆の国,35.03907,138.95143,2
geonames:6822192,city,伊豆市,34.97159,138.94643,2
geonames:6822193,city,菊川,34.70291,138.11978,2
geonames:6822194,city,湖西,34.70053,137.52253,2
geonames:6822195,city,裾野市,35.17388,138.90691,2
geonames:6822196,city,御前崎市,34.59882,138.21934,2
geonames:6822198,city,にかほ市,39.27077,139.93949,2
geonames:6822199,city,大仙市,39.44116,140.48961,2
geonames:6822201,city,男鹿市,39.871,139.84926,2
geonames:6822202,city,由利本荘市,39.3895,140.05813,2
geonames:6822203,city,潟上,39.87869,139.99767,2
geonames:6822204,city,北秋田,40.19956,140.39388,2
geonames:6822205,city,つがる市,40.80357,140.40299,2
geonames:6822206,city,平川市,40.58728,140.57107,2
geonames:6822207,city,十和田市,40.62049,141.21067,2
geonames:6822208,city,北名古屋,35.24702,136.87832,2
geonames:6822209,city,日进市,35.13676,137.05238,2
geonames:6822210,city,豊明市,35.038,136.99931,2
geonames:6822211,city,知多市,35.00267,136.8642,2
geonames:6822212,city,愛西市,35.16349,136.73222,3
geonames:6822213,city,山県市,35.47619,136.7721,2
geonames:6822214,city,羽島市,35.329,136.68051,2
geonames:6822215,city,海津,35.20169,136.63505,2
geonames:6822216,city,可児市,35.40435,137.05595,2
geonames:6822217,city,美濃加茂市,35.48199,137.02166,3
geonames:6822218,city,本巢市,35.48384,136.67443,2
geonames:6822219,city,郡上市,35.73691,136.95852,3
geonames:6822220,city,恵那市,35.44722,137.38332,2
geonames:6822223,city,南城,26.14447,127.76697,2
geonames:6822224,city,中城,26.25,127.78333,2
geonames:6822225,city,八重瀬,26.12733,127.7432,2
geonames:6825488,city,阿賀野,37.77392,139.22192,2
geonames:6825489,city,上越市,37.14828,138.23642,3
geonames:6825490,city,南魚沼,37.08259,138.87413,2
geonames:6825491,city,妙高,37.02534,138.25561,2
geonames:6825492,city,佐渡,38.02496,138.35931,2
geonames:6825493,city,胎内,38.06463,139.4056,2
geonames:6825494,city,魚沼市,37.24488,138.96234,2
geonames:6825495,city,藤井寺,34.5676,135.5974,2
geonames:6825496,city,羽曳野市,34.55276,135.59097,2
geonames:6825497,city,阪南,34.33333,135.25,2
geonames:6825498,city,河内長野,34.44108,135.58283,2
geonames:6825499,city,狭山,34.51685,135.56298,2
geonames:6825500,city,泉南,34.34835,135.26842,2
geonames:6825501,city,四条畷,34.73333,135.68333,2
geonames:6862586,city,北斗市,41.81626,140.63472,2
geonames:6930379,ward,歌舞伎町,35.6946,139.70228,2
geonames:6940394,city,さいたま,35.90807,139.65657,4
geonames:6940395,city,Inba,35.77549,140.2022,1
geonames:6941783,city,Niseko Town,42.77871,140.66903,1
geonames:7279570,city,東村山市,35.75459,139.46852,3
geonames:7281819,city,富士河口湖町,35.48933,138.68832,2
geonames:7302437,city,Hutami,27.08267,142.20137,1
geonames:7303003,city,八幡浜,33.45737,132.4328,2
geonames:7303138,city,霧島,31.74087,130.76288,2
geonames:7303143,city,えりも町,42.01595,143.14853,2
geonames:7303145,city,奄美,28.3769,129.49379,2
geonames:7303387,city,利尻町,45.15928,141.19629,2
geonames:7303471,city,嵐山,35.01481,135.67755,2
geonames:7304042,city,大田市,35.20103,132.49967,3
geonames:7422816,city,太宰府市,33.51278,130.52389,3
geonames:7424125,city,あまくさしやくしょ,32.45861,130.19306,2
geonames:7451505,city,会津美里町,37.40862,139.81317,2
geonames:7522199,ward,池袋,35.73681,139.70711,2
geonames:7522490,ward,六本木,35.66322,139.73219,2
geonames:8125829,city,Kamigyō-ku,35.02954,135.75666,1
geonames:8183916,city,さとはた,38.43216,141.02194,2
geonames:8198709,city,豊前,33.61153,131.13002,2
geonames:8198710,city,Yoshitomi,33.60247,131.17599,1
geonames:8224001,city,Miyako,33.6992,130.92007,1
geonames:8299951,city,伊方町,33.48833,132.35417,2
geonames:8312044,city,しばやま,40.61199,141.33496,2
geonames:8312139,city,犬落瀬,40.60176,141.32662,2
geonames:8312260,city,博労町,40.52352,141.30613,2
geonames:8312261,city,古舘,40.52934,141.30553,2
geonames:8313520,city,なかみ,38.79717,140.5103,2
geonames:8395439,city,豊田,40.74786,141.2494,2
geonames:8412603,city,しらさわ,40.59012,140.28395,2
geonames:8463400,city,ふるかまや,41.51132,140.96255,2
geonames:8469284,city,葛飾区,35.73333,139.85,2
geonames:8469285,city,北区,35.75264,139.73348,2
geonames:8469289,city,大田区,35.56126,139.71605,3
geonames:8476318,city,鶴田町,40.75221,140.43198,2
geonames:8512140,city,いなかだて,40.63096,140.55471,2
geonames:8527821,city,みなみだ,40.21516,141.41845,2
geonames:8553345,city,しもごとう,40.49218,141.17573,2
geonames:8561397,city,七区,40.40089,141.27271,2
geonames:8570265,city,しんでん,35.99971,139.62486,2
geonames:8571652,city,ふゆぎ,36.09644,139.74531,2
geonames:8572218,city,鷲宮,36.09916,139.66041,2
geonames:8572291,city,さしおうぎ,35.9141,139.58046,2
geonames:8572754,ward,ぬくい,35.74045,139.63136,2
geonames:8572758,city,ひがしふしみ,35.72525,139.56031,2
geonames:8572855,ward,境,35.70571,139.54381,2
geonames:8572879,city,大泉学園町,35.7653,139.58877,2
geonames:8572880,city,大泉町,35.76478,139.60216,2
geonames:8572883,ward,ひかりがおか,35.75739,139.62727,2
geonames:8572884,city,へいわだい,35.75762,139.65984,2
geonames:8572885,city,ひかわだい,35.75512,139.66758,2
geonames:8572886,ward,さくらだい,35.74405,139.66071,2
geonames:8572938,city,せきまちみなみ,35.72138,139.58077,2
geonames:8572942,ward,ふなど,35.79406,139.68111,2
geonames:8572943,city,志村,35.77596,139.69037,2
geonames:8572948,ward,あかつか,35.77735,139.64376,2
geonames:8572949,city,なります,35.78355,139.6323,2
geonames:8572984,ward,たかしまだいら,35.78611,139.66118,2
geonames:8572985,ward,はすね,35.78302,139.67556,2
geonames:8572992,ward,うきま,35.791,139.69777,2
geonames:8572994,ward,としま,35.76126,139.74491,2
geonames:8573184,ward,ながさき,35.72983,139.68857,2
geonames:8573188,ward,すがも,35.73484,139.73326,2
geonames:8573477,ward,よつや,35.68972,139.71641,2
geonames:8573523,ward,さぎのみや,35.72446,139.63724,2
geonames:8573526,city,ぬまぶくろ,35.72174,139.66625,2
geonames:8573531,ward,ささづか,35.67552,139.6666,2
geonames:8573533,city,はつだい,35.67729,139.68588,2
geonames:8573577,city,かみいぐさ,35.72262,139.60639,2
geonames:8573717,city,しもいぐさ,35.72147,139.62196,2
geonames:8573723,ward,えいふく,35.6755,139.63992,2
geonames:8576449,ward,若林,35.6464,139.65947,2
geonames:8576451,ward,豪徳寺,35.65028,139.64727,2
geonames:8576453,ward,用賀,35.6253,139.63891,2
geonames:8576480,ward,中延,35.60498,139.71011,2
geonames:8576482,city,荏原,35.61298,139.70315,2
geonames:8576501,ward,中目黒,35.6389,139.70065,2
geonames:8576507,ward,池上,35.57667,139.70517,2
geonames:8576625,city,登戶,35.62203,139.56051,2
geonames:8576668,ward,百合丘,35.6047,139.51714,2
geonames:8576683,ward,青葉台,35.54651,139.51723,2
geonames:8601397,city,伊仙町,27.67609,128.93722,2
geonames:8601548,city,徳和瀬,27.75575,129.03005,2
geonames:8604581,city,三朝,35.41,133.89472,2
geonames:8604658,city,富士見町,35.90087,138.25041,2
geonames:8604660,city,忍野村,35.45938,138.85852,2
geonames:8611025,city,餅原,31.75506,131.12977,2
geonames:8629834,city,片品村,36.83897,139.2627,2
geonames:8630153,city,白馬村,36.69818,137.86185,2
geonames:8649940,city,郡,36.01444,133.04103,2
geonames:8651153,city,西田,36.19999,133.30508,2
geonames:8659953,city,丸尾原,34.73925,138.14303,2
geonames:8660185,city,川津筏場,34.77158,138.96626,2
geonames:8662902,city,中島,36.46402,136.5871,2
geonames:8672343,city,越,36.90591,137.57129,2
geonames:8673943,city,和田,36.61268,137.99212,2
geonames:8675224,city,上竹田,36.17605,137.87481,2
geonames:8675343,city,針尾,36.11961,137.84278,2
geonames:8715035,city,中野区,35.70449,139.66946,3
geonames:8716504,city,助川,38.75225,139.85962,2
geonames:8722060,city,ながせ,35.22952,139.71555,2
geonames:8991674,city,谷地小屋,37.87671,140.90528,2
geonames:8991757,city,井出,37.29295,140.98432,2
geonames:8992021,city,下松本,37.25312,140.24231,2
geonames:8992027,city,泉崎村,37.15937,140.29692,2
geonames:8992030,city,川原田,37.12749,140.35049,2
geonames:8992041,city,北須釜,37.22037,140.45335,2
geonames:8992293,city,岳温泉,37.60609,140.35512,2
geonames:8992454,city,山木屋,37.60526,140.66054,2
geonames:8996468,city,下中津川,37.33731,139.60694,2
geonames:8996511,city,水無,37.1824,139.80061,2
geonames:8997515,city,弥五島,37.26868,139.88718,2
geonames:9009219,city,北方,37.18981,140.58498,2
geonames:9015407,city,小竹,33.6911,130.71193,2
geonames:9016112,city,上糸田,33.65617,130.78224,2
geonames:9017898,city,山隈,33.42118,130.6136,2
geonames:9098577,city,上厚真,42.64401,141.84737,2
geonames:9116882,city,小海原,36.05572,138.47822,2
geonames:9116889,city,栗生川,36.03133,138.55543,2
geonames:9116893,city,中尾,36.0599,138.55857,2
geonames:9120296,city,中山,36.6865,138.36841,2
geonames:9120324,city,平穏,36.74655,138.41858,2
geonames:9120506,city,上木島,36.83529,138.40825,2
geonames:9127236,city,森下,36.61324,139.04959,2
geonames:9183312,city,ひろばば,36.42308,138.96974,2
geonames:9188982,city,大輪,36.19944,139.49465,2
geonames:9190392,city,小倉,36.4569,138.99513,2
geonames:9191293,city,植竹,36.21442,139.09882,2
geonames:9191703,city,長瀞,36.10311,139.10951,2
geonames:9192643,city,山田,36.08171,139.37162,2
geonames:9192873,city,大串,36.02234,139.4664,2
geonames:9197266,city,奥野,34.12245,134.4927,2
geonames:9197267,city,矢上,34.1385,134.50185,2
geonames:9199689,city,平木,34.2706,134.13074,2
geonames:9277769,city,余野,34.92194,135.4952,2
geonames:9277789,city,大里,34.96902,135.41064,2
geonames:9287951,city,太子町,34.5202,135.63563,2
geonames:9288247,city,加納,34.49323,135.63887,2
geonames:9289461,city,水分,34.46549,135.62603,2
geonames:9289915,city,新今里,34.66161,135.54788,2
geonames:9290061,city,肝川,34.87969,135.36698,2
geonames:9291610,city,東中,34.01942,135.18453,2
geonames:9291689,city,糸川,34.02619,135.25281,2
geonames:9291715,city,西野,34.16889,135.35297,2
geonames:9629061,city,赤滝,34.3034,135.88161,2
geonames:9629442,city,高原,34.32324,135.95013,2
geonames:9631702,city,小川,34.40498,135.9702,2
geonames:9632717,city,今井,34.51324,136.12393,2
geonames:9632904,city,敷津,34.51244,136.2029,2
geonames:9633009,city,結崎,34.58669,135.77851,2
geonames:9633045,city,伴堂,34.57294,135.77088,2
geonames:9633084,city,疋相,34.54416,135.7382,2
geonames:9633110,city,上牧町,34.56419,135.70627,2
geonames:9633120,city,高塚台,34.58271,135.72605,2
geonames:9633180,city,立野北,34.59677,135.69285,2
geonames:9633186,city,福貴,34.62996,135.69643,2
geonames:9634452,city,大西,34.6795,136.04265,2
geonames:9634520,city,北大河原,34.77428,135.99786,2
geonames:9634762,city,菅井,34.75484,135.79684,2
geonames:9634904,city,長岡,34.93097,135.69203,2
geonames:9635322,city,佐山,34.87532,135.75021,2
geonames:9636636,city,立川,34.85123,135.87794,2
geonames:9636928,city,井手町,34.79965,135.81247,2
geonames:9637023,city,釜塚,34.79733,135.90876,2
geonames:9638518,city,青山羽根,34.66161,136.17042,2
geonames:9640343,city,崎,34.29776,136.39308,2
geonames:9814840,city,北,40.02863,139.95951,2
geonames:9815399,city,峰浜目名潟,40.31744,140.04065,2
geonames:9817839,city,藤琴,40.28079,140.26257,2
geonames:9818357,city,小沢田,40.06449,140.29092,2
geonames:9865313,city,飯島,36.09005,136.35994,2
geonames:9888197,city,山田,33.66322,130.488,2
geonames:9888360,city,片縄,33.52111,130.42444,2
geonames:9889353,city,諸浦,33.4736,129.87202,2
geonames:9890410,city,東郷,33.19081,130.13804,2
geonames:9891071,city,石動,33.36154,130.40476,2
geonames:9891099,city,坊所,33.32007,130.42222,2
geonames:9891157,city,中津隈,33.32351,130.44218,2
geonames:9891173,city,園部,33.42379,130.49925,2
geonames:9891404,city,八町牟田,33.21071,130.43386,2
mlit:st-001de5c2cadb6a3c,station,岡町,34.77892,135.46507,2
mlit:st-002988f54f566240,station,石神前,35.79683,139.225135,2
mlit:st-0033c187f385f06a,station,波川,33.543755,133.41398,2
mlit:st-00389f570563c58c,station,遥堪,35.38922,132.72629,2
mlit:st-003be00fdb48f670,station,陸前山王,38.299587,140.979478,2
mlit:st-004e6d3c04951c43,station,入谷,35.720675,139.78455,2
mlit:st-0055fbc0429f3c90,station,JR淡路,34.740801,135.519815,2
mlit:st-005930c07996e2f1,station,新崎,37.922425,139.15837,2
mlit:st-0069508263489af7,station,玉造,34.674075,135.531504,2
mlit:st-0069b73cc5a37598,station,梅津寺,33.87462,132.70763,2
mlit:st-0070739a05cdb40d,station,金石原,33.26542,129.93503,2
mlit:st-00708a20c9874aa7,station,医王寺前,37.816033,140.44633,2
mlit:st-0074c87bce6864d6,station,母恋,42.317297,140.989817,2
mlit:st-00758cd450103e42,station,高知城前,33.55842,133.534185,2
mlit:st-0087f0c210cf0937,station,浅虫温泉,40.891405,140.86248,2
mlit:st-008f9e16baebeec7,station,西泉,36.55339,136.633367,2
mlit:st-00936354d275af2a,station,水落,35.96228,136.183125,2
mlit:st-00970d5345290447,station,鹿瀬,37.69596,139.48023,2
mlit:st-0097bf0354486c5b,station,筑後草野,33.322105,130.64218,2
mlit:st-009c75d4d7b2eb4c,station,西ノ京,34.67065,135.78317,2
mlit:st-00a18f02536cc101,station,草加,35.82838,139.803455,2
mlit:st-00a50d90373aa536,station,西粟倉,35.160345,134.33578,2
mlit:st-00d77e6cb395dd47,station,松浦,33.34423,129.707825,2
mlit:st-00eb269484790206,station,六町,35.78478,139.821805,2
mlit:st-00f4740a5c59383a,station,赤迫,32.793985,129.85739,2
mlit:st-010bf4c3158d952e,station,敬川,34.97782,132.174025,2
mlit:st-011cd946dd1306be,station,角田,37.97929,140.77241,2
mlit:st-0128cf7fe1410c2f,station,豊後竹田,32.97094,131.38983,2
mlit:st-012dc556d2fa3709,station,上強羅,35.24714,139.037725,2
mlit:st-0131e4917cbdb059,station,ふじみ野,35.860745,139.52309,2
mlit:st-013494ae4e1df448,station,霧島温泉,31.868147,130.734373,2
mlit:st-013af0171d5f7c37,station,道徳,35.1057,136.90952,2
mlit:st-0143a15eb4ba6cd0,station,千里中央,34.808888,135.49518,2
mlit:st-0146df7593ac9c24,station,塩入,34.156095,133.84994,2
mlit:st-01612a7bb10611ca,station,雀田,33.960637,131.186908,2
mlit:st-016d965a477b2aed,station,深川,43.72125,142.041448,2
mlit:st-017d50353849ba82,station,野州平川,36.40156,139.75378,2
mlit:st-018b24b35dd371d1,station,生野屋,34.03548,131.887365,2
mlit:st-01948546a301eb6b,station,備中呉妹,34.62163,133.661847,2
mlit:st-019870a29861679a,station,河曲,34.897885,136.568035,2
mlit:st-01a2c57570146983,station,北千里,34.819905,135.51103,2
mlit:st-01abcd0cab9fd710,station,善光寺,35.659835,138.589225,2
mlit:st-01ac6a5a08c218b0,station,真室川,38.858305,140.254865,2
mlit:st-01aceb605cf3dd9b,station,天下茶屋,34.63708,135.496818,2
mlit:st-01bb60e1abc743eb,station,中愛別,43.896225,142.65548,2
mlit:st-01c0a106d8c2da50,station,経塚,26.236704,127.728521,2
mlit:st-01d2ac827577deb0,station,黒松,35.057025,132.3134,2
mlit:st-01d8efae1aee2d2c,station,東武金崎,36.4663,139.749485,2
mlit:st-01d9ccaa1c5b2a2f,station,岳南富士岡,35.16095,138.72339,2
mlit:st-01e05d3acb3f54ce,station,阿波中島,33.94127,134.664635,2
mlit:st-01e7e6d8da9bd840,station,阿波橘,33.8885,134.65138,2
mlit:st-01e99ab8e5864adb,station,宇治,34.89516,135.806335,2
mlit:st-01ea011d1f7fce48,station,鳴子北,35.1027,136.966165,2
mlit:st-01eaf04eb43e26ca,station,市川大門,35.560465,138.493205,2
mlit:st-01f69142d79d318d,station,沼津,35.103123,138.860203,2
mlit:st-01f7aeb08d079fdc,station,茨木市,34.8165,135.57568,2
mlit:st-0201c1f63f1ed22b,station,公津の杜,35.76021,140.294445,2
mlit:st-02102fd7869b42e3,station,羽根尾,36.550165,138.605495,2
mlit:st-0213b05fd0e59a35,station,梅小路京都西,34.989023,135.743152,2
mlit:st-02171314e9819e3a,station,洞泉,39.25045,141.76019,2
mlit:st-021a067225d5e7dd,station,下川合,35.06933,137.78639,2
mlit:st-021deac671c9308b,station,平和通,33.88294,130.88119,2
mlit:st-0223c896ad0c4a26,station,智頭,35.265105,134.22558,2
mlit:st-022901b2788d74c9,station,東海大学前,35.372915,139.27094,2
mlit:st-023022fe97af3bed,station,芦屋川,34.73639,135.30079,2
mlit:st-0230f6eb7699b5ff,station,貴志,34.2094,135.31185,2
mlit:st-023ee50e4a11a427,station,舞子公園,34.634225,135.033855,2
mlit:st-0244def9366eec2b,station,テレコムセンター,35.617725,139.779665,2
mlit:st-02559bb3a8ca7288,station,時庭,38.076673,140.029597,2
mlit:st-0262702d46bf5fdf,station,八木原,36.46379,139.01925,2
mlit:st-026d84b9ffe0c992,station,千城台北,35.627555,140.18201,2
mlit:st-029fef57269c2efe,station,寺尾,37.879197,138.97395,2
mlit:st-02a4e5422fe01f74,station,会津塩沢,37.393615,139.35511,2
mlit:st-02a5693ff0ad1a21,station,百舌鳥,34.55854,135.48914,2
mlit:st-02a9b0341b37d9a8,station,新庄田中,36.697917,137.241081,2
mlit:st-02b27321faa4ba3d,station,獨協大学前,35.8433,139.800675,2
mlit:st-02c1ffbfce21fa23,station,宇頭,34.971315,137.118105,2
mlit:st-02caaefeda8e0c5f,station,城ヶ崎海岸,34.890185,139.121927,2
mlit:st-02e8c75efdedcbd7,station,足柄,35.33207,138.981753,2
mlit:st-02ef8cc96e298bd5,station,大和西大寺,34.69365,135.78307,2
mlit:st-02f151a42e3853bc,station,今川,38.410145,139.46838,2
mlit:st-02fa5b2fbb081799,station,神宮前,35.125705,136.912565,2
mlit:st-0313760820d8b19c,station,山ノ目,38.951325,141.13197,2
mlit:st-0315a160a05bc987,station,西御坊,33.886345,135.152945,2
mlit:st-0318df3d8109c301,station,五知,34.40668,136.810095,2
mlit:st-0332cb3cf5fd8904,station,京都河原町,35.00378,135.768723,2
mlit:st-033406909870ebad,station,長門古市,34.3885,131.10165,2
mlit:st-033716b139ec649e,station,蹴上,35.008007,135.790397,2
mlit:st-0338ff52d2f39dee,station,京ヶ瀬,37.817625,139.178475,2
mlit:st-033f35b5800b2a7f,station,志賀本通,35.196275,136.921215,2
mlit:st-0343952ada378834,station,西浦,34.78997,137.17871,2
mlit:st-034622bfce10c258,station,美瑛,43.591185,142.461695,2
mlit:st-034a58a8d1fa6d5b,station,茂里町,32.76398,129.86449,2
mlit:st-034d5dea628cb788,station,鴨方,34.527235,133.5877,2
mlit:st-034d9b5de87fd498,station,野間,34.7723,136.86075,2
mlit:st-03511f77b785dfa6,station,新松戸,35.825462,139.921152,2
mlit:st-03590ceeeef97f74,station,楽田,35.330555,136.95009,2
mlit:st-03592b4e131f331d,station,岩出山,38.652497,140.871557,2
mlit:st-035b388bee64a776,station,田尾寺,34.835585,135.22618,2
mlit:st-0362e4b85b979d6d,station,宇治,34.89038,135.80081,2
mlit:st-0363c10cb32d68e2,station,春賀,33.55565,132.555305,2
mlit:st-037245b44f30ccb2,station,鳥取大学前,35.51816,134.173855,2
mlit:st-037a5e631b3d4ba1,station,伊佐領,38.05105,139.82265,2
mlit:st-037ed91eb2f4c7e3,station,宮守,39.351075,141.35029,2
mlit:st-038102d91f25ba8a,station,飯浦,34.66873,131.702133,2
mlit:st-038ff2b8049b1cbd,station,勇知,45.25923,141.68517,2
mlit:st-03979ac9bf9f287b,station,篠原,35.15473,137.12077,2
mlit:st-03a1789f715dbc51,station,苦竹,38.268833,140.91907,2
mlit:st-03a8e6e142a684ca,station,府中本町,35.665832,139.477177,2
mlit:st-03af6ff985b48bda,station,祇園,35.391615,139.948385,2
mlit:st-03b0ab91db5c6eca,station,鷹ノ子,33.812525,132.815345,2
mlit:st-03b2e4a4f73b6da3,station,上相浦,33.195175,129.670405,2
mlit:st-03b6d5be49d7e351,station,新富町,36.69886,137.211435,2
mlit:st-03bc11280e4cabc5,station,新富士,43.0016,144.350805,2
mlit:st-03c15b822e73e068,station,本町三丁目,33.845125,132.758695,2
mlit:st-03c50514ee3fbdcc,station,郵便局前,34.662745,133.926325,2
mlit:st-03c87969e26d489b,station,芳賀・高根沢工業団地,36.578482,140.012047,2
mlit:st-03c99c9931e23051,station,清水,35.187095,136.91394,2
mlit:st-03ceb2926516e78b,station,吉田口,34.66409,132.74585,2
mlit:st-03d267a981e2c957,station,新尾道,34.43008,133.190215,2
mlit:st-03d4fcddc7fbf0ea,station,東清川,35.39,139.98582,2
mlit:st-03dcd65b090f581e,station,西国立,35.69379,139.423905,2
mlit:st-03e2e00b3df8808a,station,白神岳登山口,40.51349,139.950355,2
mlit:st-03e3104f59b08af6,station,板橋本町,35.7611,139.705605,2
mlit:st-03e782916d1fbcd9,station,西浜町,32.74372,129.87604,2
mlit:st-03ee2b118d2366be,station,北山形,38.265687,140.332472,2
mlit:st-03ef16ba4e21e339,station,北河内,34.17598,132.06458,2
mlit:st-03fd2666d8dbb364,station,黒子,36.2472,139.975,2
mlit:st-03fe472fc991b14b,station,筑前大分,33.59015,130.62984,2
mlit:st-040a60ba47d241da,station,智恵文,44.45551,142.41481,2
mlit:st-041b4dee1cde1a0c,station,鵡川,42.578955,141.923955,2
mlit:st-041e85afbafb05fe,station,鶴ヶ丘,34.618025,135.5171,2
mlit:st-042381dccfd52270,station,安芸矢口,34.463565,132.495055,2
mlit:st-04273b817cd9bdba,station,国府宮,35.25428,136.802935,2
mlit:st-04357bcc5d0c62cc,station,福地,34.84469,137.048555,2
mlit:st-043db724d3a11de2,station,松崎,33.399735,130.582105,2
mlit:st-0441c8aee71f4040,station,香登,34.72791,134.12021,2
mlit:st-0449fdf8a73328fa,station,荒屋新町,40.097715,141.04925,2
mlit:st-0452fc0df579c6d7,station,大富,34.661405,134.070895,2
mlit:st-0462e44adf95228a,station,北新川,34.905975,136.992485,2
mlit:st-04697fb857a74572,station,妙見口,34.911515,135.44458,2
mlit:st-047903a5feb3ea76,station,船橋競馬場,35.689642,139.997955,2
mlit:st-0484de6a99908cb6,station,春日井,35.25036,136.936235,2
mlit:st-0485f493df42bee1,station,野志,35.32207,137.389387,2
mlit:st-0497ebb97a2ff2ea,station,三河上郷,35.01241,137.13276,2
mlit:st-049a96cde6506469,station,安房勝山,35.114065,139.83341,2
mlit:st-049f91d0f949bc3e,station,なにわ橋,34.692285,135.50799,2
mlit:st-04a1ef4010ede00c,station,舟入町,34.389403,132.44503,2
mlit:st-04a59c8fd935592b,station,比治山下,34.387043,132.471143,2
mlit:st-04b8289cd0484388,station,長洲,32.935145,130.455595,2
mlit:st-04c66312b725266a,station,貞光,34.03931,134.059315,2
mlit:st-04cb025609b04465,station,大形,37.91543,139.129335,2
mlit:st-04dbf6cc667a678c,station,横川一丁目,34.407105,132.45007,2
mlit:st-04e56902e1634cdd,station,向能代,40.225675,140.03922,2
mlit:st-04ecc5327f58037f,station,新野,33.8468,134.60033,2
mlit:st-04f79d88cbd84541,station,土佐昭和,33.220023,132.897557,2
mlit:st-04fd56ab77c90740,station,南木曽,35.599043,137.6087,2
mlit:st-04fdad3efe5c8583,station,伊勢原,35.39609,139.313795,2
mlit:st-04fde4ba7baaaf77,station,長泉なめり,35.147345,138.899325,2
mlit:st-050039ae04b80744,station,柚木,35.15731,138.63911,2
mlit:st-05074af9feec465a,station,北仙台,38.282027,140.869393,2
mlit:st-0507ebb549bde62e,station,能見台,35.360557,139.62923,2
mlit:st-0508297601770ffb,station,安比高原,40.012635,140.99732,2
mlit:st-0510d29b61e22ba6,station,二井田,37.827815,140.580375,2
mlit:st-0511eb54332999e7,station,羽前豊里,38.836755,140.2423,2
mlit:st-05120beb2c9310f7,station,大町西公園,38.25893,140.864586,2
mlit:st-05160a38cf1e4378,station,御領,31.25208,130.468655,2
mlit:st-051ea498ee4e6273,station,川原町,34.977302,136.623307,2
mlit:st-0522fbd99fca109e,station,福部,35.54558,134.28731,2
mlit:st-052702f0aa163b07,station,近田,34.54634,133.31094,2
mlit:st-052766c28aedf701,station,恵我ノ荘,34.57356,135.57282,2
mlit:st-052b2cd5b3ca3153,station,西前田,34.296025,134.104765,2
mlit:st-05370efa4c2f68f4,station,由仁,43.012245,141.78585,2
mlit:st-0539ce3bc32fe3b4,station,味岡,35.309375,136.940335,2
mlit:st-053d87492255fc47,station,沢良宜,34.794015,135.56596,2
mlit:st-053f970c5f23f475,station,樫山,34.820475,134.949805,2
mlit:st-054f06422f58857f,station,浅野,35.497445,139.69571,2
mlit:st-05542ea236422788,station,花園,34.33461,134.059115,2
mlit:st-05617b154ad8a082,station,泉中央,38.322965,140.880665,2
mlit:st-05742f4d1df02275,station,新橋,35.666116,139.758745,2
mlit:st-05749c0ffdf79ee3,station,平岸,43.03462,141.36837,2
mlit:st-057b368e84c7fd98,station,松葉,39.744125,140.59032,2
mlit:st-057f813570e178fe,station,三滝,34.41726,132.447437,2
mlit:st-05856c48e593234e,station,住吉通,33.57637,133.636473,2
mlit:st-058e8fe751754e0b,station,犬山口,35.37423,136.93997,2
mlit:st-05a66021892aede8,station,鹿児島駅前,31.601195,130.56235,2
mlit:st-05aec4d7a4a8502b,station,下之郷,36.363235,138.217195,2
mlit:st-05aeca2d5e4700bd,station,清水公園,35.958795,139.860305,2
mlit:st-05be8a1e90f77f15,station,開,33.097285,130.45307,2
mlit:st-05c0a8a3f0764dd7,station,住吉,34.719582,135.262444,2
mlit:st-05c60e31c6559aa1,station,大善寺,33.27044,130.474065,2
mlit:st-05c96b0fe9f05016,station,鴨川,34.306905,133.905265,2
mlit:st-05dabe23baac2b7e,station,森,42.108885,140.574025,2
mlit:st-05e0f99aa2676e57,station,園部,35.10217,135.483455,2
mlit:st-05eaa040799c0485,station,所沢,35.786752,139.473363,2
mlit:st-06007fdd6f3b267e,station,隼,35.388775,134.27037,2
mlit:st-0607d314f3cf1823,station,貿易センター,34.689365,135.19946,2
mlit:st-06097baf4b712ba0,station,地御前,34.340885,132.32005,2
mlit:st-061c4c291b7b1afd,station,西舞鶴,35.441855,135.330562,2
mlit:st-062ceb515396268a,station,日宇,33.15742,129.758305,2
mlit:st-06312a0f469dd58b,station,赤野,33.51603,133.82479,2
mlit:st-06369cdb9b4a585c,station,栄町,35.170485,136.908845,2
mlit:st-063715d485b10479,station,浦安,35.665855,139.89314,2
mlit:st-063b22bf9e6fdedb,station,西瑞穂,43.702465,142.382115,2
mlit:st-063d58bfc1cde0ae,station,京成酒々井,35.736915,140.270175,2
mlit:st-063fcbef712e8788,station,浜山公園北口,35.38907,132.708135,2
mlit:st-063fe81b20569950,station,南安城,34.951905,137.092602,2
mlit:st-06403378c0973767,station,能町口,36.77315,137.048775,2
mlit:st-06441aba0be4d528,station,西牟田,33.246265,130.501018,2
mlit:st-06456e3e085b99b1,station,馬庭,36.26147,139.00964,2
mlit:st-064662b290fa9955,station,明峰,36.425305,136.46316,2
mlit:st-065332e7febc1bd8,station,東仙台,38.27624,140.91964,2
mlit:st-06565348435755e1,station,新高円寺,35.69786,139.64851,2
mlit:st-0659c41a90c9f86a,station,各務ケ原,35.40388,136.901063,2
mlit:st-065d319ed19b37e5,station,相月,35.11491,137.85436,2
mlit:st-066218c5127743b5,station,大胡,36.412695,139.15629,2
mlit:st-066ad72d1a97edd5,station,陸前谷地,38.565135,140.99954,2
mlit:st-0670fe21c35f490b,station,吉川美南,35.868087,139.858121,2
mlit:st-06759028e083f8d1,station,向山,40.630235,141.37025,2
mlit:st-067ca13126841238,station,琴芝,33.952635,131.252385,2
mlit:st-0683c27f5c1827f3,station,茶屋町,34.57698,133.825765,2
mlit:st-0688a5baa1e205c5,station,陸奥横浜,41.086635,141.24984,2
mlit:st-068f7eba8db29ef2,station,フェリーターミナル,34.619295,135.434935,2
mlit:st-0699ca7ca8e8e99e,station,隈之城,31.792575,130.307075,2
mlit:st-06a4db16276d4a6d,station,西勝間田,35.043445,134.089515,2
mlit:st-06a5e8b73e45e3bb,station,ひこね芹川,35.262148,136.261179,2
mlit:st-06ac79321ca03dd4,station,東石黒,36.576205,136.89854,2
mlit:st-06b46907fc22eb96,station,田川市立病院,33.660572,130.80253,2
mlit:st-06b63329c3aae423,station,野木沢,37.17521,140.421,2
mlit:st-06bf4779b84cd73e,station,南港口,34.61382,135.445875,2
mlit:st-06c517b4d2417f4c,station,東大島,35.689864,139.84728,2
mlit:st-06d4783eaefdee83,station,朝日通,31.59478,130.557237,2
mlit:st-06d71da8fb009445,station,平安通,35.196053,136.929802,2
mlit:st-06e6700a1abc0bd0,station,堺,34.58171,135.46855,2
mlit:st-06f51751917430b8,station,上米内,39.74391,141.20381,2
mlit:st-06f5d419807e8e95,station,波多浦,32.61524,130.487927,2
mlit:st-06fae335974dbdf4,station,土佐長岡,33.591735,133.662285,2
mlit:st-06fc950764a8fe8f,station,佐久平,36.277888,138.464035,2
mlit:st-0703d31d9dd62890,station,古国府,33.22064,131.608305,2
mlit:st-0704c1a4815afc56,station,植田,34.710975,137.373245,2
mlit:st-070cf2bcd2fe2550,station,十和田南,40.25597,140.77067,2
mlit:st-071546f89bac1702,station,左京山,35.07052,136.96038,2
mlit:st-0715e639cea3bbb9,station,田布施,33.95876,132.04391,2
mlit:st-071df5f92e1348a4,station,荻生,36.87503,137.45926,2
mlit:st-071f1e70d865a930,station,西古川,38.57816,140.89546,2
mlit:st-07357435f00d70b3,station,新白島,34.408417,132.461132,2
mlit:st-0737df169dee4ec7,station,丹波大山,35.0724,135.168565,2
mlit:st-0743ff75cc32632d,station,田井ノ瀬,34.242075,135.229445,2
mlit:st-07454c6c1077eb2e,station,岡田,34.221275,133.86171,2
mlit:st-0756c4564b053602,station,久我山,35.68814,139.599325,2
mlit:st-07584478dbdc6bc0,station,会津坂下,37.556774,139.821422,2
mlit:st-0759ac8b9a921bed,station,升形,38.75158,140.24426,2
mlit:st-07622344156daa6b,station,鳩ノ巣,35.815105,139.12894,2
mlit:st-0762c9b85a07b37f,station,千歳烏山,35.667835,139.600375,2
mlit:st-0767ccf9d6b6e901,station,横川目,39.30924,140.9722,2
mlit:st-076d3a299c6572d3,station,桑折,37.85517,140.517315,2
mlit:st-076dac2a5019605f,station,宇品五丁目,34.357985,132.463915,2
mlit:st-076e77aa42e7de27,station,伊賀上野,34.789011,136.122762,2
mlit:st-07713b31cb2cdf71,station,鷹ノ巣,40.232202,140.36967,2
mlit:st-0777dc0fb078102b,station,北細野,36.40644,137.86273,2
mlit:st-077f3429b55da735,station,網田,32.667447,130.54684,2
mlit:st-0785d08bc4a6cc0e,station,塩之沢,35.379675,138.4539,2
mlit:st-078bcb3dccbefcb7,station,穴吹,34.055782,134.163962,2
mlit:st-07925666e22f6d6b,station,井土ヶ谷,35.433875,139.600525,2
mlit:st-07946dfc917eb806,station,早来,42.765275,141.81411,2
mlit:st-079f3039ce2c3745,station,東森,42.106805,140.593545,2
mlit:st-07a374869147f8f0,station,西高屋,34.446225,132.78822,2
mlit:st-07b44c4b78a227e4,station,東浦和,35.864057,139.704537,2
mlit:st-07b584ce7f7bf7f6,station,新高岡,36.726754,137.01111,2
mlit:st-07b77031fe6ac790,station,阿品,34.323491,132.314432,2
mlit:st-07bc9eb9d2d1c74e,station,岩国,34.17178,132.22561,2
mlit:st-07bd772b176f99e8,station,前畑,34.765755,137.40449,2
mlit:st-07bfdd7841f2fcbe,station,喜多灘,33.637166,132.531516,2
mlit:st-07c961356c0e055c,station,鬼無,34.3254,133.993735,2
mlit:st-07ce9dec44e7eed6,station,京成幕張,35.660562,140.056005,2
mlit:st-07e4ee986a8aef68,station,鶴羽,34.280005,134.273965,2
mlit:st-07eec406d87bbc48,station,新青森,40.827717,140.693442,2
mlit:st-07f0c01328d69171,station,馬喰町,35.693337,139.782385,2
mlit:st-07fe1fb02a93e64f,station,武佐,35.11487,136.130645,2
mlit:st-0806fb7ad671aa61,station,公園西,35.1743,137.076855,2
mlit:st-080d87ab35517eda,station,中福良,31.813895,130.733025,2
mlit:st-080f7cbc7b31c6ef,station,柳津,35.365037,136.739928,2
mlit:st-081c4dd8d28a5484,station,九条,34.674418,135.473988,2
mlit:st-0820daac0918f3a3,station,私市,34.767635,135.686565,2
mlit:st-082d6f2f1836e35c,station,西明寺,39.653165,140.563035,2
mlit:st-0833d62ba26c0916,station,真幸,32.074525,130.72911,2
mlit:st-0836d74b451bb008,station,帝塚山四丁目,34.617618,135.49898,2
mlit:st-083c106bb81a659a,station,芦沢,38.655465,140.36106,2
mlit:st-083daf3c901e7ede,station,弥生台,35.42993,139.506635,2
mlit:st-0845fdc5a626ba01,station,小諸,36.32566,138.422821,2
mlit:st-084c7118f4ca7aab,station,近川,41.191305,141.279285,2
mlit:st-085277d83fe0ed3b,station,海の王迎,33.04051,133.04705,2
mlit:st-085c0014b722d849,station,萩原天神,34.537075,135.53503,2
mlit:st-086c5568f6f53b2f,station,栃屋,36.869775,137.505965,2
mlit:st-086c97598ebbcbb6,station,自衛隊前,43.006005,141.364915,2
mlit:st-086d245d924f7c88,station,取手,35.895994,140.063163,2
mlit:st-0870cb71ba48bbec,station,糸島高校前,33.56078,130.213598,2
mlit:st-0873a64d3702bb6e,station,茂市,39.620595,141.7993,2
mlit:st-087736054b62a43a,station,岡本,34.729175,135.27594,2
mlit:st-088a36d6be40cd8b,station,愛野,34.752455,137.961845,2
mlit:st-0891bba6674888e1,station,多々良,36.27368,139.50032,2
mlit:st-089968b697348a66,station,小田林,36.30079,139.853605,2
mlit:st-089f3ff9308406f1,station,二島,33.889436,130.748796,2
mlit:st-08a7acdad0be1c62,station,ひめじ別所,34.80556,134.752975,2
mlit:st-08adece3b976203c,station,高知駅前,33.566515,133.543695,2
mlit:st-08b6149e25ffa6ef,station,老津,34.69222,137.334955,2
mlit:st-08b63f41a1f9cadc,station,市立体育館前（県庁通）,32.788345,130.734775,2
mlit:st-08b6703bee0d3def,station,仏生山,34.28363,134.042725,2
mlit:st-08b7029aafb7d7b2,station,九度山,34.28779,135.5645,2
mlit:st-08b7cc44ade29bb6,station,石見津田,34.722725,131.86476,2
mlit:st-08b9458752612a24,station,海老津,33.840072,130.623532,2
mlit:st-08ba3289b33c419c,station,越部,34.38612,135.80288,2
mlit:st-08bf8f1aacf83ed7,station,京成大久保,35.685925,140.048605,2
mlit:st-08c321ba05dac707,station,岩沼,38.111865,140.863655,2
mlit:st-08ca5023e5c2c27c,station,平岩,36.886875,137.865625,2
mlit:st-08cb0343ecaf3c4b,station,南延岡,32.559635,131.676885,2
mlit:st-08d253ab1b9dd9b4,station,水原,37.83656,139.217192,2
mlit:st-08d8d530a744bed6,station,上島,34.741545,137.74557,2
mlit:st-08dbae614442e7e8,station,蘭越,42.804535,140.528955,2
mlit:st-08e4dec2650b0346,station,湘南江の島,35.311875,139.487815,2
mlit:st-08e9a110ad51f444,station,茂原,35.42683,140.30407,2
mlit:st-08f9df9708afb03c,station,越前大野,35.98324,136.496947,2
mlit:st-09052a7b4239df7f,station,大正,34.665675,135.479382,2
mlit:st-09078aabbb76205b,station,南吉田,37.671975,138.871045,2
mlit:st-090fa4d93eaf235a,station,武州荒木,36.16253,139.48857,2
mlit:st-091577d7c1fd7584,station,箱崎九大前,33.622015,130.421065,2
mlit:st-09166875391bd163,station,筑前前原,33.557015,130.199175,2
mlit:st-091ee6ac84880f6e,station,丸森,37.93072,140.76172,2
mlit:st-0928fc341b5a83a5,station,東戸塚,35.430008,139.556504,2
mlit:st-092bfeda95cc8179,station,新治,36.327955,140.03921,2
mlit:st-0930e33b07b310ad,station,嵯峨嵐山,35.018785,135.68131,2
mlit:st-093757f052efe6c9,station,大元,34.64726,133.910795,2
mlit:st-093bb4bf1cc63657,station,坂出,34.31319,133.856785,2
mlit:st-0940ea0abffa8609,station,古間,36.792402,138.230482,2
mlit:st-094a9d93814bd359,station,藍那,34.73238,135.11822,2
mlit:st-094b4366e0bb98d6,station,東田坂上,34.76573,137.408415,2
mlit:st-0954c0a9a92ed852,station,鹿部,42.06436,140.7714,2
mlit:st-09576f887e44473a,station,本所吾妻橋,35.708593,139.804473,2
mlit:st-09642ba8db02a386,station,熊ヶ根,38.29802,140.68058,2
mlit:st-096788325d72f8a2,station,川添,34.41988,136.47365,2
mlit:st-096e6d051d10db26,station,佐津,35.653075,134.68583,2
mlit:st-0971761ff8f0047f,station,二本木口,32.78694,130.689405,2
mlit:st-0978e7d5c61273c4,station,中三依温泉,36.9852,139.699325,2
mlit:st-097c56c6eb2f0410,station,西魚津,36.80377,137.39462,2
mlit:st-097f50b015095e2b,station,伊勢市,34.491638,136.710072,2
mlit:st-09815e70ed0236d9,station,二色浜,34.432175,135.34476,2
mlit:st-09817e465c7ea477,station,福知山,35.296712,135.118267,2
mlit:st-0981e2188984b64a,station,越後田沢,37.055367,138.694733,2
mlit:st-0986eccc1d66b211,station,七宝,35.195785,136.805965,2
mlit:st-0988813adcaf1b9d,station,島内,36.246907,137.944763,2
mlit:st-098971785d296e56,station,浜町アーケード,32.74466,129.876785,2
mlit:st-098e433578caaeef,station,千代崎,34.85485,136.608355,2
mlit:st-099133c3670fc2d6,station,杉戸高野台,36.05135,139.714545,2
mlit:st-09a3ae2b7d2799a2,station,新宮,33.72433,135.994445,2
mlit:st-09a4db7b900965f5,station,上熊谷,36.14308,139.38079,2
mlit:st-09a91838d6e6e8d5,station,白糸台,35.666305,139.509525,2
mlit:st-09ab2ae0ab34a8d3,station,南平,35.65514,139.392575,2
mlit:st-09b5ec98e6dd0582,station,青梅,35.790545,139.258125,2
mlit:st-09bb9edbed2a6d52,station,東姫路,34.82438,134.711848,2
mlit:st-09c15801edc81378,station,朝倉神社前,33.55203,133.480825,2
mlit:st-09cbebbf7bd444c5,station,白山,37.911836,139.030046,2
mlit:st-09d6eb3a0df2dcee,station,一乗寺,35.04438,135.78752,2
mlit:st-09e98992d36b85b1,station,栗林公園北口,34.33465,134.041285,2
mlit:st-09ea65e7e05a923a,station,田島,36.290225,139.564905,2
mlit:st-09f2fc105af9802c,station,東加古川,34.745685,134.869275,2
mlit:st-09f64176533436d8,station,仁井田,36.657275,140.029625,2
mlit:st-09f893925c909552,station,河原田,34.911153,136.599097,2
mlit:st-0a0647237df4c360,station,延徳,36.72674,138.362505,2
mlit:st-0a0d582ca48721cc,station,中板橋,35.75628,139.694385,2
mlit:st-0a17703fb9ed2abd,station,上州新屋,36.256035,138.951825,2
mlit:st-0a250331f07f483a,station,追分,39.80996,140.057815,2
mlit:st-0a35a4c7edb71473,station,布袋,35.317065,136.872935,2
mlit:st-0a3cc0a749d162b9,station,丸尾,33.96989,131.33677,2
mlit:st-0a3f1f7429d17b53,station,南千里,34.79241,135.50875,2
mlit:st-0a41f18c3238f10a,station,青函トンネル記念館,41.254315,140.347081,2
mlit:st-0a4a64ed46c3b1bf,station,瀬辺地,41.007745,140.648265,2
mlit:st-0a4daf814939a11a,station,成田,35.77656,140.313346,2
mlit:st-0a5066b6694d7fa0,station,長岡京,34.9235,135.7009,2
mlit:st-0a50abb5e877e34e,station,小室,35.787037,140.076063,2
mlit:st-0a5676c3c182bc6b,station,新花巻,39.406155,141.173315,2
mlit:st-0a6adbfd442c1b4d,station,養父,35.370808,134.81181,2
mlit:st-0a713250411ada6c,station,新里,36.41855,139.236975,2
mlit:st-0a7aa17aaa75bfcd,station,八乙女,38.313035,140.884015,2
mlit:st-0a7e5e279a7ed827,station,立川,35.697926,139.413962,2
mlit:st-0a7f765533884d0c,station,五反田,35.62608,139.723983,2
mlit:st-0a88613724c196eb,station,上北沢,35.668845,139.623415,2
mlit:st-0a9801a9c535f0bf,station,霞ヶ関,35.673557,139.751837,2
mlit:st-0a9a8301922a9c03,station,紀見峠,34.365757,135.6003,2
mlit:st-0a9ac5b08c5cb8c1,station,青葉,42.63055,141.56992,2
mlit:st-0a9b236cde1c6ece,station,出雲市,35.360595,132.755582,2
mlit:st-0ab8704fad154dc4,station,浅香,34.585395,135.502495,2
mlit:st-0abcddd8e6d8be96,station,菖蒲池,34.697925,135.761275,2
mlit:st-0ac09ef02e3ec740,station,今宿,33.579275,130.274175,2
mlit:st-0ad1b9ec6f9dff90,station,中庄,34.626455,133.808195,2
mlit:st-0ada0eaab61ff146,station,赤坂,33.589025,130.390515,2
mlit:st-0adc8b42b91b00b1,station,土呂,35.931915,139.632195,2
mlit:st-0af35cca7fbea0da,station,下切,35.393735,137.063715,2
mlit:st-0afcc64d15111e2e,station,落合,35.710635,139.685965,2
mlit:st-0b03603ea60a23f2,station,北高岩,40.475325,141.405765,2
mlit:st-0b0d957f5c6defd5,station,東武和泉,36.315655,139.45509,2
mlit:st-0b0e1d1648136283,station,地蔵町,33.780005,132.704335,2
mlit:st-0b141dc32db18204,station,陸前富山,38.3863,141.107265,2
mlit:st-0b18d7db75b456c3,station,東逗子,35.298765,139.60182,2
mlit:st-0b2cc4ec67e103ed,station,法隆寺,34.60155,135.7389,2
mlit:st-0b32a795ab22c3f5,station,上野間,34.80727,136.86681,2
mlit:st-0b3ab8bf90615a3e,station,芦屋,34.72777,135.30355,2
mlit:st-0b3ed6549a5546cd,station,神代（鍋島邸前）,32.871545,130.26983,2
mlit:st-0b42d84bdea2e7e5,station,大津,35.003015,135.86501,2
mlit:st-0b4d4f516f1d432d,station,米島口,36.772025,137.03848,2
mlit:st-0b4f3b5df010f3eb,station,海ノ口,36.56568,137.841845,2
mlit:st-0b52f354be43c4cd,station,北大宮,35.91794,139.624805,2
mlit:st-0b5471c5c2acf8eb,station,近江神宮前,35.027565,135.85574,2
mlit:st-0b6ecabce7dec239,station,滝野川一丁目,35.7473,139.735415,2
mlit:st-0b7110232de4b08e,station,海崎,32.99608,131.88793,2
mlit:st-0b8ed4c37b4aa428,station,目出,33.996677,131.183335,2
mlit:st-0bb7b2f73998bf0c,station,春日,35.709247,139.752636,2
mlit:st-0bbc9ee5df4d287d,station,貝塚,34.44531,135.357618,2
mlit:st-0bc6bff8ce495577,station,四郎ヶ原,34.13768,131.16114,2
mlit:st-0bdb9095a9fc3688,station,上下浜,37.25238,138.36168,2
mlit:st-0bdf17bf984697ff,station,桜木,34.77824,137.972735,2
mlit:st-0be2501390a34e13,station,柏原南口,34.581625,135.624985,2
mlit:st-0be2de1b3714ea3b,station,広小路,34.76704,136.134488,2
mlit:st-0be828517d4cc89e,station,明覚,36.003565,139.289215,2
mlit:st-0beba77f745a92ba,station,野町,36.553695,136.64418,2
mlit:st-0bf10765185d2457,station,筑豊直方,33.75356,130.726405,2
mlit:st-0bf39c0a2701c1bf,station,菊川,34.761666,138.085388,2
mlit:st-0c00a718b61fae25,station,加賀温泉,36.32057,136.350365,2
mlit:st-0c04881b627431b2,station,新入,33.763385,130.7142,2
mlit:st-0c0601a6f1020f34,station,西大井,35.601766,139.721636,2
mlit:st-0c091f98d166dddf,station,尾張横須賀,35.010015,136.88555,2
mlit:st-0c0ac604d1c4dc85,station,妻鹿,34.792097,134.693463,2
mlit:st-0c0c5b25133b7ca0,station,黒田,34.568383,135.777817,2
mlit:st-0c1baf3ec10dad75,station,東武練馬,35.76865,139.66254,2
mlit:st-0c1e3dc07fe9832c,station,島原,32.790595,130.370605,2
mlit:st-0c224e9c7b3c5446,station,大手モール,36.689515,137.211332,2
mlit:st-0c24675c422387a9,station,学校前,33.3363,130.54749,2
mlit:st-0c26a2f8406767ac,station,鉢形,36.113725,139.208635,2
mlit:st-0c34490235f91c2b,station,新郷,35.082105,133.367805,2
mlit:st-0c439cc5f3311b65,station,丸の内,36.692505,137.20894,2
mlit:st-0c4de6015d4785ec,station,大間々,36.434615,139.27755,2
mlit:st-0c4e76b5ffb560ea,station,東福山,34.49527,133.406545,2
mlit:st-0c5149fa629029c7,station,拓北,43.155505,141.381085,2
mlit:st-0c5b8835b83f3636,station,妻崎,33.970415,131.20277,2
mlit:st-0c5c241c19fcd4e1,station,猿投,35.121735,137.178705,2
mlit:st-0c686d052c297de4,station,地下鉄成増,35.77674,139.63117,2
mlit:st-0c719f82e1099143,station,河和,34.778025,136.912265,2
mlit:st-0c86b923cc79ab26,station,水野,35.224195,137.06942,2
mlit:st-0c9dec4f6af373a5,station,高井戸,35.68326,139.61523,2
mlit:st-0caf4f856c8c164a,station,菜畑,34.6855,135.706687,2
mlit:st-0cb0e42a9930e6f4,station,東城,34.901845,133.273595,2
mlit:st-0cc1ac947f921786,station,笹津,36.561415,137.211575,2
mlit:st-0cc4f59a15961ba1,station,新取手,35.91766,140.04216,2
mlit:st-0cce6c1491181332,station,氷川台,35.74962,139.66547,2
mlit:st-0ccea0b564eef693,station,東尾道,34.43503,133.2332,2
mlit:st-0cd2286e1b07d342,station,前原,35.700655,140.02752,2
mlit:st-0cd33e831aaa566f,station,電鉄石田,36.865865,137.423195,2
mlit:st-0cdfa8a5c1afb927,station,龍王峡,36.860947,139.718573,2
mlit:st-0ce294173f4ed8ae,station,嵐電天神川,35.010183,135.714817,2
mlit:st-0ce8fe31050f9ac7,station,刈羽,37.429995,138.61965,2
mlit:st-0ced1f92d2d7097e,station,志度,34.32142,134.17311,2
mlit:st-0cf070d020975613,station,城川原,36.73113,137.2261,2
mlit:st-0cf6caa4884f7930,station,高ノ宮,35.4718,132.930435,2
mlit:st-0cfc868c29eefee4,station,大海,34.930155,137.54901,2
mlit:st-0cfd7e04f8c357a2,station,厚床,43.22822,145.25236,2
mlit:st-0d0053b7da40b6b4,station,南ウッディタウン,34.901745,135.189695,2
mlit:st-0d0e4f9e58612cfd,station,賀田,33.97165,136.18974,2
mlit:st-0d0ed6d0f4113ada,station,上尾幌,43.03294,144.612445,2
mlit:st-0d462224e5449522,station,比奈,35.16148,138.713625,2
mlit:st-0d5d4a44616fd5aa,station,間島,38.273045,139.450255,2
mlit:st-0d5f84f0dce48fb7,station,赤羽岩淵,35.783355,139.72211,2
mlit:st-0d6148a1ab0280ab,station,加勢,32.847815,131.01011,2
mlit:st-0d6236ff4332e50c,station,千里,36.634587,137.132453,2
mlit:st-0d68bd83bb63420d,station,出水,32.089374,130.358214,2
mlit:st-0d6911153df233a1,station,綾川,34.249535,133.931675,2
mlit:st-0d699cd4ab800b52,station,成岩,34.886195,136.921845,2
mlit:st-0d71cacecde8a613,station,北間,36.622895,136.6411,2
mlit:st-0d74e9a97413b790,station,多磨,35.676825,139.51715,2
mlit:st-0d776c8a48ddf8c5,station,加茂,34.75257,135.869595,2
mlit:st-0d7e534fe49a2d6b,station,田野口,35.05133,138.09548,2
mlit:st-0d7f2343394b95e1,station,高須,34.38972,132.417063,2
mlit:st-0d80d8f1e34a433f,station,阿倉川,34.985225,136.62943,2
mlit:st-0d869f1ab71e30aa,station,西天下茶屋,34.638585,135.4892,2
mlit:st-0d9926356a56e499,station,泉郷,37.21449,140.405575,2
mlit:st-0d9c7e2c79d00db5,station,下永谷,35.40276,139.559045,2
mlit:st-0d9f7f84660c3d76,station,西条,34.431323,132.743613,2
mlit:st-0da2dab736f835c4,station,小牧口,35.28175,136.927703,2
mlit:st-0dba3b41fee77a88,station,湯平,33.19734,131.354305,2
mlit:st-0dc0af99d819c501,station,小滝,36.938175,137.859505,2
mlit:st-0dc2522975392d1b,station,矢島,39.230315,140.13904,2
mlit:st-0dc60aa08da85bf4,station,相知,33.34695,130.01974,2
mlit:st-0dcb13e44b35ee42,station,平和台,35.85112,139.901225,2
mlit:st-0dd1d36157f0ce68,station,和田浜,35.48057,133.26554,2
mlit:st-0dd4088c0484f70d,station,発寒,43.100185,141.27663,2
mlit:st-0dd5ebd4f2c579eb,station,伊豆大川,34.84335,139.07407,2
mlit:st-0dd6aeadfdeed6dc,station,唐木田,35.616565,139.411675,2
mlit:st-0ddaf95a087142cc,station,今市,36.720375,139.687365,2
mlit:st-0ddf0af47153cd88,station,南小谷,36.774598,137.908355,2
mlit:st-0de5ad8f91eb5442,station,神野,34.79102,134.879025,2
mlit:st-0de888b12f0a829c,station,松屋町,34.67547,135.51234,2
mlit:st-0dea6777bb0997b7,station,飯沼,35.4186,137.461345,2
mlit:st-0debbd8e6d093b41,station,由岐,33.775995,134.591875,2
mlit:st-0ded11e93ddf241c,station,福光,36.558353,136.87865,2
mlit:st-0df2fc158ca8a97c,station,美濃本郷,35.449919,136.571801,2
mlit:st-0e149c3d3ef7dbfb,station,岩ノ下,38.947695,141.245312,2
mlit:st-0e1feff692f62dfd,station,横瀬,35.9845,139.098275,2
mlit:st-0e1ff75356a37b8e,station,下山口,35.779445,139.441165,2
mlit:st-0e21032d2a118590,station,南阿蘇白川水源,32.822201,131.091294,2
mlit:st-0e2129f86deb301b,station,津軽宮田,40.88703,140.67442,2
mlit:st-0e2ee8179b24c45c,station,浦上駅前,32.765475,129.86414,2
mlit:st-0e378662ace10b8c,station,摂津富田,34.83768,135.59333,2
mlit:st-0e3ae84212f0d9a5,station,東京国際クルーズターミナル,35.621357,139.773103,2
mlit:st-0e3e109462ffff71,station,信濃竹原,36.76109,138.39366,2
mlit:st-0e3f74967baf5e5f,station,下平,35.572585,137.89591,2
mlit:st-0e5d0fe1076e09e6,station,梁川,37.846,140.60347,2
mlit:st-0e637a3cd9691611,station,山部,43.24463,142.381365,2
mlit:st-0e69ff8f776655b5,station,美薗中央公園,34.79816,137.78976,2
mlit:st-0e6f49446e250501,station,大江,35.0933,136.9128,2
mlit:st-0e709695e532099e,station,京王永山,35.630252,139.448165,2
mlit:st-0e7aeb064ab157b9,station,辛島町,32.798935,130.705075,2
mlit:st-0e7d25cceed744fd,station,門田,37.442517,139.91378,2
mlit:st-0e8070b396d85f18,station,大宝,36.20316,139.97019,2
mlit:st-0e8162bd81e4a9a5,station,川村,35.214165,136.968735,2
mlit:st-0e81631a10a7440f,station,河原町,32.794885,130.700845,2
mlit:st-0e85ee00dd5e9058,station,上川口,35.329465,135.07318,2
mlit:st-0e996761efe72b70,station,今川,34.626305,135.531095,2
mlit:st-0ea19c82e48022cc,station,金川,34.792035,133.933685,2
mlit:st-0ea79affb20ef305,station,舌山,36.872015,137.485845,2
mlit:st-0eb1f6bac38b92af,station,足ヶ瀬,39.254775,141.645875,2
mlit:st-0eb56cbab7187fc1,station,高遠原,35.64463,137.900545,2
mlit:st-0eb92601a21b0398,station,近鉄日本橋,34.666825,135.50623,2
mlit:st-0ebbf024bcb1c59c,station,ひばりヶ丘,35.751438,139.545765,2
mlit:st-0ec34e254da5fb5d,station,富岡,37.334153,141.022728,2
mlit:st-0ec4844f9feaf131,station,大里,35.226405,136.818295,2
mlit:st-0ecec5b008967dbd,station,徳永,35.80486,136.90355,2
mlit:st-0ed794df69d7351c,station,あいの里公園,43.1609,141.41303,2
mlit:st-0ee5bce3f447fd83,station,豊中,34.787187,135.461933,2
mlit:st-0ee98a58259f82c8,station,永福町,35.676225,139.64267,2
mlit:st-0ef496a92d51d194,station,平田,36.19171,137.96256,2
mlit:st-0ef58bed5f512978,station,玉出,34.624085,135.49049,2
mlit:st-0effb68e4297f6c0,station,砂川七番,35.723385,139.418105,2
mlit:st-0f1a992aea9a6b29,station,光風台,34.89991,135.43141,2
mlit:st-0f23ab02784ff6c6,station,黄檗,34.91341,135.80331,2
mlit:st-0f3054a57c28a5fe,station,名古屋城,35.18147,136.905575,2
mlit:st-0f366d76d2d523b7,station,船引,37.443125,140.57461,2
mlit:st-0f3a865a94967bac,station,新栄町,35.17067,136.920105,2
mlit:st-0f47ee71c42ee8fb,station,大津港,36.846065,140.778005,2
mlit:st-0f4a46b6f43b3a26,station,城下,34.665565,133.929765,2
mlit:st-0f4b09b49ac60c4e,station,城崎温泉,35.623678,134.813458,2
mlit:st-0f4cbe5a7645ea6e,station,橋本,34.31826,135.614765,2
mlit:st-0f55a87834b5122b,station,塚田,35.722125,139.982905,2
mlit:st-0f68c4a9bf24f087,station,磐城,34.51129,135.710825,2
mlit:st-0f69dad38ff6d9ca,station,住道,34.70629,135.621683,2
mlit:st-0f783b13b7bc6ee2,station,御領,34.564692,133.40221,2
mlit:st-0f7ce376d58026d1,station,多摩センター,35.623855,139.422785,2
mlit:st-0f8543cc21602cfd,station,細畑,35.401574,136.785402,2
mlit:st-0f85e285cc90198d,station,寺下,36.383895,138.216315,2
mlit:st-0f8724f8e801cfb8,station,上金田,33.672425,130.789395,2
mlit:st-0f9d36f6d2d84beb,station,中強羅,35.24808,139.04032,2
mlit:st-0fa84f976e7a4236,station,五郎丸,33.33047,130.539935,2
mlit:st-0fb016a58a707ab4,station,千住大橋,35.74241,139.79705,2
mlit:st-0fb9fcdcc375ee2b,station,ドーム前,34.670443,135.47867,2
mlit:st-0fcd2eb2c122ca9c,station,一の鳥居,34.87947,135.419997,2
mlit:st-0fcdf66d4d7bf14c,station,二川,34.725795,137.43887,2
mlit:st-0fd0264673b0e594,station,樋越,36.415485,139.173275,2
mlit:st-0fd0a49ebd673a5d,station,布佐,35.84935,140.132975,2
mlit:st-0fdc084fc2983e04,station,鎌田,33.81012,132.7299,2
mlit:st-0fdc598d19985656,station,原田,34.82017,137.952895,2
mlit:st-0fe52902ec7ee79e,station,函南,35.108716,138.970984,2
mlit:st-0fe5a95708a6f3a7,station,酒々井,35.73185,140.275405,2
mlit:st-0fe823fe736159db,station,南野,38.818185,139.944715,2
mlit:st-0ff1d1abb8f7c836,station,時又,35.46404,137.827755,2
mlit:st-0ff52fde708201cb,station,陸前大塚,38.379015,141.129185,2
mlit:st-0ffcafae053ef34f,station,森林公園,36.045165,139.37533,2
mlit:st-1006b0bdc33019b4,station,亀川,33.330692,131.49301,2
mlit:st-100e3976fdddc5eb,station,頴娃,31.229035,130.50038,2
mlit:st-1015bce6d1ea1635,station,綾瀬,35.762225,139.824912,2
mlit:st-10163321b422f997,station,田村,35.35631,136.28188,2
mlit:st-1022da737319ef5f,station,羽田空港第3ターミナル,35.544446,139.767825,2
mlit:st-1024d2f80c63f2fe,station,王子保,35.86632,136.165555,2
mlit:st-102d4324cd13acdc,station,刈谷,34.990668,137.009492,2
mlit:st-102f19cef30d688c,station,広電阿品,34.321565,132.31438,2
mlit:st-103a837f1848bcd3,station,斗賀野,33.47547,133.286385,2
mlit:st-10494c1cd9ae7948,station,羽前高松,38.397528,140.2486,2
mlit:st-1051fc293f3140c8,station,羽田空港第1ターミナル,35.54914,139.78461,2
mlit:st-10584d40cdb4cce7,station,平岸,43.541295,142.125275,2
mlit:st-105ad4531b6ca999,station,新川,36.41823,139.257593,2
mlit:st-10607382c0c115dd,station,倉本,35.73294,137.714325,2
mlit:st-1061ce65cc4880c7,station,板宿,34.660131,135.133799,2
mlit:st-1068e2613166f57d,station,西15丁目,43.05624,141.335225,2
mlit:st-106bdf25cc02f65c,station,新疋田,35.59421,136.10069,2
mlit:st-1088289b56be86ec,station,桜本町,35.109315,136.93684,2
mlit:st-108cdedf8ac5b49e,station,名手,34.272947,135.433677,2
mlit:st-108d671228011b57,station,播磨新宮,34.92139,134.54587,2
mlit:st-108f7b6c1340c4da,station,鳥羽街道,34.973707,135.770007,2
mlit:st-109a5acd8144f396,station,幡生,33.981477,130.927373,2
mlit:st-10a2704212976594,station,小川,35.737565,139.463495,2
mlit:st-10a74583721db2b2,station,秋山,35.76544,139.931443,2
mlit:st-10b85ef9bd972df9,station,小橋,34.65763,133.93659,2
mlit:st-10bfd095ea622694,station,黒石,32.870445,130.742184,2
mlit:st-10ccdac3277e3a27,station,トヨタモビリティ富山Gスクエア五福前（五福末広町）,36.695709,137.194427,2
mlit:st-10d2cea62dc7c9fa,station,柏,35.862088,139.970745,2
mlit:st-10d692ef3a47e34f,station,伊賀神戸,34.67399,136.15207,2
mlit:st-10de7255657878c1,station,上之郷,34.379325,136.81152,2
mlit:st-10dfa2174e38cca9,station,黒崎,33.866915,130.76656,2
mlit:st-10e1e987d405c191,station,寺本,35.000205,136.87544,2
mlit:st-10f7406193f060a9,station,加茂,34.444205,136.84656,2
mlit:st-10fbfece69cc9f51,station,京丹後大宮,35.579665,135.093965,2
mlit:st-110b1d4fa3a19b45,station,前潟,39.713064,141.100879,2
mlit:st-110bbbbd23a80856,station,下北条,35.481973,133.809013,2
mlit:st-110eae1d88a6f40b,station,桐原,36.66567,138.213065,2
mlit:st-111509200dad0b2f,station,めじろ台,35.643644,139.308514,2
mlit:st-111701a61fe89ce6,station,吉良吉田,34.794282,137.071246,2
mlit:st-111da83869bafe1b,station,越中八尾,36.5917,137.138292,2
mlit:st-11271936fd7b7445,station,亀甲,34.99868,133.959195,2
mlit:st-112f2252be3cc9e3,station,豊田,35.659472,139.381487,2
mlit:st-1134fb83d9a7e55c,station,現川,32.79113,129.926365,2
mlit:st-1139091aba022472,station,阿蘇下田城,32.84434,131.024553,2
mlit:st-113ba99237f2e45f,station,牛山,35.26406,136.93134,2
mlit:st-113fbf2971355d7a,station,植田,35.1285,136.988555,2
mlit:st-11443d89a24f218e,station,男川,34.937443,137.183357,2
mlit:st-1147583f888c1f3b,station,黒井,35.16852,135.097325,2
mlit:st-11569e657171ae20,station,伏見桃山,34.932505,135.76436,2
mlit:st-115749a39a415f8a,station,信楽,34.87721,136.061375,2
mlit:st-115c4f18a872009d,station,瀬戸市役所前,35.224995,137.08421,2
mlit:st-115ef199bd27f842,station,備前一宮,34.67883,133.86404,2
mlit:st-11628b35c9644db2,station,吉野生,33.224515,132.729315,2
mlit:st-1163b92b3884d119,station,松山町,38.512705,141.07492,2
mlit:st-116673f5abe247bb,station,小松,36.40269,136.45294,2
mlit:st-1172aa7cdedd7d64,station,会津西方,37.480945,139.6615,2
mlit:st-11745b17250e2371,station,川角,35.937605,139.346475,2
mlit:st-11799e4ce2ece9ed,station,福野,35.646355,136.95162,2
mlit:st-117fa960e45b4e9e,station,馬替,36.522755,136.62051,2
mlit:st-1185c9aaaf2502f9,station,田上,37.719025,139.07457,2
mlit:st-118a293e522abf6e,station,ユーカリが丘,35.72207,140.156684,2
mlit:st-11971decfc87f63f,station,園田,34.751845,135.44811,2
mlit:st-11a02984a3394108,station,三門,35.28292,140.391445,2
mlit:st-11bd56c73df0cce1,station,伏屋,35.14015,136.827825,2
mlit:st-11c8db34fa66111a,station,田原町,36.074863,136.217618,2
mlit:st-11cd35a93a783a2d,station,海田市,34.37194,132.530722,2
mlit:st-11d6b1dc10f7a298,station,あぶくま,37.913405,140.68576,2
mlit:st-11da91705184e12b,station,関市役所前,35.499035,136.912845,2
mlit:st-11f43dc137b08a8a,station,蓮台寺,34.699467,138.94129,2
mlit:st-11f590fe7e314fdd,station,石津,35.180368,136.627481,2
mlit:st-11f79003cbcbfc8c,station,東藤島,36.08663,136.269855,2
mlit:st-11ff4576689f7669,station,稲沢,35.253097,136.82093,2
mlit:st-120b83e588916ed6,station,長篠城,34.926047,137.565277,2
mlit:st-12198ccf93debd55,station,上市,36.704475,137.35708,2
mlit:st-121a108475057c3e,station,久々野,36.05234,137.276825,2
mlit:st-121ec2cbe7153993,station,坂ノ市,33.236707,131.751497,2
mlit:st-121f0f886c5fc21e,station,大堂津,31.55691,131.382105,2
mlit:st-121f95fe15a30af5,station,高田,37.11462,138.241965,2
mlit:st-122ff91155eb7890,station,フジテック前,35.29425,136.285385,2
mlit:st-123954e5698b6cb8,station,本蓮沼,35.768985,139.70211,2
mlit:st-123d1f1c9306ab99,station,若松河田,35.699165,139.718185,2
mlit:st-1243465df88a4cd5,station,侍浜,40.26161,141.760595,2
mlit:st-12435ca3c344f28a,station,甲賀,34.901295,136.212755,2
mlit:st-12452c47a1e8c539,station,中郡,37.969195,140.06728,2
mlit:st-1246199c8db89bc2,station,長岡,37.447765,138.853972,2
mlit:st-1252dd73003afd76,station,立ヶ花,36.7313,138.30701,2
mlit:st-125840a1f7eaefa9,station,芳賀台,36.566405,140.005399,2
mlit:st-126c54a699f26642,station,加美,34.62688,135.566745,2
mlit:st-126f0295010189bc,station,水海道,36.01782,139.991395,2
mlit:st-12706f570d848cd1,station,西台,35.78708,139.67268,2
mlit:st-1270b8b3dd228248,station,鵯越,34.692856,135.142568,2
mlit:st-1279d1934ca93e26,station,弥刀,34.6414,135.58339,2
mlit:st-127e39f7cb539089,station,京成津田沼,35.68364,140.024845,2
mlit:st-12866ad34dd94be4,station,高城町,38.382825,141.07355,2
mlit:st-128fdf867781c400,station,竹野,35.64985,134.75646,2
mlit:st-128ff964acea3db6,station,松飛台,35.775333,139.95757,2
mlit:st-1298065e44e47f8f,station,吉塚,33.6072,130.423705,2
mlit:st-1298981fc9497900,station,宮田,35.76727,137.938875,2
mlit:st-12a855d555297101,station,武蔵新城,35.587415,139.62909,2
mlit:st-12ab4e7fa44777ed,station,青原,34.56045,131.80065,2
mlit:st-12b27095ccd7f567,station,六甲山上,34.751785,135.236905,2
mlit:st-12c6919baeb0e0ab,station,日生,34.735165,134.27651,2
mlit:st-12c8715635193701,station,東垂水,34.629375,135.06359,2
mlit:st-12d0496520086383,station,田儀,35.275225,132.59022,2
mlit:st-12e587597b4ac506,station,都府楼南,33.503142,130.506732,2
mlit:st-12f086be1461e574,station,三咲,35.74918,140.02854,2
mlit:st-12fb535c5154a206,station,下馬,38.305835,141.014995,2
mlit:st-12fd1eee534b959b,station,東山,34.648705,135.7086,2
mlit:st-131080e24e918600,station,県立美術館前,34.997515,138.43809,2
mlit:st-1311e9e6d32aa17c,station,羽後長野,39.54606,140.540925,2
mlit:st-131bbecf30b26d28,station,近江長岡,35.359077,136.374018,2
mlit:st-1329a1f1e277528d,station,源じいの森,33.615975,130.895475,2
mlit:st-132e9aa70b349958,station,社家,35.42041,139.377185,2
mlit:st-133055e7793a3bb8,station,石打ダム,32.642417,130.506817,2
mlit:st-1330bdacf84363dc,station,阿波池田,34.02685,133.80472,2
mlit:st-1336871ecf1cd2e2,station,今宮戎,34.65486,135.501515,2
mlit:st-133b588811a4b0c8,station,早雲の里荏原,34.59668,133.50779,2
mlit:st-1341bbc6f3c36006,station,千代,35.42921,137.81678,2
mlit:st-1348f193038a4324,station,平間,35.560565,139.671095,2
mlit:st-135281eec979999e,station,松が谷,35.631795,139.422035,2
mlit:st-135e665e8f952533,station,多摩動物公園,35.649087,139.404761,2
mlit:st-136a116e67d32e7b,station,石地,37.484125,138.68826,2
mlit:st-136a9b7a5605ce2e,station,若狭有田,35.48557,135.868365,2
mlit:st-1375be8ad208df90,station,西武園ゆうえんち,35.76903,139.44019,2
mlit:st-137afba8adadc021,station,伊勢朝日,35.038255,136.66887,2
mlit:st-138df89aa987f0af,station,津谷,38.7376,140.18635,2
mlit:st-138f0a1a9dca10d9,station,小宮,35.685865,139.368477,2
mlit:st-13902466cbd7bcbd,station,河内国分,34.566715,135.63573,2
mlit:st-13a291c97ed96e2a,station,昭和町,34.344075,134.032165,2
mlit:st-13a3e9699e2a80b5,station,坂上,36.327533,137.14091,2
mlit:st-13a52a5b9db6c815,station,新田辺,34.820718,135.772822,2
mlit:st-13a651cd979516f1,station,加布里,33.54382,130.176775,2
mlit:st-13a9211964bed17a,station,島本,34.880367,135.66251,2
mlit:st-13ae971a5026ae80,station,鵜原,35.14125,140.278965,2
mlit:st-13b08c87dc0c746f,station,世良田,36.27294,139.281975,2
mlit:st-13b12339ffd2af3b,station,富雄,34.694205,135.73473,2
mlit:st-13c00584a43d94d3,station,郡中港,33.75632,132.702145,2
mlit:st-13d67ffed937ce8b,station,南石下,36.102315,139.973945,2
mlit:st-13dc573597b2a26c,station,越前島橋,36.09012,136.277265,2
mlit:st-13f07e49650d85c8,station,古江,34.386213,132.411457,2
mlit:st-13f6bc77c2234093,station,用瀬,35.34314,134.2046,2
mlit:st-14012682494bd273,station,粟津,34.98477,135.89563,2
mlit:st-14171bb9fb9ccaa8,station,美濃津屋,35.251392,136.566718,2
mlit:st-141e76e7d14fc8ea,station,新狭山,35.874155,139.43379,2
mlit:st-14269075bfba0971,station,大越,37.38747,140.63044,2
mlit:st-14328efd6a98ef2e,station,名取,38.1731,140.88275,2
mlit:st-1442c93e0d5f8e96,station,塔のへつり,37.274575,139.9015,2
mlit:st-14692ef2720637f4,station,文挟,36.637597,139.727887,2
mlit:st-147a754b1817c8e3,station,永田,35.503343,140.311283,2
mlit:st-147be06c78f33378,station,円山公園,43.055735,141.319515,2
mlit:st-1480efda3c094b84,station,下滝,35.08787,135.09417,2
mlit:st-14877ab5420b36e1,station,岩瀬,36.359415,140.10874,2
mlit:st-149823fb3b4bb461,station,常永,35.61704,138.533125,2
mlit:st-149833cb7794dbc9,station,登戸,35.620796,139.5698,2
mlit:st-14a298e6c5456f85,station,真申,33.20651,129.651435,2
mlit:st-14a3f0342911fe8b,station,稲毛海岸,35.62951,140.07396,2
mlit:st-14baca0c48718077,station,川棚温泉,34.145875,130.92176,2
mlit:st-14bb6b4c9b92874c,station,逗子・葉山,35.294225,139.580522,2
mlit:st-14c8fcf830093989,station,丹生,34.25471,134.301755,2
mlit:st-14cc83cc18bc220e,station,小野上,36.55249,138.922112,2
mlit:st-14e45a1c3e228f3c,station,有佐,32.56284,130.67035,2
mlit:st-14e56e0a184d02de,station,林道,34.323325,134.07324,2
mlit:st-14f0c960a1b99734,station,福原,36.351525,140.18728,2
mlit:st-15043c3ee22f99ae,station,榎戸,35.684075,140.288115,2
mlit:st-1514cdc29f8639e8,station,久保田,33.25569,130.229425,2
mlit:st-151abf61222b0fa3,station,湯前,32.281365,130.979865,2
mlit:st-15202cabf741d9f8,station,新潟,37.912174,139.061371,2
mlit:st-1520672c0a9e6bca,station,花輪,36.52083,139.3077,2
mlit:st-1521ccf29bf5aa40,station,萱草,39.95854,140.4124,2
mlit:st-15229ba68733da6d,station,東岩槻,35.96329,139.71227,2
mlit:st-152d8f1aa43bff6e,station,鯖江,35.94348,136.188915,2
mlit:st-15311e3ee9518ac1,station,坂町,38.119287,139.445837,2
mlit:st-1544c45fd74c945f,station,多気,34.515905,136.57311,2
mlit:st-154a70971f2be82f,station,犀川,33.650585,130.939305,2
mlit:st-154d98dde632c1c6,station,折口,32.060945,130.217505,2
mlit:st-1551eae462cc4839,station,風早,34.30311,132.79573,2
mlit:st-155578ea847da78e,station,藪原,35.929903,137.784283,2
mlit:st-156dd5a5beafc76a,station,板荷,36.6194,139.70778,2
mlit:st-15781a2347f05580,station,信濃追分,36.33545,138.558495,2
mlit:st-158298f6f58755b6,station,東郷,33.79449,130.52884,2
mlit:st-158a3b9219260e75,station,階上,40.456895,141.664915,2
mlit:st-1591e26c4993c744,station,知多奥田,34.787185,136.864485,2
mlit:st-1597e86fbaa53b1f,station,稲荷口,34.818415,137.38774,2
mlit:st-15a723ddf43416a5,station,庄内,34.750345,135.47514,2
mlit:st-15a844330c825602,station,鹿討,43.387545,142.404945,2
mlit:st-15b0afb7ed69af3f,station,駒ヶ根,35.73628,137.936855,2
mlit:st-15b21d28b0daf07c,station,喜々津,32.832705,129.98649,2
mlit:st-15b360abeabf38ff,station,滝沢,39.799,141.149555,2
mlit:st-15bc45295dc7aeb4,station,品川,35.62851,139.73896,2
mlit:st-15c6adf8c3ee9335,station,美合,34.923705,137.196335,2
mlit:st-15cf9fc2c98eb617,station,館田,40.58514,140.5387,2
mlit:st-15dda2fb8849730b,station,千代台,41.784115,140.74868,2
mlit:st-15dfc8edfef3fdd5,station,東旭川,43.776605,142.441485,2
mlit:st-15e42136dd5f6e80,station,宮崎,31.915815,131.432005,2
mlit:st-15e93127762a14ae,station,日当,35.582285,136.63159,2
mlit:st-15f1ce590adef231,station,東福寺,34.981418,135.769858,2
mlit:st-15f22c943546c048,station,瀬高,33.156985,130.485445,2
mlit:st-1608318b04defd16,station,与野本町,35.880925,139.626005,2
mlit:st-16102477104d80e5,station,朝霧,34.64424,135.01748,2
mlit:st-1616322c73251d4c,station,後免東町,33.574607,133.648263,2
mlit:st-16228278d51e1e85,station,虎ノ門,35.67016,139.75012,2
mlit:st-1622beb016d9e07d,station,守口市,34.735237,135.565143,2
mlit:st-1627991342648386,station,宇宿一丁目,31.546465,130.539045,2
mlit:st-162e49268368bb59,station,健軍町,32.778355,130.76107,2
mlit:st-163719c2956c2d14,station,岩城みなと,39.546155,140.05487,2
mlit:st-1638ec9c6111cca8,station,北藤岡,36.282122,139.081465,2
mlit:st-163d40063b563ecf,station,円町,35.018145,135.730695,2
mlit:st-16475070f74430b3,station,笑内,39.93506,140.41311,2
mlit:st-164f683a511f6f0e,station,塘路,43.151725,144.496785,2
mlit:st-1659bab216290002,station,鴨居,35.51085,139.56695,2
mlit:st-165a021975089162,station,南橋本,35.5804,139.35242,2
mlit:st-1673d5919bbbcc5a,station,浦田,34.56152,133.7497,2
mlit:st-1681749a42cc3b63,station,ケーブル延暦寺,35.066515,135.84419,2
mlit:st-169bc710fc5f7522,station,妙典,35.690868,139.924115,2
mlit:st-16a370bb696b6620,station,東市来,31.654995,130.34789,2
mlit:st-16a500fcb9f46e0f,station,東三条,37.628545,138.974755,2
mlit:st-16a6ca9537b445ca,station,家城,34.62585,136.319225,2
mlit:st-16abdb9736efb319,station,大矢,35.63766,136.950245,2
mlit:st-16b13e884504448d,station,本納,35.48216,140.30757,2
mlit:st-16b3f8de9bf4b486,station,尻手,35.530975,139.6843,2
mlit:st-16b83544fd60ce72,station,亀有,35.76654,139.84756,2
mlit:st-16bcd8b3673db4be,station,松岸,35.739375,140.795195,2
mlit:st-16bd6251fc86249e,station,伴中央,34.455615,132.40504,2
mlit:st-16c045deeeb82ff3,station,都通,31.58086,130.543015,2
mlit:st-16c3b0ceaa46efdd,station,梅ヶ沢,38.68163,141.085232,2
mlit:st-16c790a0082a108b,station,紀伊天満,33.637073,135.934407,2
mlit:st-16dc4b0bc3a6d330,station,越後片貝,38.070775,139.622415,2
mlit:st-16e5e078eb4ef071,station,丸岡,36.16254,136.233555,2
mlit:st-16e9b6323c318ed8,station,地区センター,35.72618,140.15515,2
mlit:st-16fc1aeef43d3df3,station,本庄,36.236327,139.188077,2
mlit:st-17043a248db3dc48,station,川俣,36.208885,139.526505,2
mlit:st-1704f7b5555e6a26,station,曽山寺,31.81336,131.448345,2
mlit:st-170b96baf19ba681,station,中山,33.551775,133.452445,2
mlit:st-17172e35232d04a1,station,北吉原,42.50885,141.28584,2
mlit:st-17186e6d9a142d66,station,石見,34.57135,135.78586,2
mlit:st-171dfb15ddcdf1b7,station,沼田,36.642295,139.035645,2
mlit:st-171f9a03791ff08e,station,枝川,33.551065,133.44907,2
mlit:st-172285f560adcca3,station,丸山,34.685915,135.14396,2
mlit:st-1723d1a7da6c9acc,station,多久,33.28838,130.09628,2
mlit:st-17420ebe5b9eff7c,station,ポートタウン西,34.630883,135.42284,2
mlit:st-175619f78b204734,station,梅坪,35.09967,137.162285,2
mlit:st-17579c28f98240b4,station,鶴舞,35.156575,136.916713,2
mlit:st-175fd438f0ea95e0,station,直川,32.898665,131.779515,2
mlit:st-176629aecc9a285e,station,西畑,35.250527,140.215177,2
mlit:st-177e454ff4237c2d,station,高取,34.47524,132.43841,2
mlit:st-1780229f34d30cda,station,谷在家,35.78868,139.7701,2
mlit:st-1785a60abaa4a1a6,station,新今宮駅前,34.64953,135.503375,2
mlit:st-1786832e611b1693,station,大土呂,36.010545,136.216505,2
mlit:st-179c9398981e6d15,station,伊那田島,35.627445,137.91024,2
mlit:st-179dfc688a892b48,station,蒲須坂,36.720622,139.950438,2
mlit:st-17a46ccfa7422c6a,station,犬飼,33.077955,131.636635,2
mlit:st-17a991b4fa6c8e13,station,葛西,35.66363,139.872309,2
mlit:st-17aa568434c09665,station,津軽浜名,41.180555,140.471835,2
mlit:st-17afc6472698e166,station,白山,34.26672,134.150455,2
mlit:st-17b43a130b6c1ea3,station,南宿,35.347875,136.728655,2
mlit:st-17b6e3c39671925c,station,誕生寺,34.95164,133.95924,2
mlit:st-17b9b9d24fbb7b33,station,開聞,31.203975,130.534735,2
mlit:st-17bf7d23c1c9f957,station,黒部平,36.56705,137.65058,2
mlit:st-17cf100a9a491d78,station,長原,34.602485,135.57376,2
mlit:st-17d20a02e23fcb5c,station,原町,33.611855,130.471205,2
mlit:st-17d272ba7b526fc8,station,祐天寺,35.63717,139.69075,2
mlit:st-17df0f28e94a5f14,station,周布,34.858135,132.017275,2
mlit:st-17df93f1198d2246,station,三田本町,34.88175,135.229645,2
mlit:st-17e0570158441ed5,station,旭町三丁目,33.55562,133.50634,2
mlit:st-17eacc44e7301fff,station,加佐登,34.89032,136.52999,2
mlit:st-17ec466483806c9a,station,大久保,39.870905,140.06305,2
mlit:st-17f3f7203b7ec19b,station,江戸橋,34.74444,136.51402,2
mlit:st-17f6a7459a4d89a0,station,千歳町,41.775705,140.73827,2
mlit:st-1800dc9ebd837dec,station,沼部,35.58249,139.67317,2
mlit:st-18022978ee6be1a6,station,たびら平戸口,33.362505,129.58255,2
mlit:st-1804319317229914,station,水沢,39.13923,141.14632,2
mlit:st-1805468742f5913c,station,仲御徒町,35.706655,139.77619,2
mlit:st-180bcc52f772e5e9,station,本駒込,35.724413,139.753803,2
mlit:st-180e328d2adcb390,station,崇城大学前,32.830805,130.694935,2
mlit:st-18113f93d01ec6b3,station,武蔵中原,35.58056,139.64214,2
mlit:st-183b9cabb3c8bbe1,station,信濃大町,36.500222,137.861688,2
mlit:st-183cebed1ad83471,station,久世,35.081,133.74508,2
mlit:st-18452f6a97eb4c1b,station,彼杵,33.03982,129.914685,2
mlit:st-1848ab29dca49d0b,station,新夕張,42.936375,142.035975,2
mlit:st-185359fd0b4b67a2,station,中納言,34.657505,133.937565,2
mlit:st-1853c03f82d244a4,station,鹿家,33.484405,130.04792,2
mlit:st-1863cbb3a674d76c,station,西幡豆,34.792475,137.12135,2
mlit:st-186e819343695a7a,station,向日町,34.955117,135.709783,2
mlit:st-186f066bb95f348a,station,山口団地,39.646295,141.933242,2
mlit:st-1873a02f6eb32a65,station,琴平,34.19213,133.821315,2
mlit:st-1876068ae5ec6efd,station,新山口,34.093808,131.396463,2
mlit:st-187628c1e53ea445,station,新野,35.05023,134.75258,2
mlit:st-1878cb081704e9b8,station,二見浦,34.503685,136.777688,2
mlit:st-18847ac9fb137cd3,station,木太町,34.33192,134.07995,2
mlit:st-18893dd8c951ed58,station,玉川学園前,35.56351,139.46344,2
mlit:st-1894cf9c295def7c,station,奥武山公園,26.200655,127.67524,2
mlit:st-189702af373e421e,station,長町,38.22798,140.885518,2
mlit:st-18a2fdbfdc44c721,station,欅平,36.696786,137.658144,2
mlit:st-18aaabc291e69a79,station,聖愛中高前,40.57716,140.472705,2
mlit:st-18aad869477c7c2e,station,上八木,34.490475,132.5066,2
mlit:st-18af8fe91ae1a32b,station,大鰐,40.521815,140.56693,2
mlit:st-18b4e585704016f8,station,ウッディタウン中央,34.90967,135.18382,2
mlit:st-18b9ca24f633fdac,station,野辺山,35.95532,138.47449,2
mlit:st-18bb88864324f7be,station,古見,35.04921,133.760725,2
mlit:st-18bdfa72b608d2a0,station,大山,35.74841,139.702623,2
mlit:st-18be4b648b51ef02,station,江吉良,35.315445,136.69972,2
mlit:st-18beb68bc061d5af,station,白井,35.78475,140.054075,2
mlit:st-18c186777e909cf7,station,松倉,39.25646,141.801505,2
mlit:st-18c1abb47c2ade35,station,本名,37.444775,139.498805,2
mlit:st-18caed15ca44b2fd,station,廿日市市役所前（平良）,34.35315,132.32992,2
mlit:st-18dbd92e97271178,station,常葉大学前,34.81992,137.709265,2
mlit:st-18e31950aa4a9120,station,赤坂田,40.04851,141.003945,2
mlit:st-18e3ab3c31cbfe4e,station,耳成,34.512413,135.81539,2
mlit:st-18e3e1605732b378,station,標茶,43.298425,144.60844,2
mlit:st-18ec4406e157c7cd,station,小沢,42.971878,140.67765,2
mlit:st-18f3c5bcaa8be8af,station,東北沢,35.66544,139.67304,2
mlit:st-18f69e98b2091e85,station,赤井川,42.00323,140.642725,2
mlit:st-18fc293d84d6b5be,station,佐志生,33.174943,131.817707,2
mlit:st-18fcc1f1065f2977,station,米津,34.892855,137.061075,2
mlit:st-19027ab202f4cddf,station,東開聞,31.200935,130.549875,2
mlit:st-190410a6870d5f7e,station,太平,43.123925,141.34926,2
mlit:st-19222ea3067cb283,station,能瀬,36.693303,136.71981,2
mlit:st-1925ee01803100d1,station,淵垣,35.328265,135.294565,2
mlit:st-19390ab57de9ea50,station,黒岩,42.368355,140.28818,2
mlit:st-194a83d17a5fa092,station,緑が丘,34.765197,135.0258,2
mlit:st-194db77436fb4321,station,西宮,34.73668,135.339505,2
mlit:st-1950b426b19da400,station,仙台空港,38.137275,140.92976,2
mlit:st-195b6b8f271087ef,station,甲浦,33.546884,134.287841,2
mlit:st-1968dc3b40e9d71d,station,岩宿,36.39591,139.29715,2
mlit:st-1969bab8a2e26201,station,岐阜,35.409532,136.75656,2
mlit:st-196d9c39bdf55438,station,新庄,38.762515,140.306105,2
mlit:st-196deddd65c5d702,station,十条,35.76039,139.72225,2
mlit:st-197e23b9917e0bcf,station,羽咋,36.89706,136.783385,2
mlit:st-19905ce2eb942864,station,造田,34.282933,134.18596,2
mlit:st-1993aeeaa9029f0e,station,新川,33.77216,132.7044,2
mlit:st-19957688ad6eadb0,station,はりまや橋,33.559307,133.542817,2
mlit:st-199bb78c0078de0b,station,北余目,38.86754,139.908125,2
mlit:st-199e8d3b51143c99,station,豊岡,34.83715,137.83976,2
mlit:st-19a683d7d3ede1fa,station,荻野,37.617555,139.72225,2
mlit:st-19a8c844990cd985,station,三田,34.888525,135.229965,2
mlit:st-19ade67268d44a69,station,富田,34.83516,135.59271,2
mlit:st-19b1ea287d3ca829,station,紀三井寺,34.187715,135.18759,2
mlit:st-19b257b20ca50693,station,名電長沢,34.87147,137.28839,2
mlit:st-19b4dbaf80b2b09b,station,陸奥鶴田,40.757225,140.435385,2
mlit:st-19c99189b6d3c95c,station,東甘木,33.062225,130.46424,2
mlit:st-19d24f34785f46cf,station,和田町,35.46371,139.58638,2
mlit:st-19e41608f254aab5,station,鶴里,35.105565,136.9442,2
mlit:st-19f788f2b97cb3da,station,三角,32.60788,130.46973,2
mlit:st-1a08e2e405336d20,station,南方,31.859445,131.434525,2
mlit:st-1a098c656b5200eb,station,早島,34.60211,133.833365,2
mlit:st-1a0a3a849eb5621e,station,永犬丸,33.838865,130.73814,2
mlit:st-1a13b4fdaa9d8755,station,陸前白沢,38.278077,140.702277,2
mlit:st-1a1432a9d86fef7b,station,我孫子町,34.60229,135.507035,2
mlit:st-1a1f82a2d6237d0e,station,五百羅漢,35.275165,139.15556,2
mlit:st-1a22241c49841158,station,平賀,40.58497,140.561085,2
mlit:st-1a22b781852982cd,station,信濃浅野,36.72177,138.29449,2
mlit:st-1a39d235e52a5fd5,station,上総湊,35.22183,139.870995,2
mlit:st-1a3b43af10d64a37,station,大洗,36.315365,140.562665,2
mlit:st-1a3cd54c58824380,station,弥五島,37.26634,139.88998,2
mlit:st-1a484e30490db45d,station,蛍茶屋,32.751395,129.89364,2
mlit:st-1a5921828f584549,station,桜田門,35.677442,139.751814,2
mlit:st-1a5dd6a4ff99117e,station,大津市役所前,35.018375,135.855655,2
mlit:st-1a608091d0a6e459,station,日華化学前,36.080777,136.20648,2
mlit:st-1a6396867b39e330,station,伊那小沢,35.254095,137.83475,2
mlit:st-1a676577d6e1b379,station,米ノ津,32.122145,130.341985,2
mlit:st-1a6b2230dbf72800,station,川跡,35.395145,132.77641,2
mlit:st-1a77131fbcbf396c,station,東松阪,34.56555,136.5461,2
mlit:st-1a7bf8a0ae5fc97b,station,湖北,35.867195,140.077945,2
mlit:st-1a7dd6cdbad00f0d,station,新上挙母,35.07179,137.15118,2
mlit:st-1a8d3eb82f93c635,station,唐丹,39.20185,141.8612,2
mlit:st-1a9470290dbb4dae,station,松江フォーゲルパーク,35.474905,132.9437,2
mlit:st-1a993ea9e83f4551,station,八軒,43.08607,141.319193,2
mlit:st-1aa8a7b0549bcd2b,station,赤池,33.692105,130.76865,2
mlit:st-1aabf1de0eed564f,station,高麗,35.882063,139.30434,2
mlit:st-1aaeb65e78415153,station,大和高田,34.51978,135.742323,2
mlit:st-1ac1427adc22e30e,station,西尾,34.86392,137.05784,2
mlit:st-1ac7207790bfb5de,station,滝本,35.79603,139.16155,2
mlit:st-1adce19a219a7f53,station,黒笹,35.12767,137.091595,2
mlit:st-1adede6f8c149e23,station,粟野,35.617295,136.027175,2
mlit:st-1ae06103b8365434,station,鞍馬,35.1129,135.772255,2
mlit:st-1ae51a7fd3745ff1,station,石手川公園,33.831315,132.76933,2
mlit:st-1aee87dade03fcf1,station,箕田,34.879613,136.622047,2
mlit:st-1afeac7c9a336675,station,大久喜,40.495125,141.622955,2
mlit:st-1b0123657deeec6d,station,宮島口,34.31211,132.302715,2
mlit:st-1b05cf5eb677e837,station,四郷,35.121927,137.162693,2
mlit:st-1b0c36cab48e5add,station,山川,31.211615,130.63,2
mlit:st-1b19caf6066ef65e,station,宝塚南口,34.803821,135.345844,2
mlit:st-1b23e462b50e2c04,station,亀戸,35.697533,139.826765,2
mlit:st-1b27045da516c68a,station,十二橋,35.91702,140.54583,2
mlit:st-1b275a785ecb3522,station,戸越公園,35.60893,139.71839,2
mlit:st-1b37e2feb31c1da8,station,倉見,35.395055,139.378385,2
mlit:st-1b41ba675aea4de9,station,新日本橋,35.688995,139.774162,2
mlit:st-1b509fbdef658dc3,station,岩村田,36.27448,138.472435,2
mlit:st-1b5233791d9abb59,station,月岡,36.62646,137.263493,2
mlit:st-1b53b45688c95799,station,藤岡,36.255585,139.6456,2
mlit:st-1b57589ce3d0a635,station,船津,34.45687,136.842005,2
mlit:st-1b5c1dd155e68f17,station,市田,35.54935,137.88658,2
mlit:st-1b5cb73885c2f9bd,station,市辺,35.10384,136.16562,2
mlit:st-1b5dadec3e46c42e,station,思案橋,32.742675,129.88034,2
mlit:st-1b5f2a941954e2c7,station,武蔵小山,35.62051,139.70447,2
mlit:st-1b67f4d8304b6eb7,station,春田,35.14315,136.813385,2
mlit:st-1b6d5d6daee6a39b,station,甲斐上野,35.569577,138.520623,2
mlit:st-1b7450d7ffe8934c,station,好摩,39.87416,141.173675,2
mlit:st-1b7519b06e48fa04,station,筑後船小屋,33.178023,130.492063,2
mlit:st-1b78c059e0ea5fdd,station,新旭川,43.780215,142.384755,2
mlit:st-1b7bd05bf5c80788,station,舎人公園,35.796665,139.77012,2
mlit:st-1b8e19a75c5fcc5d,station,新子安,35.486827,139.65409,2
mlit:st-1b973611e879db08,station,YRP野比,35.21257,139.685255,2
mlit:st-1b9e520c590bcbdf,station,桐原,37.601772,138.792512,2
mlit:st-1bb29dbe0de00367,station,三河鳥羽,34.793315,137.105055,2
mlit:st-1bbe93e6ec84f80b,station,片倉町,35.49,139.60643,2
mlit:st-1bca63666f69185c,station,青海,37.0225,137.795815,2
mlit:st-1bda81c2d1acf8d2,station,鴻池新田,34.69886,135.597645,2
mlit:st-1bde1c90f253619d,station,平石,36.554998,139.939279,2
mlit:st-1bdfe3aca324d28a,station,建部,34.84226,133.899205,2
mlit:st-1be671b59d26adaf,station,肥後橋,34.691215,135.496365,2
mlit:st-1beb88d687cea204,station,越中三郷,36.703353,137.290783,2
mlit:st-1bf2864c7788ef77,station,朽網,33.80768,130.954795,2
mlit:st-1bf647a6dcee3f02,station,笈川,37.57914,139.89534,2
mlit:st-1bfd2d4b14267085,station,大村,32.91143,129.962265,2
mlit:st-1bfddfe0a8f47adb,station,寺前,35.065303,134.7432,2
mlit:st-1c05e7105d694531,station,坂部,34.94097,136.916715,2
mlit:st-1c0ac7e4e4aa0840,station,尾盛,35.1921,138.174465,2
mlit:st-1c128f19bd580e93,station,工学部前,31.56838,130.541845,2
mlit:st-1c159a8dbf00f84f,station,吉舎,34.72773,132.99091,2
mlit:st-1c1b3db8de813884,station,南行橋,33.71631,130.98121,2
mlit:st-1c1e066ca82dede6,station,越後中里,36.910397,138.848507,2
mlit:st-1c23f96e156b6c48,station,見奈良,33.793047,132.873677,2
mlit:st-1c29ec359c77fe21,station,スポーツセンター,35.64334,140.116245,2
mlit:st-1c4abbcf45753d06,station,下仁田,36.210505,138.78668,2
mlit:st-1c4d987952fecbef,station,洗馬橋,32.79917,130.69886,2
mlit:st-1c57fb9753d3d212,station,伊香牛,43.87606,142.52535,2
mlit:st-1c6e010e2eef1700,station,和泉砂川,34.360235,135.281195,2
mlit:st-1c84474e452d915b,station,奥田中学校前,36.70357,137.223605,2
mlit:st-1c8895d7521c9a2e,station,与野,35.884375,139.63899,2
mlit:st-1c89a0fd885b4d14,station,陸中夏井,40.20767,141.791985,2
mlit:st-1c956adaa940f0fd,station,南矢代,35.03764,135.174805,2
mlit:st-1c9cb0f4fa1e6cc6,station,浦和美園,35.893675,139.727825,2
mlit:st-1c9f833338404a7d,station,左通,39.80191,140.586125,2
mlit:st-1ca0c110f1affdf6,station,小湊,40.929645,140.954045,2
mlit:st-1ca4635690b277dc,station,東觜崎,34.88759,134.557685,2
mlit:st-1ca4841723a6a1f1,station,保土ヶ谷,35.44722,139.60037,2
mlit:st-1cab3fc972f6baa5,station,横堤,34.70354,135.572675,2
mlit:st-1cb2693aec449c01,station,面白山高原,38.332952,140.49723,2
mlit:st-1cbc6476aa0f6d08,station,上田浦,32.39296,130.51861,2
mlit:st-1cc0e47c2f709fb5,station,中角,36.10112,136.204445,2
mlit:st-1cc244e7e4611ed4,station,深日町,34.31827,135.14806,2
mlit:st-1ccfc4aea36c62e7,station,越後湯沢,36.935793,138.809522,2
mlit:st-1cd8fd066bd72bc3,station,上大月,35.6094,138.93807,2
mlit:st-1cdb741119f43700,station,三雲,34.98313,136.11758,2
mlit:st-1ceaa47f8b29358a,station,市場,34.81924,134.93257,2
mlit:st-1cfa846aebcb1bf8,station,重富,31.702785,130.614135,2
mlit:st-1d02ffbffca46cee,station,前平公園,35.449763,137.00168,2
mlit:st-1d08a8307ef4d89d,station,加茂中,35.344595,132.911,2
mlit:st-1d09592db3f09d5b,station,比婆山,34.966275,133.12329,2
mlit:st-1d1e9de755e86df9,station,大森海岸,35.58741,139.735308,2
mlit:st-1d20b27f373be2f9,station,北茅ヶ崎,35.33968,139.40747,2
mlit:st-1d2dfce795c1d23a,station,洲原,35.588833,136.944823,2
mlit:st-1d2fd76109fe96da,station,大成,42.91604,143.06972,2
mlit:st-1d30f4f3696e7f5f,station,桜島桟橋通,31.600015,130.56099,2
mlit:st-1d349a8b9d80bbce,station,瓢箪山,34.662008,135.638975,2
mlit:st-1d363b5fcac04e6c,station,三毛門,33.614365,131.15715,2
mlit:st-1d3b397fe2a6587c,station,里白石,37.104587,140.416793,2
mlit:st-1d40718f04b3a954,station,京成曳舟,35.71864,139.82028,2
mlit:st-1d471e5b845a0271,station,龍岡城,36.204215,138.490725,2
mlit:st-1d5196fd8137c27b,station,小淵沢,35.863733,138.316753,2
mlit:st-1d54566bb24511cc,station,新王寺,34.59768,135.704705,2
mlit:st-1d56c00baf8404b0,station,新平野,35.473097,135.807253,2
mlit:st-1d6f20f0a7556911,station,播州赤穂,34.75663,134.39305,2
mlit:st-1d7074ae97af1949,station,上桑名川,36.96294,138.44141,2
mlit:st-1d71e0e0bb625a9b,station,日本大通り,35.446795,139.642725,2
mlit:st-1d74449a9a2731d8,station,阿南,33.919165,134.66227,2
mlit:st-1d765038ccd00d57,station,大草,32.860175,129.93904,2
mlit:st-1d80c7f5c0583c09,station,大橋通,33.5589,133.53639,2
mlit:st-1d84983bdfa20480,station,小屋の畑,40.076445,141.02068,2
mlit:st-1d85e31efe10b6c8,station,新道東,43.104627,141.369197,2
mlit:st-1d9def30524f086f,station,貴生川,34.952182,136.153848,2
mlit:st-1da7e6f1dbf7b26b,station,市布,32.819135,129.966155,2
mlit:st-1da8246e3c8444c6,station,金城ふ頭,35.048885,136.849245,2
mlit:st-1db6ebb40059e961,station,清和学園前,33.57468,133.612555,2
mlit:st-1dc86b1f72686b2e,station,学芸大学,35.62877,139.68524,2
mlit:st-1dcb44d620c2d9c9,station,出光美術館,33.94772,130.965274,2
mlit:st-1dcba1b013d0bbbe,station,伊部,34.73859,134.16111,2
mlit:st-1dcdfd59d2d0b7f3,station,湯の川,41.781155,140.790095,2
mlit:st-1dd1497829f4c5a3,station,上本町,36.68639,137.215755,2
mlit:st-1de65af08cee9e57,station,西鉄香椎,33.66015,130.441405,2
mlit:st-1dea0c453ebff713,station,東武動物公園,36.0247,139.72689,2
mlit:st-1df1854002cf64a3,station,田京,35.014565,138.945775,2
mlit:st-1df5e7f35f269fae,station,本輪西,42.358745,140.97756,2
mlit:st-1df6cc96797f5033,station,千早口,34.411705,135.590125,2
mlit:st-1dfdeac0ec219f85,station,新大津,35.25697,139.690197,2
mlit:st-1dfea83ceea9a619,station,山寺,38.309577,140.434777,2
mlit:st-1e076ad4c5349bdb,station,浜田山,35.681575,139.627575,2
mlit:st-1e0e4806ccffae83,station,柴橋,38.380877,140.22583,2
mlit:st-1e1bea50b1b95032,station,小屋平,36.71109,137.64709,2
mlit:st-1e252dc1f57414f9,station,押上,35.709452,139.81305,2
mlit:st-1e2e3efb495e7994,station,富根,40.21798,140.17266,2
mlit:st-1e374a02fc7beb1d,station,麻布十番,35.65565,139.736575,2
mlit:st-1e381331b88dffe5,station,森ノ宮,34.681433,135.533233,2
mlit:st-1e40509715c65b56,station,桜沢,36.71264,138.349625,2
mlit:st-1e414b16d2dc4cf6,station,坂北,36.430705,138.01576,2
mlit:st-1e4af3947bf61de3,station,須恵,33.59683,130.49807,2
mlit:st-1e4b2f0b65e14b6c,station,御油,34.84606,137.3215,2
mlit:st-1e4be7948800d571,station,九条,34.979117,135.75975,2
mlit:st-1e506f8624251a4d,station,桜井,34.513153,135.845873,2
mlit:st-1e554e9a31285541,station,杉塘,32.81049,130.697105,2
mlit:st-1e606d2494fd7762,station,塚本,34.712735,135.46889,2
mlit:st-1e60a916ad9c59ff,station,西町,36.689195,137.215675,2
mlit:st-1e6df2abc14860b7,station,萩の台,34.65698,135.70898,2
mlit:st-1e7176556a85221f,station,根雨,35.24146,133.44179,2
mlit:st-1e7179e9c7ece95d,station,中神,35.709,139.37571,2
mlit:st-1e73b07fd9884a11,station,石津北,34.560389,135.459086,2
mlit:st-1e76f90e326528a4,station,守口,34.73844,135.564345,2
mlit:st-1e7974effd256176,station,小坂井,34.797602,137.363098,2
mlit:st-1e892062ed178c3b,station,陸中宇部,40.13243,141.785945,2
mlit:st-1e8b6be328e293f0,station,岩塚,35.1582,136.854417,2
mlit:st-1e900a534f45accd,station,越中舟橋,36.70553,137.306547,2
mlit:st-1e93008211451bfc,station,高野下,34.27181,135.566365,2
mlit:st-1ea5ad36c85aa1ef,station,日吉,35.162037,135.503483,2
mlit:st-1ea659b89a589a04,station,白金台,35.63777,139.72586,2
mlit:st-1eae0fc1af66484a,station,簗場,36.594913,137.84483,2
mlit:st-1eb0b4b5c9f22e78,station,上道,34.69931,134.020645,2
mlit:st-1eb320ba95010da9,station,桟橋通四丁目,33.544635,133.54995,2
mlit:st-1ebf53f831a65e30,station,江曽島,36.530955,139.860815,2
mlit:st-1ec0263b6204a143,station,具同,32.9794,132.91492,2
mlit:st-1ed8da965254e246,station,土市,37.097485,138.729435,2
mlit:st-1ee5526824c5614d,station,船橋,35.701946,139.984219,2
mlit:st-1eefc5e638f35c37,station,南稚内,45.397925,141.68294,2
mlit:st-1efa88259a06cb73,station,須賀川,37.300365,140.371422,2
mlit:st-1efabff7364ef0f4,station,和多田,33.437065,129.980655,2
mlit:st-1f08b8cdc037873b,station,小井川,35.60453,138.528545,2
mlit:st-1f0916e96d07f845,station,船岡,35.13349,135.491805,2
mlit:st-1f0e72c8c016eecc,station,野洲,35.068435,136.02239,2
mlit:st-1f1477d038a2fd15,station,梅ヶ丘,35.65602,139.65355,2
mlit:st-1f175d2ef829bf80,station,江津,35.012795,132.22322,2
mlit:st-1f23899859b8bb5e,station,牛込柳町,35.69946,139.72519,2
mlit:st-1f3182a651d061bd,station,三方,35.555425,135.909415,2
mlit:st-1f3227de60e25e10,station,田端,35.737475,139.761575,2
mlit:st-1f326dba0f38823a,station,三国神社,36.214885,136.158335,2
mlit:st-1f334e3595405122,station,鳴滝,35.02353,135.7058,2
mlit:st-1f3475e940a4c7f2,station,西唐津,33.46149,129.95788,2
mlit:st-1f3504444ce148eb,station,座間,35.48099,139.399885,2
mlit:st-1f3f9c242d253b26,station,蒲池,33.189945,130.42287,2
mlit:st-1f435d9a0d780205,station,須磨浦公園,34.637935,135.10022,2
mlit:st-1f46fb4c572421a3,station,春日町,34.97843,138.400635,2
mlit:st-1f59a6c5c44fc73d,station,新八代,32.51784,130.6346,2
mlit:st-1f6792063ba005de,station,電気ビル前,36.697465,137.216065,2
mlit:st-1f790303ca50ebaa,station,松江,35.46409,133.063965,2
mlit:st-1f7e6acaf490b39a,station,武蔵砂川,35.728825,139.392345,2
mlit:st-1f8b96c1a448c85c,station,出雲崎,37.531825,138.71625,2
mlit:st-1f8ce0b08286e24b,station,中瀬古,34.812145,136.543045,2
mlit:st-1f8f042bc400303d,station,梅本,33.80122,132.83903,2
mlit:st-1f93dcedcf4f12d7,station,弓ヶ浜,35.46677,133.288555,2
mlit:st-1fb01024ae746650,station,中松,32.827335,131.053605,2
mlit:st-1fb46059c5c32825,station,緑園都市,35.439305,139.521778,2
mlit:st-1fbecb01e613adb7,station,久我原,35.25022,140.247665,2
mlit:st-1fbf9783b5ef0ce6,station,大安寺,34.66292,133.888053,2
mlit:st-1fc75cc50c3c9f90,station,鞍手,33.79804,130.699415,2
mlit:st-1fcb6b1915650b42,station,名城公園,35.190457,136.904767,2
mlit:st-1fd6c03515202352,station,新田老,39.735649,141.967276,2
mlit:st-1fe034205ec52503,station,荒本,34.678625,135.60499,2
mlit:st-1fe79393ad3a1d80,station,須原,35.69785,137.69494,2
mlit:st-1fe82e03a2c8b309,station,桜木町,35.450368,139.630812,2
mlit:st-1feae9ccf8125437,station,渡,32.23668,130.69484,2
mlit:st-20098999e083872e,station,上保原,37.80961,140.54282,2
mlit:st-200d569e6c3949d8,station,羽前成田,38.131057,140.035117,2
mlit:st-200ea671a23ec4ea,station,宮前,34.213405,135.18891,2
mlit:st-2013e5f042285888,station,野上,36.11161,139.11087,2
mlit:st-2019a50cbfc75bb7,station,巽ヶ丘,34.962293,136.91567,2
mlit:st-201afe2208ab1ca8,station,佐貫町,35.259985,139.87614,2
mlit:st-20248edbcc7e9755,station,松戸新田,35.790655,139.92233,2
mlit:st-2026046bbed4d626,station,的形,34.780065,134.741585,2
mlit:st-20479ab08ac4118f,station,椥辻,34.97268,135.814912,2
mlit:st-2049333cde7978fe,station,南鳩ヶ谷,35.81608,139.736095,2
mlit:st-204a452ba7e146cf,station,別府,33.573973,130.369277,2
mlit:st-204cbc50a1d23343,station,北濃,35.930205,136.829715,2
mlit:st-206d6baa1a5e1211,station,青柳町,41.756515,140.718695,2
mlit:st-206e2514a537d0a8,station,大山崎,34.89145,135.68155,2
mlit:st-20715008fdc653ef,station,等持院・立命館大学衣笠キャンパス前,35.02783,135.72368,2
mlit:st-207f5020c477ced8,station,南小倉,33.870102,130.864802,2
mlit:st-20808922dc1150e9,station,芦ノ牧温泉南,37.334585,139.918655,2
mlit:st-208761b34c145e77,station,下新,36.22514,137.92262,2
mlit:st-208a5c7e99d991db,station,梶原,35.75107,139.7473,2
mlit:st-208cbf25aa163c65,station,池下,35.167825,136.946025,2
mlit:st-209a360dd44ac047,station,銭座町,32.761325,129.865705,2
mlit:st-20a52666626f53e9,station,本巣,35.4879,136.669895,2
mlit:st-20a5ea2d0de789b1,station,阿左美,36.385087,139.306529,2
mlit:st-20b294440f6e1d30,station,的場,35.91754,139.43541,2
mlit:st-20b7ce256f10633b,station,武州日野,35.953865,139.022015,2
mlit:st-20c80b3ca840910d,station,桑町,34.75416,136.136604,2
mlit:st-20caa5c6b92c3509,station,花田口,34.581765,135.476935,2
mlit:st-20ce3172b4a24431,station,高原,31.926845,130.999,2
mlit:st-20d140540df95138,station,西二見,34.707185,134.877065,2
mlit:st-20d9b8fe846e32eb,station,山城,35.035275,136.588355,2
mlit:st-20de3736e3cf4aab,station,京急鶴見,35.506665,139.677588,2
mlit:st-20e4d429cff1cc5a,station,京橋,34.696539,135.532938,2
mlit:st-20ee4707495aa491,station,弁天橋,35.495795,139.689485,2
mlit:st-20f6aff7a969c030,station,片瀬白田,34.80185,139.06122,2
mlit:st-20f78b87714007a2,station,吾野,35.908313,139.22591,2
mlit:st-20fc76e45f2e0b32,station,心臓血管センター,36.40525,139.12899,2
mlit:st-20fd674251e87b0c,station,上狛,34.750475,135.8213,2
mlit:st-20ff15a755ab101f,station,新千歳空港,42.78754,141.68079,2
mlit:st-2107cccc9459aaf5,station,平田,32.955657,132.795033,2
mlit:st-210bf87afc2575ef,station,松ノ馬場,35.065445,135.870325,2
mlit:st-21142ec65ea3cf31,station,浜野,35.5521,140.132185,2
mlit:st-21187a29a5d21309,station,東総社,34.677715,133.751375,2
mlit:st-2122f5893a5cb3c4,station,梅郷,35.93158,139.891095,2
mlit:st-212398ce43f3f981,station,北越谷,35.901715,139.77987,2
mlit:st-2124d56a325e0c1e,station,茨木,34.815078,135.562072,2
mlit:st-212502567a7ae5dd,station,粟生,34.857193,134.909525,2
mlit:st-2132cb0c0360a5e6,station,内子,33.54948,132.64626,2
mlit:st-213a166cd257a4fd,station,武蔵五日市,35.732145,139.22812,2
mlit:st-213ba5af9d54a182,station,近津,37.00051,140.393765,2
mlit:st-2144ca6364ff7936,station,朝熊,34.477223,136.757435,2
mlit:st-2153c0ff31fa4fe7,station,門司,33.904317,130.932527,2
mlit:st-21634e5f43a824cf,station,大府,35.008695,136.961805,2
mlit:st-21649be3a077188d,station,清原地区市民センター前,36.547612,139.984255,2
mlit:st-216e2b4628f589f7,station,春江,36.12976,136.228735,2
mlit:st-2172c4de887f6eef,station,婦中鵜坂,36.677813,137.168613,2
mlit:st-218f3e08910fa443,station,運動公園,36.42041,139.30086,2
mlit:st-21910dae3f137459,station,狭山ヶ丘,35.810405,139.41702,2
mlit:st-21ab722ae855a16d,station,大池遊園,34.20463,135.28532,2
mlit:st-21b56fb2c03a1820,station,古高松南,34.341103,134.121647,2
mlit:st-21bafe53e1637572,station,美江寺,35.413375,136.66147,2
mlit:st-21bcd6b30d5f88dc,station,遠賀野,33.768645,130.730935,2
mlit:st-21d2de93b8c76ecc,station,長里,32.9153,130.16551,2
mlit:st-21dd5051a57f3b56,station,堀江,33.905465,132.753545,2
mlit:st-21ded873f2b850ed,station,土佐久礼,33.329035,133.226455,2
mlit:st-21f02577f293e1bc,station,磐梯熱海,37.480765,140.270625,2
mlit:st-21f6395a9e83989a,station,玉戸,36.298565,139.93855,2
mlit:st-21feba458afb1ea1,station,務田,33.28286,132.60061,2
mlit:st-2208cfca01fd761e,station,永和,35.13284,136.76441,2
mlit:st-2211018ba533ca4a,station,美田園,38.15969,140.917435,2
mlit:st-2216f3c74f15345b,station,元山,35.790325,139.975675,2
mlit:st-221ce559c36bcc38,station,本通,34.393377,132.457065,2
mlit:st-22224f34167a34f7,station,払川,39.564397,141.932824,2
mlit:st-223277921ee192fe,station,加茂郷,34.12594,135.160455,2
mlit:st-2235d91ddb22f007,station,関根,37.864595,140.14627,2
mlit:st-2264b4e466ce8878,station,柚木,34.982095,138.40617,2
mlit:st-22693786bf0960e6,station,今井,36.59488,138.14508,2
mlit:st-227c2de6bdb48228,station,東山梨,35.69434,138.703055,2
mlit:st-2282523469706cb4,station,伝法,34.68927,135.45161,2
mlit:st-228d4d9bee33df2f,station,小机,35.508635,139.59962,2
mlit:st-228ff732c112e72a,station,金田,33.682745,130.776595,2
mlit:st-229448e88a85cf8b,station,襟野々,33.488725,133.30052,2
mlit:st-229a6c5fe0c899fe,station,鷲津,34.71677,137.54619,2
mlit:st-229d7ea4ec2542ac,station,宮の沢,43.089525,141.27776,2
mlit:st-22a0f90aecaddbd9,station,梅屋敷,34.683125,135.68675,2
mlit:st-22ae69fbed5cabf3,station,高屋,38.752505,140.071015,2
mlit:st-22b5ed3503856bc3,station,一志,34.654895,136.436095,2
mlit:st-22bef0bc73261001,station,日和田,37.44596,140.388365,2
mlit:st-22c0d4bc6e1cd802,station,中村公園,35.16773,136.854925,2
mlit:st-22d2af7f62ab378d,station,六会日大前,35.38376,139.47072,2
mlit:st-22e5bae0858eaf56,station,ときわ台,35.758905,139.68876,2
mlit:st-22e6995b5b0e5142,station,大観峰,36.56972,137.631715,2
mlit:st-22ef585c139240e0,station,戸越銀座,35.61601,139.715,2
mlit:st-22f4802ecb1a1203,station,日奈久温泉,32.436165,130.582045,2
mlit:st-22f5f4f0aa54d112,station,紀伊田辺,33.733605,135.383735,2
mlit:st-22f9ffc29ea93fb4,station,会津川口,37.455067,139.52376,2
mlit:st-22fc1e2a94747021,station,上郷,34.116017,131.4019,2
mlit:st-231a51a138fdd65f,station,原市,35.96384,139.622185,2
mlit:st-231c2d581dc030b5,station,越前新保,36.08038,136.25095,2
mlit:st-2325db311d80ec18,station,辺川,33.6947,134.434875,2
mlit:st-23282fe6753cc3e7,station,当麻寺,34.516485,135.70584,2
mlit:st-232887c7978ae063,station,湯田温泉,34.159865,131.460615,2
mlit:st-232abd7b6c9af686,station,太田,34.299085,134.04595,2
mlit:st-2337e7baee8585d5,station,伊勢八知,34.5551,136.2638,2
mlit:st-233ae3f7a208bc3f,station,資生館小学校前,43.055115,141.34926,2
mlit:st-233b368000b3592f,station,土居,34.730635,135.559785,2
mlit:st-2343e233fe85f6c0,station,立会川,35.598505,139.738945,2
mlit:st-2354132bd41d64c2,station,相浦,33.1925,129.657105,2
mlit:st-235964da1445c336,station,三才,36.68648,138.243853,2
mlit:st-23633fa662e716c9,station,井川さくら,39.911665,140.07598,2
mlit:st-236678609e745a59,station,高野口,34.30762,135.556925,2
mlit:st-236e0c24bdf8c7f4,station,桃山台,34.79329,135.49719,2
mlit:st-2372ad1ce9f2e222,station,唐橋前,34.97337,135.903005,2
mlit:st-237e8b7cf38f16d9,station,加賀笠間,36.503145,136.527703,2
mlit:st-239301cf8b9060ff,station,細野,36.39707,137.865785,2
mlit:st-2396a75e79ea932a,station,汐入,35.280315,139.662515,2
mlit:st-2398f03636050748,station,野幌,43.09262,141.529805,2
mlit:st-239a958dded13851,station,松原,35.6602,139.641895,2
mlit:st-239ced8c7ab7165d,station,讃岐牟礼,34.33636,134.14771,2
mlit:st-239f5729cb54fc74,station,和光市,35.78835,139.612865,2
mlit:st-23a4296dfc4399f6,station,公園,35.73075,140.153747,2
mlit:st-23a7e64cf07b8cf7,station,磐城守山,37.33072,140.40653,2
mlit:st-23b125a94733426f,station,宇賀本郷,34.22733,130.927565,2
mlit:st-23dc80c1d5518003,station,日吉本町,35.549913,139.633334,2
mlit:st-23defbc0b1f7f873,station,北八王子,35.669275,139.3634,2
mlit:st-23f3e2297a80a58f,station,荒川車庫前,35.75086,139.752805,2
mlit:st-23f916fbeb2f4324,station,登別,42.452065,141.18088,2
mlit:st-23fa25db4f5f162e,station,甲東中学校前,31.585945,130.552875,2
mlit:st-23fd5273aa7376c6,station,並木北,35.372015,139.64273,2
mlit:st-2403e468734293b5,station,新旭,35.355485,136.03557,2
mlit:st-2405a954b368d3ac,station,牛ノ谷,36.259687,136.28186,2
mlit:st-2407b6e3ded2e689,station,京急大津,35.261005,139.69537,2
mlit:st-24090cd352dd6369,station,愛し野,43.841405,143.93281,2
mlit:st-240fef012f2ca0d8,station,村崎野,39.32265,141.12049,2
mlit:st-24138a1f2b4147b6,station,金町,35.76951,139.87039,2
mlit:st-241efe7224e601dd,station,上州七日市,36.25863,138.87456,2
mlit:st-24353b2214004043,station,膳所本町,34.99515,135.88923,2
mlit:st-2438685a876ad947,station,木屋町,33.853425,132.76098,2
mlit:st-243a9a5a27f381a0,station,越前高田,36.024795,136.3187,2
mlit:st-243b7281c8d9b056,station,高月,35.47066,136.237647,2
mlit:st-24514a7ffe078468,station,壺川,26.205785,127.67838,2
mlit:st-245c56847157b302,station,万富,34.758247,134.08057,2
mlit:st-245d191c4d5bdf36,station,玉川,34.68933,135.476355,2
mlit:st-245df529fbbc157e,station,鳴子温泉,38.743355,140.71596,2
mlit:st-2463a17295deb012,station,串本,33.47549,135.781615,2
mlit:st-2466213acc418254,station,藻琴,43.968395,144.32001,2
mlit:st-24664e14294e583e,station,折壁,38.939415,141.45227,2
mlit:st-2468bd2878a1ad08,station,入山瀬,35.18835,138.647525,2
mlit:st-246f726398093892,station,米沢,37.909415,140.128285,2
mlit:st-2470fda70c9938dd,station,湯野,34.55286,133.387,2
mlit:st-247898845d035080,station,有明湯江,32.857985,130.328515,2
mlit:st-247a0e0cffddbe2d,station,伊予富田,34.036325,133.009095,2
mlit:st-248e107f70f0283f,station,佐世保,33.163723,129.726633,2
mlit:st-248fc04ddbb69352,station,藤生,34.11263,132.19854,2
mlit:st-24a66c9d2f92dd48,station,大野城,33.524965,130.48007,2
mlit:st-24a8bd8c3f2037bd,station,北山,38.285145,140.851895,2
mlit:st-24b581c5ab091815,station,久屋大通,35.173773,136.907988,2
mlit:st-24b816badddfcc94,station,上泉,36.39418,139.10656,2
mlit:st-24b99ea02c306ae7,station,島田,33.990443,131.960854,2
mlit:st-24ba5d946645a7a3,station,越中中村,36.79069,137.38259,2
mlit:st-24ba5f7ee44c5074,station,高蔵寺,35.264328,137.043257,2
mlit:st-24bad1080c068ee8,station,豊前松江,33.622445,131.095365,2
mlit:st-24c2482a3078e915,station,土橋,34.39451,132.446335,2
mlit:st-24c29974cf7468e3,station,中妻,36.047275,139.990705,2
mlit:st-24c589c852f4a540,station,田畑,35.8608,137.977835,2
mlit:st-24c923195f169d6b,station,吉井,33.266365,129.68549,2
mlit:st-24cefc910742ac59,station,美女平,36.58334,137.45877,2
mlit:st-24d48ff203cda60e,station,定光寺,35.27797,137.080945,2
mlit:st-24dc4bed89b4cb94,station,高井田,34.678438,135.572198,2
mlit:st-24eb45dc5c8c50d8,station,大町,35.77515,139.97334,2
mlit:st-24f0af95614d30c8,station,宮山,35.382215,139.379665,2
mlit:st-24f268db1cde4ef8,station,深谷,36.191345,139.281345,2
mlit:st-25169d8923badd89,station,黄金,35.156275,136.870805,2
mlit:st-254a86c48be668e9,station,可児,35.42293,137.05535,2
mlit:st-255b6cc0c34eb7f4,station,田丸,34.48845,136.634005,2
mlit:st-255c4035123e518e,station,海路,32.349385,130.619235,2
mlit:st-256345aea93069d4,station,八草,35.175717,137.10675,2
mlit:st-2567b27ed9ca6eab,station,国立競技場,35.679893,139.71472,2
mlit:st-256b80e7d5786dc8,station,河戸帆待川,34.516684,132.505171,2
mlit:st-25797c789bb3324c,station,経田,36.84883,137.41619,2
mlit:st-257ef80edcc2af1b,station,久慈,40.190505,141.770845,2
mlit:st-25873ae8796a1a58,station,柳原,33.953525,132.77348,2
mlit:st-258c177af887f7a1,station,府中,35.583365,135.195275,2
mlit:st-258e1a0859a30f4d,station,運河,35.91437,139.906035,2
mlit:st-2595aebda092f674,station,荒川二丁目,35.7386,139.78469,2
mlit:st-25a428313206a554,station,清里町,43.83869,144.59399,2
mlit:st-25a540d8c9cdee61,station,西向日,34.93994,135.70272,2
mlit:st-25a6cbec9e4879c4,station,北水海道,36.03209,139.992835,2
mlit:st-25acd70988e8cc86,station,寄畑,35.264835,138.474995,2
mlit:st-25adca47b5cc2984,station,西千葉,35.622627,140.103327,2
mlit:st-25aeff861ceaeddc,station,本町,34.682782,135.49889,2
mlit:st-25b103f4ef50f84d,station,山陽塩屋,34.633615,135.08204,2
mlit:st-25b97bc3a34208c4,station,大木,33.22155,129.850135,2
mlit:st-25b99d26cdfd9048,station,大聖寺,36.30009,136.31385,2
mlit:st-25bf9ee21389865e,station,阿波大宮,34.178715,134.448655,2
mlit:st-25c4e1db3598aec8,station,かしわ台,35.466845,139.415885,2
mlit:st-25cefcc06260ba92,station,余市,43.18639,140.794685,2
mlit:st-25d86fc235e64c9d,station,清水,35.0234,138.4891,2
mlit:st-25dfde6ff6793320,station,門松,33.620495,130.495945,2
mlit:st-25e8bf14a24025af,station,長和,42.48828,140.833705,2
mlit:st-25ecf5b1ebedd8ca,station,雪が谷大塚,35.591965,139.681125,2
mlit:st-25f3158eaa6af655,station,豪徳寺,35.653703,139.646997,2
mlit:st-25f7d298dd9ec3c9,station,姫宮,36.00442,139.738685,2
mlit:st-2601bb3a47104cf7,station,河和口,34.79725,136.91898,2
mlit:st-2608903b1c46d59c,station,京急川崎,35.53301,139.70094,2
mlit:st-260a9295b93c2257,station,追分,34.933915,136.596135,2
mlit:st-260bc57c0d2aae17,station,交通局前,32.797745,130.719825,2
mlit:st-26137ccc7a4bd890,station,堀切菖蒲園,35.74765,139.82754,2
mlit:st-261640e4edff6ae6,station,ハーバーランド,34.67808,135.178545,2
mlit:st-262a42248fabf06f,station,志都美,34.56204,135.701955,2
mlit:st-262f83b93191373d,station,あまや,37.41721,139.917597,2
mlit:st-262fef306dcbc959,station,新舞子,34.949725,136.828595,2
mlit:st-26306c4251eb5749,station,根知,36.966655,137.86712,2
mlit:st-263462956fc61762,station,玉名,32.925975,130.5487,2
mlit:st-263ebaf8edca2925,station,鑓見内,39.519265,140.527695,2
mlit:st-263f44c3bc1b7fac,station,荒川区役所前,35.735365,139.78601,2
mlit:st-26477210cbda18c6,station,苧ヶ瀬,35.4033,136.912383,2
mlit:st-2659f66015f0a236,station,青木,34.71698,135.28065,2
mlit:st-265ab318bd9fdb93,station,万ヶ塚,31.817175,131.063955,2
mlit:st-2668aedc6f7a3720,station,釜石,39.2733,141.872745,2
mlit:st-266b90915d2986d7,station,国見,38.27477,140.83328,2
mlit:st-266c9dc50dfbf43f,station,松本,36.230532,137.964343,2
mlit:st-267371c372f08098,station,上野尻,37.62503,139.6339,2
mlit:st-267b5ddb9912544a,station,那岐,35.213762,134.20989,2
mlit:st-267caa897d1dd292,station,西梅田,34.69944,135.495645,2
mlit:st-267e053f96b87921,station,梅林,33.545645,130.354785,2
mlit:st-26830eb8792a3859,station,緒方,32.97106,131.476755,2
mlit:st-2684a83db454f391,station,備中広瀬,34.758545,133.6065,2
mlit:st-26880bb5b224c621,station,伊奈中央,35.999455,139.61703,2
mlit:st-2688ad651931e7c1,station,七日町,37.501916,139.919598,2
mlit:st-269122271b45157b,station,宮脇,36.214635,140.100085,2
mlit:st-26c25a195b80bffc,station,通町筋,32.80318,130.70988,2
mlit:st-26ca917d02ec9fa8,station,城陽,34.85558,135.78106,2
mlit:st-26d292976833db07,station,大嵐,35.19046,137.81852,2
mlit:st-26d78720fbdcf255,station,高根木戸,35.726605,140.034985,2
mlit:st-26ead9ac5e00df23,station,綾織,39.328405,141.47682,2
mlit:st-26ebe5f0487e25a9,station,下溝,35.51832,139.38051,2
mlit:st-26fe440762828193,station,北山,36.45565,140.067495,2
mlit:st-270161deaa40fb89,station,水前寺公園,32.79002,130.732235,2
mlit:st-270788a4b1788e06,station,兄畑,40.115945,140.882935,2
mlit:st-270a3b0f25d472cc,station,多ノ郷,33.41068,133.294635,2
mlit:st-270b6674a62993b5,station,水前寺,32.796883,130.729743,2
mlit:st-270c2b037c8b7621,station,東北福祉大前,38.280437,140.842803,2
mlit:st-270ccfc78d5343fb,station,本宿,34.89293,137.259975,2
mlit:st-270eb0edd99c84c4,station,越後堀之内,37.238955,138.928285,2
mlit:st-270f25ed51b8e222,station,幌南小学校前,43.032295,141.35191,2
mlit:st-27263296c238e970,station,橋本,35.59499,139.344527,2
mlit:st-272a550168d58c91,station,久美浜,35.60227,134.89499,2
mlit:st-2732fb8d45508706,station,小和田,35.2099,137.835995,2
mlit:st-27330af17149c6aa,station,徳力公団前,33.830385,130.86759,2
mlit:st-273f63900423a376,station,塩沢,37.041485,138.84843,2
mlit:st-27426960f65fa17f,station,須恵中央,33.587522,130.505045,2
mlit:st-274a244726051a4a,station,厚保,34.1142,131.15463,2
mlit:st-275b5deb27370ecb,station,宇野辺,34.80804,135.55448,2
mlit:st-27614414ac2363d0,station,坂下町,36.74741,137.014867,2
mlit:st-27670c081805cfd3,station,乙女,36.3113,138.440515,2
mlit:st-276cbd5b6d556436,station,大泉,37.81989,140.56684,2
mlit:st-276df00544f2f58f,station,奥津軽いまべつ,41.144941,140.515612,2
mlit:st-2772bf381a14c7c3,station,平井,33.80871,132.82868,2
mlit:st-2773731d126daac9,station,伊予西条,33.912565,133.188255,2
mlit:st-27750019f853fe41,station,工機前,36.388127,140.52465,2
mlit:st-2780bccd4040a9c0,station,田鶴浜,37.06574,136.89147,2
mlit:st-27832be9c6f3a5dc,station,東中神,35.706275,139.384595,2
mlit:st-2789f4580b5de0a4,station,平原,36.308635,138.45391,2
mlit:st-27b382762d248051,station,財部,31.728775,130.99153,2
mlit:st-27b3c366b0680e4d,station,西一宮,35.307485,136.79214,2
mlit:st-27b83ea9c03ccee2,station,羽ノ浦,33.95734,134.62616,2
mlit:st-27b84e481472cb68,station,沢尻,40.23034,140.69327,2
mlit:st-27b975a3e0b8adf6,station,薬師堂,38.249575,140.906062,2
mlit:st-27bd76d77ae91671,station,西谷,35.478065,139.565521,2
mlit:st-27c084e702a94ff5,station,伊予石城,33.39159,132.473055,2
mlit:st-27d137f59e190049,station,古市,34.457525,132.475365,2
mlit:st-27d48b56b83ae506,station,巣子,39.783427,141.148647,2
mlit:st-27d711bce8d94f2f,station,土佐加茂,33.52356,133.3211,2
mlit:st-27d7f522922e2999,station,岸根公園,35.49551,139.616545,2
mlit:st-27dd14763cf0b90f,station,七和,35.06912,136.61549,2
mlit:st-27ee0375c9a0fe7e,station,風祭,35.24624,139.12916,2
mlit:st-27f08e090c59d45f,station,市尾,34.441722,135.776206,2
mlit:st-27fbbce45227ed87,station,上宇和,33.379965,132.50138,2
mlit:st-2801e455004d9e75,station,トロッコ亀岡,35.01305,135.606645,2
mlit:st-280dc3e66615da59,station,上菅谷,36.455865,140.49253,2
mlit:st-280ef257511a4640,station,森,34.414175,135.381885,2
mlit:st-280f7b939a62c585,station,因幡船岡,35.395195,134.24921,2
mlit:st-281664d5a7aca85c,station,元町,43.09404,141.371785,2
mlit:st-28211aa6fd35a95d,station,洞爺,42.55105,140.763452,2
mlit:st-28233c4a70134d95,station,三谷,34.34154,131.62434,2
mlit:st-282bc8e1fd678a4f,station,虹ノ松原,33.44099,130.016325,2
mlit:st-283820619088aa61,station,女川,38.446919,141.443097,2
mlit:st-283bceecff7bc82a,station,掛川,34.769352,138.015028,2
mlit:st-283e82688ca0d208,station,桑名,35.066873,136.683497,2
mlit:st-284028081277dc47,station,赤目口,34.599335,136.0737,2
mlit:st-2845efc647074ffa,station,陸中松川,38.97723,141.238045,2
mlit:st-2849d73c86a76ab7,station,今別,41.17967,140.49057,2
mlit:st-2850a8e650a4ed4c,station,深郷田,40.95129,140.441105,2
mlit:st-285ec65ddb06943b,station,豊春,35.968035,139.726185,2
mlit:st-285fe75a49dd5837,station,あやめ公園,38.114103,140.032787,2
mlit:st-286ac715eedc8925,station,田沢,36.3017,137.94103,2
mlit:st-286e458498f9e412,station,代官町,34.835487,138.12603,2
mlit:st-28863a37b251eb08,station,成島,37.943365,140.07556,2
mlit:st-289618316d9f1262,station,入谷,35.47838,139.39187,2
mlit:st-289ba9947c5b958c,station,安岡,34.024892,130.916725,2
mlit:st-28a13a37cfb8f1cf,station,祖母島,36.54073,138.95706,2
mlit:st-28a8e1b2bc0f1859,station,半蔵門,35.68538,139.741695,2
mlit:st-28ac0e3790a2f4e3,station,西袋,38.81151,139.907715,2
mlit:st-28b17a1ca95c514f,station,伊野灘,35.461245,132.900885,2
mlit:st-28beb5000a14b8cf,station,桂川,33.58465,130.66256,2
mlit:st-28c184ff7f6d3381,station,戸手,34.546515,133.300635,2
mlit:st-28d519aff510ffe4,station,大月,35.612879,138.942049,2
mlit:st-28e67f965258c5a1,station,八幡前,34.252545,135.1218,2
mlit:st-28ec71c8e6fbbd18,station,出目,33.251795,132.691935,2
mlit:st-28f4d96198ea1098,station,門静,43.057565,144.782725,2
mlit:st-28f4f19c7aa37f86,station,余部,34.85625,134.642755,2
mlit:st-28f829dbc8e40c60,station,妙心寺,35.02628,135.71785,2
mlit:st-28fcb78c54a91b02,station,七軒茶屋,34.47264,132.48117,2
mlit:st-28fd3c604f81a152,station,伊豆長岡,35.039805,138.94751,2
mlit:st-28fec400f6ee67a3,station,鹿島神宮,35.97067,140.625763,2
mlit:st-28ff18e2d768663a,station,由布院,33.262452,131.354916,2
mlit:st-28ff96220fdb989b,station,阿品東,34.326977,132.318443,2
mlit:st-2905076e2d86309d,station,矢田前,40.833785,140.80711,2
mlit:st-290559a7f5f5f4c4,station,宝山寺,34.68618,135.689357,2
mlit:st-291326eb968495a6,station,千頭,35.10777,138.136905,2
mlit:st-2913e55e1294216d,station,徳和,34.55403,136.55355,2
mlit:st-291b25d4fab8c9ab,station,三潴,33.256025,130.46947,2
mlit:st-29238c702ee48e93,station,新田塚,36.092575,136.20528,2
mlit:st-2928040bb4661fa4,station,成田湯川,35.79956,140.291481,2
mlit:st-292cc7a47a1b921c,station,瓦ヶ浜,34.988325,135.89464,2
mlit:st-293afae5535f5eb0,station,加島,34.727755,135.453593,2
mlit:st-293b301fd0a5ec3f,station,寺庄,34.919085,136.18585,2
mlit:st-293c5d0fec317220,station,西里,32.85458,130.70016,2
mlit:st-293f84e80641e49c,station,長江,35.47984,132.974315,2
mlit:st-294faf3947d21fd0,station,石川,40.556135,140.53076,2
mlit:st-295d06457b18efca,station,黒松,38.303147,140.886277,2
mlit:st-29623a70a70a276b,station,鶴居,35.023695,134.754765,2
mlit:st-296303d1c38c0929,station,汐ノ宮,34.46701,135.57911,2
mlit:st-29638adb401cdd19,station,峰,36.557567,139.914922,2
mlit:st-296aed1fa5782ffc,station,志井,33.803875,130.874805,2
mlit:st-296f27cec3931302,station,森下,33.853925,130.741055,2
mlit:st-297625f9f5913352,station,堀内,40.0519,141.85949,2
mlit:st-297672796121a5c3,station,本鵠沼,35.331035,139.47529,2
mlit:st-297b9d60bbe6a09a,station,八日市,35.114175,136.19454,2
mlit:st-2983b247bffe1a35,station,林野,35.013928,134.151698,2
mlit:st-2984d4aa805a2d8c,station,七重浜,41.8176,140.708095,2
mlit:st-298bd24676e37e2e,station,清明,36.02227,136.209426,2
mlit:st-298d49e220b2018b,station,月島,35.664223,139.784271,2
mlit:st-299f336baf8c7bf2,station,桟橋通三丁目,33.54666,133.548555,2
mlit:st-29a1ef7d081d45b7,station,薬院,33.581833,130.402005,2
mlit:st-29a203df5a15bb7f,station,多比良,32.871898,130.308847,2
mlit:st-29a3399a01445802,station,土井,33.635115,130.466135,2
mlit:st-29a608e6635b6bb8,station,常陸大宮,36.54708,140.41267,2
mlit:st-29ae98667e88270d,station,喜多山,35.20506,136.98811,2
mlit:st-29b3ef48abf4aacb,station,倉敷市,34.60058,133.76463,2
mlit:st-29ba6d92942ecd50,station,天王寺駅前,34.646277,135.513017,2
mlit:st-29c112ff720f1761,station,津軽湯の沢,40.44212,140.63231,2
mlit:st-29c589178e4a7366,station,鶴泊,40.73606,140.437535,2
mlit:st-29c897f5e6929e29,station,越ヶ浜,34.439185,131.42268,2
mlit:st-29d43f3c7ed6edb9,station,相ノ木,36.70198,137.33548,2
mlit:st-29ded8c11cfe5f2e,station,高田本山,34.755115,136.516375,2
mlit:st-29e09d7cac451699,station,花水坂,37.82706,140.450815,2
mlit:st-29e3a7564f3cb63f,station,和歌山港,34.21728,135.14648,2
mlit:st-29f00b882a6a7553,station,いこいの広場,34.788085,137.9638,2
mlit:st-29f10595cbf993f0,station,枚岡,34.66954,135.648055,2
mlit:st-29fc1a38256faa8e,station,相老,36.410471,139.304161,2
mlit:st-29fcb2de2612f428,station,八幡浜,33.45803,132.43618,2
mlit:st-2a096a51350d473f,station,おかどめ幸福,32.23145,130.875105,2
mlit:st-2a0b459486aa0704,station,羽前小松,38.004685,140.048545,2
mlit:st-2a0f0f6afedd9170,station,七条,34.9901,135.767635,2
mlit:st-2a14f38ffcdd89da,station,近鉄富田,35.006473,136.64938,2
mlit:st-2a15c6e1a60f6a23,station,二俣,35.413205,135.154495,2
mlit:st-2a166dbef579664d,station,十二湖,40.55159,139.941955,2
mlit:st-2a1be4df0ef73902,station,岩松,32.89057,129.98127,2
mlit:st-2a21d5d807e2e8de,station,坂,34.338855,132.51113,2
mlit:st-2a2917215567a7ab,station,西岐阜,35.404525,136.72326,2
mlit:st-2a297c56e6144d2e,station,豊前善光寺,33.56644,131.322985,2
mlit:st-2a3d039a8d67c2d7,station,外苑前,35.670375,139.717825,2
mlit:st-2a3d8ce20875e811,station,南日向,32.369915,131.62781,2
mlit:st-2a489503f4e54a4d,station,塩田町,36.360905,138.19843,2
mlit:st-2a4918ba173eea47,station,赤塚,36.381755,140.41516,2
mlit:st-2a515ff351fbdb3e,station,厚別,43.044975,141.463235,2
mlit:st-2a5887b234105a97,station,徳田,37.007485,136.93028,2
mlit:st-2a5bb068a96761a5,station,三ツ沢上町,35.47642,139.60553,2
mlit:st-2a5caded9f3dfc99,station,母野,35.598593,136.941933,2
mlit:st-2a65ebe8d0a344f0,station,能代,40.206465,140.03312,2
mlit:st-2a6b8ff61ec5d8b7,station,東小諸,36.31701,138.43209,2
mlit:st-2a7152166a9408df,station,三関,39.110195,140.4838,2
mlit:st-2a7262d40b1eccbf,station,布市,36.64513,137.23553,2
mlit:st-2a7d0c2179341dd4,station,滝川,43.555215,141.900785,2
mlit:st-2a7f66be497f3ac9,station,上田,36.395882,138.25025,2
mlit:st-2a841109f79bdb79,station,久留米大学前,33.310797,130.54761,2
mlit:st-2a84d45d75ceb1fb,station,笹塚,35.67366,139.667175,2
mlit:st-2a93765b4482959d,station,七塚,34.844385,132.985885,2
mlit:st-2a9667cb01a55db4,station,白井海岸,40.032585,141.883245,2
mlit:st-2a97283270866a90,station,神鉄道場,34.866757,135.226135,2
mlit:st-2a9b1f292c243f0d,station,西日野,34.95295,136.59119,2
mlit:st-2a9c2b869931bfc6,station,伏木,36.79226,137.05849,2
mlit:st-2a9e5e2c6d7fb17c,station,県病院前,34.3685,132.46486,2
mlit:st-2a9f0e7978b7f8be,station,城見ヶ丘,35.29172,140.252465,2
mlit:st-2aa00aae9cb29b4e,station,富加,35.475097,136.969453,2
mlit:st-2aa78ff4f0fdda8b,station,高の原,34.72371,135.79186,2
mlit:st-2aa79f493d63791a,station,竹村,35.040075,137.114755,2
mlit:st-2aab11bcc297cac4,station,西原,33.94831,134.644875,2
mlit:st-2aab3e6d0a5adb17,station,平野,37.805087,140.442753,2
mlit:st-2aabb77116924c0d,station,別府,34.730245,134.85069,2
mlit:st-2ab1a452bfbd6045,station,徳島,34.07451,134.5515,2
mlit:st-2ab54f7f04e12142,station,久寿川,34.72702,135.35689,2
mlit:st-2ab6aa64aa8f45b6,station,上州福島,36.25641,138.929485,2
mlit:st-2aba1dec6b03b0fc,station,砂川,43.49361,141.909715,2
mlit:st-2ac478510a192ad0,station,野田市,35.943742,139.870792,2
mlit:st-2ad597c14ee1c308,station,江田,37.179145,140.826435,2
mlit:st-2ad9089e93c4da70,station,高畑,35.1391,136.853513,2
mlit:st-2ae472069f4f939d,station,三本松,34.251737,134.334163,2
mlit:st-2aea2f6245311f0f,station,高津,35.60346,139.617665,2
mlit:st-2af633a563295809,station,計石,35.997525,136.43457,2
mlit:st-2af6895c1cef67e7,station,新鶴,37.517165,139.82849,2
mlit:st-2afa6913e35f932a,station,宗太郎,32.78634,131.706665,2
mlit:st-2b007ac6e64e4e82,station,原爆資料館,32.77056,129.86356,2
mlit:st-2b0aaf5d6a3955b3,station,市役所前,34.767265,137.393065,2
mlit:st-2b0ece2dee50d57c,station,向瀬上,37.80658,140.51033,2
mlit:st-2b112c6f85f0fcc4,station,贄川,36.013985,137.860945,2
mlit:st-2b11d13ebfe9aa00,station,角の浜,40.44446,141.681765,2
mlit:st-2b1b57b3506a00b9,station,鹿島灘,36.075575,140.596815,2
mlit:st-2b27eee42c488907,station,一ノ関,38.926555,141.13846,2
mlit:st-2b37be160208e76c,station,飯山満,35.714,140.0223,2
mlit:st-2b3e705a5f4b0609,station,下兵庫こうふく,36.17012,136.202593,2
mlit:st-2b52c110bf4b99e6,station,西米沢,37.917255,140.08483,2
mlit:st-2b58a38460b46790,station,妙法寺,34.675,135.110365,2
mlit:st-2b58d2aeea21d381,station,杁ヶ池公園,35.171745,137.0379,2
mlit:st-2b61c19fd6e7960e,station,柳ヶ浦,33.56503,131.3627,2
mlit:st-2b6356cca495d729,station,栗田,35.54368,135.235295,2
mlit:st-2b68b6d63ae8fb70,station,平群,34.62927,135.704365,2
mlit:st-2b6df4f22989e68e,station,福用,34.901823,138.090097,2
mlit:st-2b8a9ab116f29852,station,神水交差点,32.78357,130.74557,2
mlit:st-2b8af92bb823b3cc,station,久谷,35.627575,134.5174,2
mlit:st-2ba372358149dc48,station,南荒子,35.131635,136.861935,2
mlit:st-2ba60f42aee38cde,station,並木中央,35.36545,139.642985,2
mlit:st-2ba956b452d24c79,station,高森,32.819385,131.122435,2
mlit:st-2bbc98304d15c2b7,station,戸塚安行,35.85907,139.753775,2
mlit:st-2bc2fe7653307315,station,ケーブル比叡,35.064265,135.822165,2
mlit:st-2bc8bdb85877c0dc,station,県庁前,36.69558,137.209745,2
mlit:st-2bdb6072eb0eccd6,station,伊那新町,35.968785,137.984055,2
mlit:st-2bde61759505f1c5,station,諏訪神社,32.752515,129.88426,2
mlit:st-2be16d61f25bdfe3,station,東浦,34.949595,136.9707,2
mlit:st-2be41c4645d36f18,station,奈古,34.503107,131.472967,2
mlit:st-2be7606a68ff55f8,station,北巽,34.65327,135.555,2
mlit:st-2bea0c60e18c03c2,station,七里ヶ浜,35.306292,139.510044,2
mlit:st-2bee167cb1df37b0,station,日原,34.532665,131.83186,2
mlit:st-2bff4071f26f1a60,station,艫作,40.608545,139.8649,2
mlit:st-2c11e6f2351bc8d5,station,大岡,35.11604,138.881764,2
mlit:st-2c1366d005a00f8b,station,近江中庄,35.440605,136.03856,2
mlit:st-2c1d29e96dbee191,station,原,35.124935,138.793345,2
mlit:st-2c23a7b620ce1982,station,姨捨,36.502885,138.093155,2
mlit:st-2c2ac011cf2469b4,station,山陽天満,34.796375,134.61744,2
mlit:st-2c38623142db42b5,station,三河大塚,34.815772,137.282956,2
mlit:st-2c44dad7193889c8,station,白銀,40.522023,141.54172,2
mlit:st-2c4d21186a274522,station,安芸幸崎,34.338155,133.04019,2
mlit:st-2c4d6971c9d0e98c,station,茶内,43.129195,145.02807,2
mlit:st-2c5e574edb093f8b,station,折生迫,31.789395,131.46748,2
mlit:st-2c5f7e666b89fb45,station,ゆいの杜中央,36.567737,139.992026,2
mlit:st-2c6ab593e53cb83c,station,ほっとゆだ,39.31443,140.775547,2
mlit:st-2c6db21f44597f8a,station,大和田,34.742934,135.602552,2
mlit:st-2c76d7a4bcb24dfe,station,久那土,35.481495,138.46743,2
mlit:st-2c8084fb36e2c7eb,station,糀谷,35.55445,139.72959,2
mlit:st-2c834f4301b13df4,station,足守,34.698,133.80276,2
mlit:st-2c8f371e89aef0d0,station,千鳥,33.749055,130.47635,2
mlit:st-2c977d6d9b132e93,station,八尾,34.617255,135.59701,2
mlit:st-2cc75b79a8565506,station,土師,35.233,134.225725,2
mlit:st-2ccee4c932d3b3f7,station,藤田,37.87888,140.539415,2
mlit:st-2ceb6a25334fa938,station,関,35.489965,136.91284,2
mlit:st-2cf2dfed126ccc13,station,三谷,34.61643,133.619625,2
mlit:st-2cf3e81f484e47e0,station,馬田,33.40754,130.640675,2
mlit:st-2d167a3b7b9e2c5e,station,加須,36.122947,139.595567,2
mlit:st-2d1ffdca95e2f500,station,恩智,34.609875,135.62628,2
mlit:st-2d2560b623be2e27,station,頴娃大川,31.257945,130.413425,2
mlit:st-2d2c2dc690336f35,station,上野御徒町,35.707974,139.772914,2
mlit:st-2d31a3ca616b6146,station,中央弘前,40.59916,140.47229,2
mlit:st-2d345d5285411ef8,station,泉崎,37.158286,140.299088,2
mlit:st-2d361ba8aff93737,station,阿波富田,34.06412,134.55571,2
mlit:st-2d3b922f274b2126,station,北延岡,32.630865,131.69018,2
mlit:st-2d3d80054564b326,station,長山,34.864398,137.431353,2
mlit:st-2d519f8edd4a5bbd,station,亀島,35.17755,136.87746,2
mlit:st-2d52186f3b6085e8,station,紀伊神谷,34.24274,135.571102,2
mlit:st-2d584b316c38031a,station,竹原,34.33942,132.911003,2
mlit:st-2d64f121859a5dd8,station,鹿島田,35.551455,139.67498,2
mlit:st-2d66056b2d07c379,station,羽後長戸呂,39.72771,140.565425,2
mlit:st-2d66c1322b0b224b,station,代々木上原,35.668897,139.679632,2
mlit:st-2d67f9cf03ccc6a2,station,天王洲アイル,35.621795,139.750895,2
mlit:st-2d8041a6d7077764,station,須崎,33.392765,133.293185,2
mlit:st-2d920b78683c8bc2,station,山王,35.151885,136.88877,2
mlit:st-2d92905d4e8dd48a,station,鹿島台,38.474515,141.097965,2
mlit:st-2d92ad668d41c956,station,宮村,35.523345,135.192245,2
mlit:st-2da32bd232baeb8f,station,峰山,35.625965,135.07213,2
mlit:st-2da4321605f7a97e,station,寺地町,34.573625,135.469395,2
mlit:st-2db51b0b65e8250c,station,八栗山上,34.357915,134.139565,2
mlit:st-2dc0b56410f92962,station,越生,35.962833,139.299435,2
mlit:st-2dc215c4f228e225,station,小垣江,34.96388,136.99552,2
mlit:st-2dc5dcb735d48fc3,station,北浦和,35.8722,139.64575,2
mlit:st-2dd13f61036505ee,station,土佐新荘,33.386392,133.27805,2
mlit:st-2dd4b7e518961622,station,肥後西村,32.20227,130.808865,2
mlit:st-2dd6be13f065d670,station,二本松,37.589465,140.43552,2
mlit:st-2dd935857584deec,station,胡麻,35.195295,135.468615,2
mlit:st-2de3184cf47691c8,station,追浜,35.315692,139.624883,2
mlit:st-2de351a69628f3af,station,鶯野,39.568565,140.557945,2
mlit:st-2de547e4c8968779,station,出雲大東,35.32573,132.957985,2
mlit:st-2df092e2f20ae620,station,南羽咋,36.87079,136.77481,2
mlit:st-2df7aa17335b0065,station,若桜,35.345235,134.398365,2
mlit:st-2dffc79a83f5348f,station,伊勢大井,34.649995,136.385175,2
mlit:st-2e0b2670cd08bde5,station,矢祭山,36.849935,140.395395,2
mlit:st-2e1a6fedb0f2e674,station,文珠通,33.55916,133.580135,2
mlit:st-2e2d8971dd76f2ee,station,館山,34.995915,139.86199,2
mlit:st-2e31a080c775a41f,station,大師前,35.77895,139.781655,2
mlit:st-2e32d94b90fd1f6a,station,芦原橋,34.658575,135.48919,2
mlit:st-2e39853d2da11045,station,ウェスパ椿山,40.593055,139.87127,2
mlit:st-2e426c6b0a5063b9,station,要田,37.454173,140.520835,2
mlit:st-2e47de370b40d52d,station,近鉄奈良,34.68397,135.827855,2
mlit:st-2e4817de6b046706,station,美濃太田,35.445613,137.019535,2
mlit:st-2e4a363dbcc9a7cc,station,東屯田通,43.031045,141.348835,2
mlit:st-2e4d244105af1077,station,会津中川,37.473807,139.532227,2
mlit:st-2e51d9ce8328b0b2,station,南富山駅前,36.67062,137.22041,2
mlit:st-2e55ec9f87e3508e,station,押切,37.50494,138.881215,2
mlit:st-2e566f1a84aad175,station,堀ノ内,35.26315,139.687035,2
mlit:st-2e5720f5426af02a,station,安茂里,36.63027,138.16182,2
mlit:st-2e58887044ee778d,station,新水俣,32.210797,130.429102,2
mlit:st-2e5eebff581fb5ae,station,札苅,41.699265,140.46811,2
mlit:st-2e6d5a82648ba4a2,station,武並,35.43793,137.354115,2
mlit:st-2e6fc855ab84dde7,station,三ノ輪,35.729285,139.791165,2
mlit:st-2e7940b1a2f86a89,station,中水野,35.250455,137.071925,2
mlit:st-2e7c30c4e1fdbdfc,station,肥前旭,33.34977,130.4961,2
mlit:st-2e82271c1a46154d,station,曙町,33.55112,133.49084,2
mlit:st-2e89bdf635955307,station,欽明路,34.10437,132.10184,2
mlit:st-2e91ac449a705408,station,戸越,35.614425,139.716375,2
mlit:st-2eaa7d6d407ad724,station,千鳥橋,34.685375,135.457765,2
mlit:st-2ead62960b7d0eb3,station,豊後清川,32.97284,131.52215,2
mlit:st-2eaefeb485c12093,station,木野,35.071095,135.776535,2
mlit:st-2ec3b9eb8b31acce,station,あおば通,38.260657,140.878623,2
mlit:st-2ed8002393d39c11,station,芳賀町工業団地管理センター前,36.564957,140.010657,2
mlit:st-2ee21780850dd5d2,station,武蔵小金井,35.701035,139.50593,2
mlit:st-2eee9da4ab6d1246,station,京阪膳所,34.99978,135.88086,2
mlit:st-2efc6360d14f763d,station,内海,31.758505,131.46741,2
mlit:st-2efd09968af10bbe,station,宝珠山,33.37885,130.87947,2
mlit:st-2f07b022afdd5616,station,北吉田,37.702005,138.88222,2
mlit:st-2f0a13e067215943,station,第一イン新湊クロスベイ前,36.781205,137.07841,2
mlit:st-2f10afcc08d00552,station,鷹狩,35.354367,134.20658,2
mlit:st-2f10bf2c2624f813,station,常盤,33.94088,131.2926,2
mlit:st-2f183d998894dad9,station,香取,35.897885,140.53241,2
mlit:st-2f2bfa4422ce9e0e,station,喜多,35.509215,135.18777,2
mlit:st-2f34faa714ea4098,station,稲穂,43.1284,141.22244,2
mlit:st-2f473b91daa39edb,station,中島公園,43.048475,141.355055,2
mlit:st-2f652819ef319574,station,御陵前,34.57075,135.46672,2
mlit:st-2f6891683880b728,station,博労町,35.431615,133.339725,2
mlit:st-2f68ee9b3dde2d58,station,中崎町,34.70718,135.505565,2
mlit:st-2f6ac495639562d8,station,伊奈,34.802853,137.354788,2
mlit:st-2f77a84dfb49c9f0,station,雲泉寺,33.274805,131.485523,2
mlit:st-2f7ae10951236e8c,station,学門,33.896245,135.15666,2
mlit:st-2f7e65ef4bfcbd15,station,山西,33.85563,132.724165,2
mlit:st-2f8df816b567789c,station,尾幌,43.018495,144.70385,2
mlit:st-2f8e71dd2bdba713,station,滑河,35.87706,140.347865,2
mlit:st-2fa7487e086acd53,station,比津,34.5323,136.270815,2
mlit:st-2faa661a74c9c59c,station,東武竹沢,36.075253,139.237613,2
mlit:st-2fb4bb7c048ec5fc,station,青柳,35.94271,138.197527,2
mlit:st-2fbbad47e5d68f19,station,白市,34.443267,132.832,2
mlit:st-2fbd6507e5f64d04,station,前浜,33.35875,129.735925,2
mlit:st-2fbefd0bfe427ff9,station,国府,35.496375,134.800055,2
mlit:st-2fc740530f3ecc4c,station,喜入,31.371335,130.53883,2
mlit:st-2fe4be18430fcbed,station,内之田,31.642493,131.372573,2
mlit:st-2fe9be3347623ee0,station,香里園,34.78456,135.63094,2
mlit:st-2fea1e8aaf5852a8,station,須屋,32.858097,130.73644,2
mlit:st-2ff4719bc0d85251,station,新可児,35.423265,137.055675,2
mlit:st-2ff68d542db43e75,station,守恒,33.83659,130.873,2
mlit:st-300e140fdf6280a5,station,越中島,35.668,139.792495,2
mlit:st-301362681d275a81,station,飫肥,31.62722,131.361655,2
mlit:st-301571b4809feac3,station,波多江,33.56376,130.226345,2
mlit:st-30189dad6e8ca53d,station,葛生,36.397885,139.609285,2
mlit:st-3020368805167687,station,石切,34.684873,135.655114,2
mlit:st-3024a5c118a61e42,station,大田口,33.785535,133.72658,2
mlit:st-302cf8061887d177,station,呉ポートピア,34.291784,132.513051,2
mlit:st-30355a5bc3fef9dc,station,マリンパーク,34.68422,135.270095,2
mlit:st-30387f9955cc80c4,station,石津川,34.55933,135.453265,2
mlit:st-303b9798c8b58b8f,station,西大手,34.766913,136.124662,2
mlit:st-304c84d3572de641,station,遠江一宮,34.818063,137.889093,2
mlit:st-304ddd910dec424a,station,渡瀬,33.099555,130.4601,2
mlit:st-306028fb132981a4,station,扶桑,35.35965,136.91609,2
mlit:st-3074fd4e73c44f39,station,日南,31.603025,131.38124,2
mlit:st-308c922df970166f,station,グランド通,33.557555,133.52939,2
mlit:st-309c225541e74dd7,station,陸奥沢辺,40.58617,139.895,2
mlit:st-30a3883d60498c4c,station,梁川,35.606265,139.0373,2
mlit:st-30b28de4cc76e77a,station,肥前長野,33.295645,129.970995,2
mlit:st-30d21327045acf1c,station,醍醐,39.24865,140.53855,2
mlit:st-30d233ffc0b69b70,station,養老渓谷,35.2664,140.159395,2
mlit:st-30dd15e96225ed7c,station,戸狩野沢温泉,36.91666,138.39294,2
mlit:st-30ef8ae9a440c17e,station,下丸子,35.571325,139.68549,2
mlit:st-30f6415dbcd8139e,station,御花畑,35.99236,139.083645,2
mlit:st-30f87e8c7e0010ba,station,新函館北斗,41.904728,140.648776,2
mlit:st-30fa5fd0ac994a13,station,神田,35.692418,139.77088,2
mlit:st-30fe5db20cd82e13,station,浅間町,35.183315,136.890205,2
mlit:st-31005c774527c87d,station,新越谷,35.875565,139.789815,2
mlit:st-3109ce2e511d7a65,station,中泉,33.72095,130.74289,2
mlit:st-3110617721b03808,station,横山,36.74757,136.71676,2
mlit:st-31153609414ac047,station,長谷,35.11704,134.74814,2
mlit:st-311c69c67a56eb7c,station,興津,35.052515,138.521905,2
mlit:st-3122159269dfea0b,station,東上,34.876157,137.455363,2
mlit:st-314daeae8a2d7154,station,海老江,34.695645,135.47297,2
mlit:st-314efc8f77bd48d0,station,あさぎり,32.23625,130.89376,2
mlit:st-315177662e3dc7a0,station,都府楼前,33.51164,130.50801,2
mlit:st-3154278cdbc26630,station,宇都宮大学陽東キャンパス,36.557058,139.929161,2
mlit:st-3160a6b7a3b6bed8,station,商業高校前,32.785515,130.738905,2
mlit:st-31610ade65e68903,station,黄波戸,34.385225,131.139725,2
mlit:st-31738e9584dcf5b8,station,輪西,42.333791,141.005684,2
mlit:st-31779634186d7571,station,国際会議場前,36.691615,137.211367,2
mlit:st-318b93ea3316c59c,station,刺巻,39.66857,140.69195,2
mlit:st-318bf6ba04a6e99b,station,尾張旭,35.216765,137.03625,2
mlit:st-3191f9b306aba49d,station,神保原,36.253624,139.149014,2
mlit:st-3197f2d82d798d2a,station,熊西,33.86613,130.758005,2
mlit:st-3197fd2fdcea9116,station,椿,33.60997,135.403802,2
mlit:st-319e39116d79f6a6,station,安中榛名,36.362543,138.849593,2
mlit:st-319f984d579910f7,station,忠岡,34.48858,135.39777,2
mlit:st-31a42ec6332266a0,station,下狛,34.780575,135.788555,2
mlit:st-31a77382bcb085d4,station,沢井,35.80595,139.1934,2
mlit:st-31a8735b3297eacc,station,女満別,43.915965,144.170805,2
mlit:st-31b08a9c589f42a1,station,北新・松本大学前,36.21963,137.91353,2
mlit:st-31b4b148871a2f00,station,古賀,33.73256,130.46689,2
mlit:st-31bd992d32884db2,station,東神奈川,35.477875,139.633165,2
mlit:st-31c15de839891a6a,station,谷保,35.68138,139.44678,2
mlit:st-31c5ed843f42a2b7,station,前栽,34.601145,135.81609,2
mlit:st-31c8e5bac4b8aea3,station,六番町,35.124105,136.88839,2
mlit:st-31d21532016ee294,station,高田,34.288615,134.11197,2
mlit:st-31e2c4d14c9a6de4,station,下唯野,35.97422,136.56017,2
mlit:st-31e486f7d99c4101,station,沢田,38.432355,141.382395,2
mlit:st-31e8235453b40ac6,station,安芸阿賀,34.235413,132.600727,2
mlit:st-31e85351e7fb35ee,station,手樽,38.3871,141.092735,2
mlit:st-31ee36781dd98415,station,平館,39.95087,141.085205,2
mlit:st-31f08a5585f56949,station,常盤,35.02037,135.7048,2
mlit:st-31f7098329abc4b3,station,南由布,33.24219,131.333355,2
mlit:st-31fca68ed236429f,station,学研奈良登美ヶ丘,34.726385,135.74916,2
mlit:st-3200e570fe661d36,station,浜松町,35.65541,139.757125,2
mlit:st-32058266fc5a546f,station,今池,34.64566,135.50229,2
mlit:st-3207480f4f57b5c5,station,権現前,34.617745,136.482115,2
mlit:st-321ea7fcf2c21078,station,伊勢松本,34.969635,136.59073,2
mlit:st-321ec24fa6c6bd08,station,金谷沢,41.228975,141.24837,2
mlit:st-3220fe9d174ad3aa,station,三木上の丸,34.799965,134.988805,2
mlit:st-32284a4b63d0665c,station,東佐野,34.416635,135.35004,2
mlit:st-322b4a9c2449117d,station,川端,42.91468,141.89486,2
mlit:st-3233531c639a2600,station,東室蘭,42.34929,141.02621,2
mlit:st-3233eb8cad411ecb,station,薩摩川尻,31.19478,130.565525,2
mlit:st-323597d443feda82,station,成増,35.777593,139.632897,2
mlit:st-323da55c9651b0e2,station,間々田,36.25791,139.761115,2
mlit:st-323ff1f2d0634d77,station,東区役所前,43.078215,141.36527,2
mlit:st-3241836776a23f53,station,二十軒,35.40017,136.889295,2
mlit:st-324530371adc3d39,station,後免,33.57918,133.645135,2
mlit:st-324704c3c48167d4,station,梅ヶ峠,34.10144,130.900167,2
mlit:st-324d81daf1c74d18,station,高島町,35.458695,139.62365,2
mlit:st-32535206e0467c3b,station,尾上の松,34.74859,134.82093,2
mlit:st-325366ad71ce0280,station,山門,35.11455,135.772875,2
mlit:st-32614d49025f6e98,station,桜山,35.140037,136.933313,2
mlit:st-3262792cd5ef5bcd,station,都筑ふれあいの丘,35.536556,139.561301,2
mlit:st-32818e08da798808,station,純心学園前,31.565835,130.543585,2
mlit:st-328273aa9d770b20,station,塩屋,34.63372,135.083278,2
mlit:st-3288a556cc5184dc,station,久宝寺口,34.634585,135.590565,2
mlit:st-3290e998ee168172,station,下松,34.45743,135.396935,2
mlit:st-3296c583393436e8,station,安立町,34.60546,135.49009,2
mlit:st-32999d4d54bcb1c7,station,戸倉,36.492868,138.153082,2
mlit:st-32a01de1119d68e0,station,赤瀬,32.653153,130.51011,2
mlit:st-32a9d5703ac887db,station,福島学院前,37.798753,140.488588,2
mlit:st-32b6bd62dc688ff0,station,御器所,35.149593,136.93377,2
mlit:st-32bdcee4b291f6d9,station,横江,36.58207,137.335655,2
mlit:st-32c46471a060a4a7,station,平木田,38.09439,139.427917,2
mlit:st-32c7330a2ba22f36,station,新三田,34.91014,135.208615,2
mlit:st-32ced09832bdde9d,station,宇多津,34.30632,133.81375,2
mlit:st-32d150cf001539cb,station,古賀茶屋,33.343595,130.566995,2
mlit:st-32d78b3ed9f8370f,station,愛本,36.855775,137.55361,2
mlit:st-32d7fd25d2221bad,station,玉来,32.947755,131.376035,2
mlit:st-32d8de3a9549926e,station,打田,34.265145,135.364165,2
mlit:st-32dc04a7beb6e0d6,station,国際会館,35.06289,135.785087,2
mlit:st-32dedda8ed4ad289,station,埴生,34.04932,131.08647,2
mlit:st-32e54a9a39360edd,station,安倍川,34.94121,138.3641,2
mlit:st-32f073eba839a38a,station,勝浦,35.15262,140.31197,2
mlit:st-3303da0d6aa6b633,station,富田浜,34.99656,136.650095,2
mlit:st-3309267a4ead543e,station,芦屋,34.734265,135.307395,2
mlit:st-330f673675cb5089,station,瓜連,36.498195,140.44953,2
mlit:st-331773f61e670fe9,station,メディカルセンター,32.740435,129.87249,2
mlit:st-331e836e1779c4a6,station,たまプラーザ,35.577405,139.55865,2
mlit:st-3325c33f11ab4934,station,サッポロビール庭園,42.86697,141.60543,2
mlit:st-3336367ef417afab,station,西神南,34.6994,135.030195,2
mlit:st-333d77a065b4e2ab,station,誉田,35.547,140.213785,2
mlit:st-33421d1aababf73f,station,上川内,31.835945,130.291725,2
mlit:st-33429bebe16c4419,station,伊保,34.76719,134.78702,2
mlit:st-335006db1d2abc91,station,入明,33.567255,133.53032,2
mlit:st-3355f689308b6c55,station,古高松,34.34092,134.11243,2
mlit:st-33629c5cca2f24f9,station,八木,35.068986,135.531974,2
mlit:st-33655549584b15ce,station,六本木,35.663432,139.731215,2
mlit:st-3369225570b2da95,station,八事日赤,35.144638,136.964893,2
mlit:st-3375afdd9e27d0d3,station,下松,34.00894,131.867955,2
mlit:st-337bace3de37442a,station,さいたま新都心,35.893595,139.6339,2
mlit:st-3382dd92b95a8752,station,境松,40.64886,140.575765,2
mlit:st-33901c0d44323690,station,志和地,34.74049,132.80393,2
mlit:st-3398b42f1ea623c3,station,毘沙門,40.858055,140.47774,2
mlit:st-33aa3ae66aa51c4f,station,伊勢田,34.88216,135.778995,2
mlit:st-33cba0a8cd52aac6,station,能生,37.096012,137.988472,2
mlit:st-33cec327305364a8,station,川辺沖,37.192715,140.405755,2
mlit:st-33cfa023e1108a2d,station,田並,33.48808,135.71913,2
mlit:st-33e8c71f9ce450ca,station,神戸,36.537505,139.356565,2
mlit:st-33e9965f77941b6e,station,二上神社口,34.53202,135.69407,2
mlit:st-33ea1758ffa232b1,station,新大宮,34.685425,135.810685,2
mlit:st-33ebb7290bd8df88,station,島尾,36.828215,137.012815,2
mlit:st-33f69bd3cd6a3af2,station,近義の里,34.4369,135.362915,2
mlit:st-33f717ce4b3f19ef,station,樋口,36.131075,139.12262,2
mlit:st-33fdc0a1a0bc7eaa,station,野崎,36.84381,139.958105,2
mlit:st-3406b56d840ebb4f,station,伊川谷,34.687867,135.04134,2
mlit:st-34087858ce31afca,station,騰波ノ江,36.22323,139.976285,2
mlit:st-340ae7e128cf2fcb,station,勝幡,35.195245,136.750375,2
mlit:st-340cc68eea0ab470,station,今治,34.064105,132.993845,2
mlit:st-34101edf62d3c460,station,木曽川,35.347993,136.781162,2
mlit:st-34169b603e69beda,station,鶴見市場,35.51759,139.68649,2
mlit:st-341903614f874503,station,高輪ゲートウェイ,35.635379,139.740644,2
mlit:st-3427dab47baf3a27,station,西女満別,43.880025,144.14829,2
mlit:st-343729db857f2870,station,安浦,34.283927,132.74445,2
mlit:st-343c9c5df9eeedc1,station,北千束,35.60628,139.69327,2
mlit:st-3441a57c29ae400b,station,落部,42.187657,140.420865,2
mlit:st-3442768fb35c3f04,station,紀伊佐野,33.67984,135.970475,2
mlit:st-3445258a57e3d5ce,station,善光寺下,36.65839,138.193665,2
mlit:st-34558ed2098110d5,station,小奴可,34.99457,133.211175,2
mlit:st-3462e4b798dec6a4,station,三島田町,35.116202,138.918563,2
mlit:st-3465517a97c6a863,station,北13条東,43.076825,141.354935,2
mlit:st-34687a3959bb24c0,station,西富山,36.69938,137.177085,2
mlit:st-346abebae960b515,station,窪川,33.212675,133.137325,2
mlit:st-346c31d456883fc0,station,梁瀬,35.322235,134.881245,2
mlit:st-3479a548fdf3c0ef,station,牧,33.237125,131.63785,2
mlit:st-34826fac746db878,station,岩沢,39.301155,140.931565,2
mlit:st-348468e41dd2ea5f,station,倉吉,35.45499,133.849033,2
mlit:st-348ad63cd6efe8bd,station,鵜方,34.329375,136.82573,2
mlit:st-3496c8efd645eb38,station,岸和田,34.460255,135.37813,2
mlit:st-34b35301e3963e9b,station,塩釜,38.309647,141.00954,2
mlit:st-34c7a14b9fb0e0af,station,月ヶ瀬口,34.762685,136.02453,2
mlit:st-34d4a9a461937761,station,森下,35.188245,136.92929,2
mlit:st-34d9a5ccda4f9112,station,朝倉駅前,33.550803,133.485823,2
mlit:st-34e0ac93df1d1e4f,station,良川,36.97667,136.894685,2
mlit:st-34e6d60173544f21,station,東浜,35.59951,134.362355,2
mlit:st-34ef8fb91a6522d3,station,大湊,41.28036,141.1618,2
mlit:st-3501e6ea226c24d1,station,会津若松,37.50895,139.93017,2
mlit:st-35068b776fac5c08,station,山郷,35.2327,134.288745,2
mlit:st-3512a87d8a9936b3,station,大釈迦,40.75667,140.587825,2
mlit:st-3516d701a6e5f734,station,八栗,34.344633,134.122447,2
mlit:st-351872944eda7eec,station,松下,34.49615,136.79924,2
mlit:st-351bde668362da09,station,井戸,34.26663,134.1559,2
mlit:st-352b5a094f2ee044,station,昆布盛,43.22857,145.54248,2
mlit:st-352e683f79636d51,station,本町五丁目,33.850805,132.75875,2
mlit:st-352f3c7d0f3d785d,station,迫川,34.536485,133.879415,2
mlit:st-35346d2ae9c10f1c,station,学田,43.36652,142.38648,2
mlit:st-35361a0710b3347f,station,小田急多摩センター,35.62493,139.424375,2
mlit:st-354409a8a75f5d24,station,神楽坂,35.703865,139.73452,2
mlit:st-354858d67ebb81de,station,陸前浜田,38.350858,141.041704,2
mlit:st-35576ce246aa0917,station,西宮北口,34.746006,135.356891,2
mlit:st-3560ad24d4fcdf14,station,下立口,36.85961,137.532985,2
mlit:st-3564d30077d8c497,station,赤水,32.91315,130.99288,2
mlit:st-3567195c8627fac7,station,今津,33.571985,131.26786,2
mlit:st-3569fb89cd5f0471,station,高瀬,38.301503,140.396047,2
mlit:st-356ccbe4997de322,station,串木野,31.721836,130.274434,2
mlit:st-357b010bc493ec7e,station,荒尾,32.994525,130.434725,2
mlit:st-35803d0ac4dfe90c,station,三輪,34.52725,135.848395,2
mlit:st-3587c1dc3ced2e3f,station,高坂,36.002928,139.397692,2
mlit:st-358a83bc0931f5ba,station,細谷,36.282975,139.34899,2
mlit:st-3592f9ef4d17b758,station,西鉄中島,33.122505,130.440075,2
mlit:st-3595bcda2c6110f7,station,千葉みなと,35.606903,140.102788,2
mlit:st-35af912d4753d6c3,station,生瀬,34.81934,135.325325,2
mlit:st-35bcb8b3896e451a,station,室見,33.580675,130.33986,2
mlit:st-35ce5aff1967ce20,station,相内,43.795915,143.7564,2
mlit:st-35d45c5f2adb8308,station,野芥,33.54822,130.34673,2
mlit:st-35e2fe3a3663326f,station,塩川,37.5941,139.887197,2
mlit:st-360eb3407a822b33,station,桜水,37.79587,140.4411,2
mlit:st-361731869727f637,station,大江山口内宮,35.432165,135.158405,2
mlit:st-361a1717b5d01c7a,station,藤代,35.920555,140.11815,2
mlit:st-3632a2917100142f,station,大多羅,34.66553,134.006475,2
mlit:st-3636d4467a1bb0e3,station,和泉中央,34.461565,135.456715,2
mlit:st-36378a4e439335c5,station,斗米,40.285607,141.290913,2
mlit:st-363b8bf4a997b790,station,韮山,35.053285,138.94552,2
mlit:st-363c1c7e40fae025,station,上総川間,35.388055,140.151015,2
mlit:st-3654132ca762bfe9,station,神目,34.896237,133.935385,2
mlit:st-36615a47bbc67a1c,station,瑞穂区役所,35.13203,136.93439,2
mlit:st-36688289c7428c83,station,方谷,34.876815,133.55647,2
mlit:st-3669733680060fb4,station,方南町,35.683515,139.657935,2
mlit:st-366bc12a7f312a7c,station,三越前,35.686008,139.773515,2
mlit:st-36779dad0f58149a,station,南陽市役所,38.055505,140.149005,2
mlit:st-367aae4c04e3bf35,station,松崎,35.468625,133.901935,2
mlit:st-367ecd79b0157f6b,station,東高須,34.39186,132.420275,2
mlit:st-367ef272cabea150,station,長井,38.10653,140.033565,2
mlit:st-368b89697a2c1857,station,中央図書館前,43.03042,141.34008,2
mlit:st-369026ebc8379a9b,station,播磨高岡,34.841985,134.658715,2
mlit:st-36929c11be3e52b8,station,江田,35.558535,139.55141,2
mlit:st-36976f4769ca5e2d,station,乙供,40.78004,141.213237,2
mlit:st-369fa8c78175cebd,station,一畑口,35.4646,132.882845,2
mlit:st-36a4e5b602cccb41,station,東梅田,34.70056,135.499825,2
mlit:st-36a644b4ec328050,station,風合瀬,40.73218,139.9946,2
mlit:st-36b2566a7e3c6d92,station,仁保,34.21628,131.53625,2
mlit:st-36b2ea48f706ada4,station,大和田,34.921095,138.082185,2
mlit:st-36b87421d9cf3383,station,舟戸,33.57022,133.59967,2
mlit:st-36bbb34d9fa02648,station,南堀端,33.83944,132.761255,2
mlit:st-36c15e0d78e3bcf8,station,花白温泉,35.355022,137.407355,2
mlit:st-36c251ed04d74e61,station,中京競馬場前,35.0615,136.98089,2
mlit:st-36ce213baeaeccfb,station,牛田,35.744545,139.81177,2
mlit:st-36cf8e82310e9388,station,綾部,35.302145,135.251935,2
mlit:st-36cfdaf0817849b2,station,モノレール浜松町,35.655745,139.75667,2
mlit:st-36e36e01b953c47e,station,掖上,34.452485,135.763065,2
mlit:st-36e9d6906755127f,station,立川南,35.69617,139.412575,2
mlit:st-36ef9afcce529588,station,京田辺,34.821803,135.768297,2
mlit:st-3701952e589f96ab,station,粟生津,37.65397,138.8735,2
mlit:st-3706796dcee87d72,station,本長篠,34.932645,137.576738,2
mlit:st-3710998fc6987e01,station,東藤原,35.147415,136.498835,2
mlit:st-3714f147d14c0595,station,本厚木,35.43921,139.364375,2
mlit:st-371ab956ec63d28c,station,江戸川台,35.89723,139.91053,2
mlit:st-37328a3ac86f8683,station,生地,36.90578,137.42658,2
mlit:st-3735172c1441d325,station,大崎広小路,35.622305,139.722355,2
mlit:st-373b99eab25dcf5a,station,小林,31.99072,130.976095,2
mlit:st-374500ff6d53ba2a,station,長谷,35.311325,139.53626,2
mlit:st-374f028f13827b50,station,筒井,34.62024,135.78066,2
mlit:st-37594bb540fea41b,station,臼杵,33.118565,131.807645,2
mlit:st-375cfaf14ff8bced,station,亀嵩,35.206265,133.05287,2
mlit:st-37609f64d8d86731,station,岩鼻,33.979043,131.224973,2
mlit:st-37693851860329df,station,村上,35.72378,140.118635,2
mlit:st-376fae7da6535d74,station,頸城大野,37.00616,137.87249,2
mlit:st-377040c6a8b138a2,station,御代田,36.31899,138.50632,2
mlit:st-377739caf2ba4c85,station,電鉄魚津,36.81531,137.400345,2
mlit:st-37abe16acb9fdb48,station,木戸,37.25799,141.00253,2
mlit:st-37b0822b38088972,station,新大牟田,33.071316,130.488754,2
mlit:st-37b55f3cae7b68df,station,川宮,35.210265,136.96204,2
mlit:st-37b78c4133f713fc,station,安土,35.142573,136.133797,2
mlit:st-37b8c3e14b098b69,station,藤崎,33.581357,130.348485,2
mlit:st-37c3a278fa4ddd8f,station,茶山,33.566205,130.365465,2
mlit:st-37caaeae47dda255,station,下立,36.85773,137.54143,2
mlit:st-37d584ce5676c5b4,station,子安,35.484575,139.64504,2
mlit:st-37db5f3159b099cd,station,御嶽山,35.585153,139.68242,2
mlit:st-37efb0760632ad75,station,新茂原,35.44943,140.299715,2
mlit:st-37f250c8341056f5,station,富田,35.00816,136.65316,2
mlit:st-37f9304b33c66c2f,station,樟葉,34.861847,135.67534,2
mlit:st-3802bac8d2a313d5,station,新福井,36.064835,136.22693,2
mlit:st-38068b2bac2ca84c,station,幡ヶ谷,35.67676,139.67772,2
mlit:st-38068b704bf70e67,station,矢口渡,35.56245,139.70034,2
mlit:st-38150b0e6250ce6e,station,下土狩,35.128543,138.895105,2
mlit:st-38171cf771c1d2dd,station,屋代高校前,36.547955,138.13249,2
mlit:st-381c72bf81ebafa1,station,勝瑞,34.128075,134.52826,2
mlit:st-38238ad4b9b06faa,station,白庭台,34.72103,135.71683,2
mlit:st-3824947da9309c84,station,片瀬山,35.317315,139.49627,2
mlit:st-382dd5f02cade825,station,三代橋,33.18907,129.865935,2
mlit:st-38307e1e1545bb04,station,袖ヶ浦,35.431905,139.95721,2
mlit:st-383755493dbabaa0,station,南御殿場,35.277227,138.925723,2
mlit:st-3840d7ec0fcc5a78,station,東岩瀬,36.751945,137.230505,2
mlit:st-384247c51da201bb,station,箱崎宮前,33.61608,130.419365,2
mlit:st-384a62aef0d647b8,station,灘,34.705875,135.216545,2
mlit:st-38649ae209dd5bb1,station,二子新地,35.607273,139.622683,2
mlit:st-386c73130f5e8247,station,北永山,43.826753,142.454483,2
mlit:st-38711a6e8a1f2840,station,牟岐,33.672145,134.418195,2
mlit:st-387dd8bf8ba5cd80,station,春木場,39.6934,140.94394,2
mlit:st-388072fc060f93fd,station,あわくら温泉,35.18851,134.336938,2
mlit:st-3885e1966bc5e739,station,小波瀬西工大前,33.752872,130.97182,2
mlit:st-3886ea34e9f72088,station,宗吾参道,35.75235,140.280705,2
mlit:st-3892d4d24352896b,station,可児川,35.418247,137.018463,2
mlit:st-38a03a3b92761511,station,学文路,34.296505,135.579895,2
mlit:st-38a5adf2eb2e87dc,station,東船岡,38.05013,140.789815,2
mlit:st-38a6561a8681f5d8,station,紀伊清水,34.30745,135.604735,2
mlit:st-38a8a446278399d0,station,分倍河原,35.668242,139.468635,2
mlit:st-38a8ff3c394e8ce1,station,小屋浦,34.302288,132.506556,2
mlit:st-38aa10e1601570e8,station,旭,33.558815,133.50848,2
mlit:st-38aa92f1c0e52015,station,高速神戸,34.6799,135.175465,2
mlit:st-38abb9b0ca4262db,station,東別院,35.149935,136.904575,2
mlit:st-38b614a534e6336a,station,富士見,35.912265,138.237865,2
mlit:st-38bb9ffc619e9c73,station,豊島,34.667635,137.293695,2
mlit:st-38be90a6f191c399,station,木幡,34.925515,135.79751,2
mlit:st-38c3948184fa322a,station,新居町,34.694275,137.568823,2
mlit:st-38cb6c76b227c588,station,腹帯,39.60452,141.767425,2
mlit:st-38cba64631ab1584,station,鷲塚針原,36.12024,136.20481,2
mlit:st-38cfdc64a88adbe3,station,大槌,39.356735,141.90313,2
mlit:st-38d0708132de3d6f,station,越後田中,37.005275,138.62708,2
mlit:st-38d19469326cd5b2,station,伊予三島,33.979565,133.54249,2
mlit:st-38d87b64a8d642f6,station,佐味田川,34.585205,135.73108,2
mlit:st-38d9e8d9abbfae0f,station,松山市駅,33.83611,132.76286,1
mlit:st-38db75f1f0d383dc,station,鎌ヶ谷,35.763785,139.99731,2
mlit:st-38e2e9a25033d1c2,station,福山,34.489261,133.36133,2
mlit:st-38e91fb5d1d07eee,station,綾里,39.05418,141.799355,2
mlit:st-38ee549491f0debe,station,宿院,34.57641,135.47201,2
mlit:st-38eef47292bca0c8,station,近鉄新庄,34.4893,135.72728,2
mlit:st-38f0a7af39d8a929,station,本千葉,35.60039,140.121533,2
mlit:st-38f68a3d4511110f,station,蓬莱,35.182527,135.915123,2
mlit:st-38f6c243d906e4d4,station,西目,39.34776,140.018745,2
mlit:st-3907b70806a0d3e6,station,県立体育館前,32.815055,130.69907,2
mlit:st-390cfb9718662f08,station,福渡,34.8703,133.904045,2
mlit:st-3911c90e97a08562,station,茅場町,35.67973,139.779498,2
mlit:st-3912287b91bbebd4,station,加治,37.97651,139.358555,2
mlit:st-3925d3a44522e830,station,新石切,34.680097,135.641097,2
mlit:st-39268515f72a45bf,station,中筋,34.451765,132.47694,2
mlit:st-3926fec2ce7f4fa5,station,矢作,37.69065,138.851665,2
mlit:st-392a61193c98461b,station,玉淀,36.11696,139.20019,2
mlit:st-392e60bc667b1afa,station,水居,36.21921,136.172305,2
mlit:st-3948d3eb44ad5103,station,多磨霊園,35.66636,139.50212,2
mlit:st-39519e8c3d38b5ed,station,小野,32.834024,130.085781,2
mlit:st-3956129935084695,station,能美根上,36.451463,136.459623,2
mlit:st-39567c27814d0b2e,station,繁藤,33.680355,133.690215,2
mlit:st-3958affad4b34c93,station,蛸地蔵,34.45639,135.370395,2
mlit:st-395954519be51489,station,船橋日大前,35.727245,140.060075,2
mlit:st-39599344c9dfca26,station,昭和,35.506892,139.723932,2
mlit:st-3960974bd53c3ad1,station,揖屋,35.42784,133.14906,2
mlit:st-3966fb5acdb9736a,station,光善寺,34.79776,135.63017,2
mlit:st-397695610ba39fa9,station,西出水,32.075385,130.339285,2
mlit:st-398d371e2e147402,station,谷町六丁目,34.675618,135.517544,2
mlit:st-398fa02b687112ed,station,東船橋,35.699807,140.004242,2
mlit:st-399109c6ed4361b4,station,折渡,39.476395,140.09113,2
mlit:st-3995e429e861daa9,station,西国分寺,35.699816,139.465877,2
mlit:st-39980be0adbcc614,station,西笠田,34.28012,135.452635,2
mlit:st-399897f287861287,station,滝不動,35.73801,140.026285,2
mlit:st-39b0d532aba8daa3,station,大竹,34.21775,132.223435,2
mlit:st-39b3c8d627c5a711,station,塚原,35.301345,139.12672,2
mlit:st-39b4ca84ae499359,station,南多摩,35.649215,139.489545,2
mlit:st-39bcea95884ba8d5,station,竜舞,36.27885,139.4091,2
mlit:st-39bdac443c1cc661,station,大杉,33.76095,133.664415,2
mlit:st-39c23a1a6f435aa4,station,御岳山,35.78963,139.153765,2
mlit:st-39c2f6bf2c19145a,station,猊鼻渓,38.98863,141.25302,2
mlit:st-39c336ef5940eac4,station,中百舌鳥,34.556285,135.504958,2
mlit:st-39d1fd9cd134d669,station,穂積,35.396265,136.693635,2
mlit:st-39dfb1b82d551db7,station,黄金,42.38645,140.90778,2
mlit:st-39e52e17e4bc1ad4,station,稲城,35.636144,139.500234,2
mlit:st-39eeae7e93dae407,station,志摩磯部,34.36956,136.805795,2
mlit:st-39f593ac9a6da5dd,station,丸太町,35.01651,135.75949,2
mlit:st-3a10564013c2a78a,station,滝原,34.360163,136.412043,2
mlit:st-3a123b73a143b61f,station,川尻,32.74352,130.67972,2
mlit:st-3a14f759017f3b4b,station,八本松,34.445644,132.688591,2
mlit:st-3a180fd2d885feb0,station,清澄白河,35.682567,139.799198,2
mlit:st-3a24780740782eaf,station,及位,38.99296,140.361185,2
mlit:st-3a25ca7cb394a5af,station,陶,34.250395,133.9479,2
mlit:st-3a25f554332ee616,station,小岩井,39.709765,141.024695,2
mlit:st-3a327394bc9691c6,station,岩手飯岡,39.65375,141.14659,2
mlit:st-3a46a608fc3698df,station,荒河かしの木台,35.31932,135.105775,2
mlit:st-3a4999dcde53b7f7,station,高子,37.808387,140.527183,2
mlit:st-3a4f0091b785d167,station,アスモ前,34.72789,137.494165,2
mlit:st-3a4ffd72ac0be7e7,station,深溝,34.046945,131.371425,2
mlit:st-3a66c565c78ff65a,station,海鹿島,35.72208,140.863125,2
mlit:st-3a66ebaad7896d2a,station,羽田空港第2ターミナル,35.550795,139.7882,2
mlit:st-3a6cf52663c220ad,station,岩田,33.98193,131.994905,2
mlit:st-3a7708585fbabfb9,station,八戸,40.509235,141.431252,2
mlit:st-3a783e6e5e1295b8,station,安曇川,35.32795,136.01988,2
mlit:st-3a78700b3cada0c8,station,東尾久三丁目,35.745647,139.773817,2
mlit:st-3a80ec634bfb0664,station,枚方公園,34.811625,135.639495,2
mlit:st-3a81e4b9ade37b8a,station,川原石,34.248803,132.541173,2
mlit:st-3a84c0460851e869,station,大津京,35.024127,135.856893,2
mlit:st-3a881be11078f762,station,扇大橋,35.764135,139.77085,2
mlit:st-3a8a5c40907fbf98,station,笹川,35.83943,140.655825,2
mlit:st-3a8f2114d3a9ebae,station,周防久保,34.029113,131.91903,2
mlit:st-3a91385e71df69fa,station,須坂,36.656785,138.304205,2
mlit:st-3a965f94f346b9b9,station,阿仁前田温泉,40.061495,140.41783,2
mlit:st-3a9af49c80f1bc59,station,清児,34.425,135.372207,2
mlit:st-3a9b058a120175e6,station,安田,33.443345,133.984255,2
mlit:st-3a9e69fe48fd3f8e,station,西荻窪,35.703798,139.599705,2
mlit:st-3ab9c720c44a3725,station,武蔵関,35.727615,139.576365,2
mlit:st-3ac11eb9c1ca5bea,station,古市橋,34.450565,132.46811,2
mlit:st-3ac3904eb0b62cbb,station,有間川,37.16332,138.136665,2
mlit:st-3ac9d58550b75e04,station,甘木,33.418602,130.653813,2
mlit:st-3ae611fab9728020,station,尼崎,34.71851,135.417315,2
mlit:st-3aeabbccbebc754b,station,草津,35.022585,135.962109,2
mlit:st-3aecfaae11fcb844,station,石浜,34.967865,136.972905,2
mlit:st-3aef1b8515b29ae3,station,鮎川,39.328585,140.07139,2
mlit:st-3af3bc0ac8d74ada,station,大間越,40.49242,139.95008,2
mlit:st-3b11448b00a41bcf,station,宮木,35.97626,137.9905,2
mlit:st-3b1375f605c95257,station,市立病院前,31.575485,130.5417,2
mlit:st-3b22498f5e385ec7,station,祇園新橋北,34.4354,132.471065,2
mlit:st-3b309795751dd095,station,宮の坂,35.64755,139.64492,2
mlit:st-3b3391bed3e612b8,station,一ノ割,35.964875,139.76604,2
mlit:st-3b428ce658ccfd26,station,住吉鳥居前,34.612541,135.491206,2
mlit:st-3b43300b52879fdb,station,紀伊由良,33.96897,135.128257,2
mlit:st-3b45c4c988bf5401,station,長久手古戦場,35.17147,137.049505,2
mlit:st-3b51bb4003a66297,station,仁万,35.151005,132.40351,2
mlit:st-3b87017e3c8a3094,station,小島谷,37.57456,138.771345,2
mlit:st-3b9053eaaf538da4,station,旗の台,35.605033,139.702763,2
mlit:st-3b90dfdedae8c5ca,station,上野部,34.84724,137.830035,2
mlit:st-3b924e4666df32ba,station,本山,35.163378,136.96375,2
mlit:st-3b9263b5de620926,station,神畑,36.377845,138.216945,2
mlit:st-3ba60d812168b4b3,station,後三年,39.364877,140.538463,2
mlit:st-3bb5ebf8078f175f,station,高砂町,33.85175,132.762395,2
mlit:st-3bc551b544dc8f34,station,北鉄金沢,36.57897,136.649885,2
mlit:st-3bcd8f55524e6c4b,station,ひろせ野鳥の森,36.146165,139.351865,2
mlit:st-3bcdd38207b5f74b,station,栗熊,34.234115,133.884485,2
mlit:st-3bd2a7ad0de285bc,station,岡山駅前,34.66551,133.91968,2
mlit:st-3bd46568b681e2da,station,石岡,36.1912,140.279963,2
mlit:st-3bd85dd0dde62da8,station,永山,43.814195,142.434395,2
mlit:st-3bd915d93f87bba4,station,青砥,35.74587,139.85627,2
mlit:st-3bda47850f9eb234,station,中部天竜,35.085315,137.802855,2
mlit:st-3bf347a90819709f,station,愛子,38.27263,140.761435,2
mlit:st-3bf4a59456a64c95,station,渋民,39.834745,141.15423,2
mlit:st-3bf4c04c2aafc927,station,桂根,39.647548,140.066402,2
mlit:st-3bf5b066a69703a9,station,波高島,35.41851,138.459705,2
mlit:st-3bfc65d0b4e2d0f4,station,平内,40.425575,141.69923,2
mlit:st-3bfdf31b40f55daa,station,八丁牟田,33.20887,130.437525,2
mlit:st-3c04ac627513d44a,station,雨晴,36.81657,137.03739,2
mlit:st-3c07a5d55915789f,station,羽犬塚,33.20993,130.49765,2
mlit:st-3c0934472f6eeb24,station,白兎,38.149975,140.04109,2
mlit:st-3c0b0f3d6e4dc705,station,日向沓掛,31.8415,131.34436,2
mlit:st-3c0bae0d6f70cd4a,station,四ツ谷,35.68532,139.730087,2
mlit:st-3c21f3bb4ca9ac0b,station,武蔵白石,35.50193,139.70653,2
mlit:st-3c2760dde940e7de,station,板持,34.3533,131.17663,2
mlit:st-3c2dd9c700b7fd3c,station,野花南,43.47447,142.26175,2
mlit:st-3c47cf62a1185a6a,station,門川,32.47754,131.654105,2
mlit:st-3c489b2adb9f0dcb,station,大和,35.469887,139.461235,2
mlit:st-3c507676d6dcb40a,station,三河大野,34.95198,137.603,2
mlit:st-3c58eb3c30da385c,station,仁愛女子高校,36.069315,136.218075,2
mlit:st-3c5a700511e0df80,station,有馬口,34.796475,135.220985,2
mlit:st-3c60c0f34e2fc4bc,station,猪名寺,34.764,135.422615,2
mlit:st-3c6147e464698717,station,板橋,35.745027,139.719197,2
mlit:st-3c6899592734d951,station,鱒沢,39.300155,141.399245,2
mlit:st-3c6fd52af3f0fc47,station,桜町,35.52218,137.82976,2
mlit:st-3c7135709529537e,station,名谷,34.679265,135.09438,2
mlit:st-3c71b84f3e92bc0b,station,籠原,36.17442,139.33026,2
mlit:st-3c813ae56f572d21,station,北新井,37.0529,138.25771,2
mlit:st-3c83c1c8576ba7d0,station,河堀口,34.64103,135.524245,2
mlit:st-3c8b658c7d444dd6,station,五十川,38.67064,139.616095,2
mlit:st-3c9d95f65898c55c,station,手稲,43.120125,141.24385,2
mlit:st-3ca47cf76dbdf74c,station,紀和,34.24195,135.181365,2
mlit:st-3cab6068f74094e7,station,東伏見,35.728755,139.563575,2
mlit:st-3cb623e2ca483e16,station,信濃川上,35.975875,138.527085,2
mlit:st-3cc29a7ce1d13234,station,庄内通,35.203815,136.891005,2
mlit:st-3cd2f7aaa2ddc739,station,あすなろう四日市,34.966975,136.618575,2
mlit:st-3cd66914e460b678,station,本八戸,40.516375,141.488995,2
mlit:st-3cdce18fb43bb663,station,毛賀,35.48744,137.839385,2
mlit:st-3ce31afebfce7bb5,station,北本,36.032427,139.533407,2
mlit:st-3ce372f30ef6b96a,station,小絹,35.98114,139.98335,2
mlit:st-3ce9db82abf788fa,station,岡山,34.666687,133.917979,2
mlit:st-3ceadcc9f69bfb34,station,御影,42.94245,142.935735,2
mlit:st-3cecac427ded1a82,station,鰭ヶ崎,35.84097,139.911115,2
mlit:st-3ced4452b75facee,station,吉原本町,35.16077,138.68973,2
mlit:st-3cee332b72b41edb,station,百草園,35.657375,139.431375,2
mlit:st-3d016bb51b925dba,station,都留文科大学前,35.542585,138.89663,2
mlit:st-3d05e8d749296216,station,豪渓,34.70626,133.7225,2
mlit:st-3d07ea676d7dd7a9,station,東府中,35.66877,139.4954,2
mlit:st-3d0fdb3343f8ee03,station,渡波,38.41999,141.36518,2
mlit:st-3d13951a873f5efb,station,西舞子,34.6387,135.02813,2
mlit:st-3d14e62eda3e2637,station,谷山,31.530165,130.5235,2
mlit:st-3d1b8eb3c33ca985,station,西新宿,35.694515,139.69256,2
mlit:st-3d1c86e4e48ae1cf,station,新鹿,33.927933,136.14419,2
mlit:st-3d212a40fb55a2c8,station,伊勢佐木長者町,35.440945,139.63266,2
mlit:st-3d217fe637271227,station,川越富洲原,35.016245,136.65976,2
mlit:st-3d2c35aeb29200af,station,東白楽,35.4834,139.629525,2
mlit:st-3d2d06abf9c43c4c,station,紀伊浦神,33.560437,135.893973,2
mlit:st-3d3551d73c9a1078,station,本町一丁目,33.840755,132.75865,2
mlit:st-3d482fdb9754e9ba,station,備後本庄,34.493185,133.34537,2
mlit:st-3d4ef5136d1391d3,station,赤平,43.55488,142.04866,2
mlit:st-3d51379136263244,station,妙興寺,35.287295,136.79822,2
mlit:st-3d5a76266aeb9f2f,station,厳木,33.3234,130.0603,2
mlit:st-3d683fbab8ea70de,station,下野宮,36.815773,140.375523,2
mlit:st-3d6f52b8cdb4f736,station,東富山,36.74107,137.248915,2
mlit:st-3d876e5da8c2397c,station,南滋賀,35.0365,135.857685,2
mlit:st-3d8bd371c858cb0b,station,蔵本,34.07941,134.518255,2
mlit:st-3d91a5c25f97341b,station,平田,39.245705,141.886,2
mlit:st-3d93218875748d96,station,大西,34.066015,132.929115,2
mlit:st-3d93dd637efe06f9,station,天神南,33.588275,130.402112,2
mlit:st-3d973adfd14d6292,station,越ノ潟,36.774835,137.111935,2
mlit:st-3d9c466990c63045,station,幸谷,35.827045,139.92006,2
mlit:st-3da8cd3da49f36a5,station,青野山,34.480935,131.803225,2
mlit:st-3db3e8b3f79fda9d,station,静修学園前,43.03831,141.351115,2
mlit:st-3db4c958620f63f7,station,天津,33.56464,131.293005,2
mlit:st-3db763348376e8d7,station,石屋川,34.71332,135.249415,2
mlit:st-3dbd6fc898f24c29,station,平城,34.701465,135.78465,2
mlit:st-3dc46ebefb8e001d,station,筑後大石,33.347185,130.8169,2
mlit:st-3dd6f1cb7f5ebfb8,station,かしの森公園前,36.57239,140.014588,2
mlit:st-3df4ad8b2e5784b1,station,美濃山崎,35.198724,136.621537,2
mlit:st-3df5c67a0c90cc4b,station,小村神社前,33.53983,133.392675,2
mlit:st-3e03e3fedad5b68d,station,東鳴尾,34.71272,135.37915,2
mlit:st-3e0831007dc147f3,station,朝日野,35.03154,136.205727,2
mlit:st-3e12d4acb2c299c4,station,生麦,35.4956,139.667335,2
mlit:st-3e17d05fe9635fd6,station,秋田,39.717383,140.12958,2
mlit:st-3e2a8b277400cdf4,station,尾張一宮,35.302,136.79738,2
mlit:st-3e2c13d082e4fe00,station,印西牧の原,35.803628,140.167134,2
mlit:st-3e3062731b3cd08d,station,間内,35.2716,136.93119,2
mlit:st-3e3ccd5abb200a98,station,大高,35.0691,136.94028,2
mlit:st-3e3df6a0ef382c47,station,北野田,34.52293,135.543205,2
mlit:st-3e4035a446b34d21,station,船平山,34.421375,131.73413,2
mlit:st-3e405551d94b1c1a,station,荒川沖,36.030595,140.165985,2
mlit:st-3e426fa0ee9300c4,station,加茂野,35.46089,136.985115,2
mlit:st-3e50ee258f51b8ce,station,玉ノ井,35.334845,136.75797,2
mlit:st-3e604cf8f0b45910,station,新木屋瀬,33.783655,130.724515,2
mlit:st-3e66edc83ebcac58,station,安里,26.216745,127.69573,2
mlit:st-3e69bcc98e47ff00,station,南宇都宮,36.543717,139.871953,2
mlit:st-3e6ea208db615954,station,勝どき,35.658933,139.777133,2
mlit:st-3e7a92057d0c2490,station,尾頭橋,35.147048,136.891017,2
mlit:st-3e837e62606b0d31,station,小幌,42.589688,140.537275,2
mlit:st-3e8663ff7ac125b1,station,櫛田,34.54889,136.58304,2
mlit:st-3e89445e6bd80388,station,花畑町,32.801595,130.70593,2
mlit:st-3e905fc7557f15f2,station,大原,34.46284,132.412335,2
mlit:st-3ea7a11b5e8f8d14,station,栄町,35.75084,139.74222,2
mlit:st-3eaecb6a564e71a3,station,恋ヶ窪,35.71135,139.46389,2
mlit:st-3eb3e4b61ee94ce3,station,大津町,35.369095,132.774325,2
mlit:st-3ebcd88659228864,station,保々,35.046775,136.56592,2
mlit:st-3ec8e2de0f59a7f7,station,岡本,36.598265,139.94425,2
mlit:st-3ece3f9d1bd97279,station,河辺の森,35.135325,136.196225,2
mlit:st-3ed6664fdfb31bc3,station,下神明,35.60871,139.72631,2
mlit:st-3ed973d1f2ca4a21,station,添田,33.56732,130.85652,2
mlit:st-3ee2117d03fcbcd5,station,江原,35.46942,134.775685,2
mlit:st-3eede1ebe505c536,station,三鷹台,35.69205,139.589295,2
mlit:st-3ef833089b20ea94,station,北大路,35.04463,135.758375,2
mlit:st-3ef87434d65ac1db,station,西葛西,35.664583,139.859355,2
mlit:st-3ef8b9c3ffc78cd4,station,塚目,38.572485,140.937095,2
mlit:st-3efd8d8a63de2ff2,station,榎戸,34.90495,136.8282,2
mlit:st-3f06963d22a6e575,station,動物公園,35.642637,140.1255,2
mlit:st-3f0b571301fc02f1,station,大森町,35.5725,139.73201,2
mlit:st-3f122f2e771f146f,station,尾張森岡,34.99388,136.97046,2
mlit:st-3f231bfcc0fe8d7f,station,谷頭,31.789195,131.054005,2
mlit:st-3f2ff1ca621cd6dd,station,内原,36.370045,140.35263,2
mlit:st-3f338be91ff5d096,station,鶴原,34.42642,135.33831,2
mlit:st-3f37165de5901c65,station,柴山,35.646549,134.663855,2
mlit:st-3f3c7b4c2d9b16ac,station,上川立,34.725335,132.78489,2
mlit:st-3f48d48becca9666,station,鍋原,35.5658,136.636655,2
mlit:st-3f60a2abd9f60c80,station,楠久,33.291415,129.82689,2
mlit:st-3f77256efe0a2cd3,station,さぎの宮,34.757275,137.75732,2
mlit:st-3f7e15b412333147,station,土深井,40.22249,140.71305,2
mlit:st-3f9533820d73e64f,station,新柏,35.8381,139.96704,2
mlit:st-3f97f3bfa578e171,station,岩原スキー場前,36.924247,138.839561,2
mlit:st-3fa0a7309d5fba89,station,インテック本社前,36.703625,137.216415,2
mlit:st-3fa442022b9ecd14,station,畑田,34.259005,133.971565,2
mlit:st-3fa8afc6010152fd,station,長居,34.610258,135.51316,2
mlit:st-3fc26412a2b8d07e,station,西鉄二日市,33.502145,130.517885,2
mlit:st-3fc6f352d4c6dd41,station,小牧,35.288955,136.927985,2
mlit:st-3fcff9e3a464770b,station,雑司が谷,35.7202,139.714715,2
mlit:st-3fd043ce3ef3b012,station,下赤塚,35.770485,139.64485,2
mlit:st-3fd196d0ea6378ce,station,下曽我,35.30355,139.18342,2
mlit:st-3fd57048fe2b6360,station,駒鳴,33.31942,129.97239,2
mlit:st-3fd7853d10421417,station,伏石,34.309816,134.047834,2
mlit:st-3fd97cccfaab3096,station,木崎,36.27139,139.313005,2
mlit:st-3fdb64760a046e15,station,函館アリーナ前,41.782,140.78222,2
mlit:st-3fe09aec63019e1e,station,日永,34.95596,136.604355,2
mlit:st-3fe5a19877cfa672,station,北真岡,36.44907,140.014015,2
mlit:st-3fee1b2a996170a2,station,小池,34.74889,137.388075,2
mlit:st-3ffc24c4a1d4799e,station,咲花,37.735,139.290903,2
mlit:st-400eefd36f52e107,station,八東,35.363605,134.31656,2
mlit:st-401a8ef94b4fef63,station,井原,34.764185,137.421835,2
mlit:st-4020b5cda11c6294,station,小天橋,35.63012,134.92848,2
mlit:st-402e7c321345c2fe,station,大村,34.808645,134.97152,2
mlit:st-402f0861d83af657,station,安芸長束,34.42839,132.456105,2
mlit:st-403432f6dd59be86,station,増尾,35.82982,139.976325,2
mlit:st-403554c2bf59da57,station,熊山,34.78359,134.10945,2
mlit:st-4036c0e7d774ef82,station,札幌,43.068373,141.349993,2
mlit:st-40482fe0e816857a,station,西八王子,35.656275,139.312005,2
mlit:st-40515aa4d70671b1,station,発寒中央,43.089265,141.294575,2
mlit:st-4052db2b8880f78c,station,桜井,34.816695,135.46083,2
mlit:st-40634473b017d74c,station,岩手二日町,39.32349,141.45603,2
mlit:st-406a7882e671b273,station,稲梓,34.72206,138.9494,2
mlit:st-40710b8cfd46de33,station,向河原,35.572175,139.667295,2
mlit:st-40733f2fb9f3a1a6,station,若井,33.188045,133.105835,2
mlit:st-40771cf00337e34a,station,播磨下里,34.88628,134.840215,2
mlit:st-40780535efd66756,station,熊川,35.72829,139.33573,2
mlit:st-407d7f9fc694668f,station,観光通,32.743415,129.877785,2
mlit:st-407e3804ea1a9456,station,垂井,35.369543,136.530825,2
mlit:st-4081240904aadd03,station,大波止,32.74564,129.87206,2
mlit:st-4085b95600e3421f,station,白鳥高原,35.9132,136.8424,2
mlit:st-408ae310bcde6d3f,station,鳳,34.532002,135.458764,2
mlit:st-408de04a4fd0470e,station,居組,35.60701,134.393855,2
mlit:st-408fb1ba33f781d2,station,やながわ希望の森公園前,37.85787,140.61565,2
mlit:st-4092a21ade42b675,station,修大協創中高前,34.368185,132.374235,2
mlit:st-4092acb99109c833,station,上総中川,35.282705,140.28056,2
mlit:st-409c13e8ac711ec7,station,郡山,37.398264,140.388804,2
mlit:st-40a580c5286098d5,station,梨郷,38.057283,140.09812,2
mlit:st-40ab2dc0799278c0,station,阿下喜,35.146275,136.519035,2
mlit:st-40ac6de413208736,station,吉見ノ里,34.3915,135.28988,2
mlit:st-40bf8a3031c71daa,station,戸田,34.07259,131.704615,2
mlit:st-40c28149426b0f1e,station,三柿野,35.400075,136.876165,2
mlit:st-40c58e9fd47be911,station,小倉台,35.627815,140.17184,2
mlit:st-40c6068c892c0e45,station,絹延橋,34.83482,135.42307,2
mlit:st-40d0c58485f835da,station,油日,34.889695,136.22959,2
mlit:st-40d0fc9acfd4fa48,station,折本,36.340635,139.971185,2
mlit:st-40d488b085251e85,station,竪堀,35.168065,138.64579,2
mlit:st-40d82a2a0d4a456c,station,新城,34.90107,137.493,2
mlit:st-40e5d35da49750e6,station,喜連瓜破,34.60919,135.55209,2
mlit:st-41003ca5a52a7762,station,高滝,35.353085,140.150275,2
mlit:st-41015f5145c2524a,station,南宍道,35.38002,132.918235,2
mlit:st-4103e71ebd9cd3ca,station,佐川,33.500193,133.292747,2
mlit:st-4110e04f9cc62d72,station,羽倉崎,34.39952,135.300095,2
mlit:st-4111647437e8ddb0,station,音威子府,44.72944,142.25988,2
mlit:st-411700c6bd6d566a,station,淀,34.906515,135.720996,2
mlit:st-41196500d8dea5bc,station,大川ダム公園,37.34682,139.920775,2
mlit:st-411f22d37ac976a0,station,三野瀬,34.16769,136.282385,2
mlit:st-4121afb36ab5afb2,station,平和島,35.578654,139.734934,2
mlit:st-412f029ff39d6071,station,会津高原尾瀬口,37.090027,139.705123,2
mlit:st-4138ce85b7da0609,station,浜田,34.902645,132.088415,2
mlit:st-414418f901cbae8e,station,南摂津,34.76509,135.56876,2
mlit:st-414bfbf4f217ae3e,station,有峰口,36.572973,137.380243,2
mlit:st-41513cdb62dd88fe,station,長陽,32.854215,131.0039,2
mlit:st-415dc4a37191332c,station,江ノ島,35.311025,139.487625,2
mlit:st-416f399b8c1b9425,station,南直方御殿口,33.73876,130.725005,2
mlit:st-417782405d52719b,station,伊予和気,33.88961,132.740545,2
mlit:st-418454354366d0e5,station,笠田,34.292065,135.4799,2
mlit:st-419847e5161ae5a3,station,根津,35.717325,139.76575,2
mlit:st-419c82f1fa34ee6b,station,柳井港,33.95828,132.13446,2
mlit:st-419f10d7a50c85bd,station,名和,35.507285,133.49197,2
mlit:st-41a09076dac6df02,station,まつもと町屋,36.076965,136.228862,2
mlit:st-41a7553b1b5e7a2f,station,本郷三丁目,35.707162,139.760415,2
mlit:st-41a80eee2f492eb2,station,由比ヶ浜,35.31288,139.541575,2
mlit:st-41ad0bda2d6932d3,station,山名,36.277705,139.0381,2
mlit:st-41b1cae704d15376,station,櫛田神社前,33.591322,130.411586,2
mlit:st-41b3a603e9212eff,station,古山,42.97525,141.794015,2
mlit:st-41b3f44f1a01f148,station,八千穂,36.133325,138.47742,2
mlit:st-41b6a197fe6e4e53,station,富士見ヶ丘,35.684805,139.607233,2
mlit:st-41bb989c7bef56c9,station,鎌倉,35.318783,139.550259,2
mlit:st-41ca23c9c6772725,station,京成千葉,35.61162,140.114355,2
mlit:st-41d499ad2427e2c1,station,善行,35.36259,139.473265,2
mlit:st-41d5340647e7ab82,station,筒井,40.805722,140.76946,2
mlit:st-41d9461484dbee3b,station,武蔵新田,35.567755,139.692435,2
mlit:st-41da5ac7f1bfb229,station,新座,35.80378,139.55623,2
mlit:st-41e652fc19ffa151,station,次郎丸,33.55241,130.329795,2
mlit:st-41e81eb916dcd004,station,若栗,36.871145,137.49322,2
mlit:st-41f0d764d2e6dd29,station,春日原,33.53795,130.47311,2
mlit:st-41f201f228e54404,station,関西空港,34.435897,135.243199,2
mlit:st-41f9648d050f09fb,station,作草部,35.625785,140.11537,2
mlit:st-42020f3cc7367bc9,station,井関,34.642575,136.412785,2
mlit:st-42078a9eccea05be,station,君津,35.333645,139.895515,2
mlit:st-4212db2b8d837085,station,縮景園前,34.39944,132.465305,2
mlit:st-4217f11d8751ac24,station,不動院前,34.42665,132.46906,2
mlit:st-4219b2e09fe67efa,station,上神梅,36.47007,139.257725,2
mlit:st-421d422c3327eaef,station,沢,35.93632,137.98546,2
mlit:st-421f14d795db474a,station,五百石,36.66541,137.314173,2
mlit:st-42265acf0ee64878,station,東一身田,34.758735,136.5121,2
mlit:st-422799274f05a54b,station,十二兼,35.645302,137.617562,2
mlit:st-423735f9178775dd,station,北熊本,32.827605,130.721865,2
mlit:st-42387d36ec9fbf6d,station,仁保津,34.12899,131.415615,2
mlit:st-424c52c7b54cb517,station,小泉町,36.26153,139.42025,2
mlit:st-424facc368899fca,station,江戸川橋,35.709295,139.73413,2
mlit:st-4251ba2c201095de,station,京成高砂,35.75087,139.86659,2
mlit:st-426b747a3f5a89a4,station,釧路,42.99057,144.382035,2
mlit:st-426d68c4e155d333,station,宇久井,33.662735,135.97229,2
mlit:st-4280cded887e7c98,station,木岐,33.7666,134.569505,2
mlit:st-4282d516fb73bed7,station,郡中,33.760705,132.704145,2
mlit:st-428eb968d2a37149,station,大保,33.411465,130.55812,2
mlit:st-429b5c7cce1547f5,station,印南,33.8186,135.219855,2
mlit:st-42b42a68d9b01d94,station,高輪台,35.631545,139.730192,2
mlit:st-42b4c85ce72d04a4,station,大滝温泉,40.20978,140.63962,2
mlit:st-42bd15c47d6f4790,station,多度津,34.271245,133.75729,2
mlit:st-42cc37754e4d8203,station,南大町,36.491535,137.85627,2
mlit:st-42d8bf28bd97aad3,station,明石,34.649033,134.993177,2
mlit:st-42ddf186a7596157,station,高島平,35.788935,139.661295,2
mlit:st-42e4ad0018fc655a,station,根笠,34.21053,131.99862,2
mlit:st-42f9c82eef6723b7,station,愛宕橋,38.24744,140.881407,2
mlit:st-42fd3561ded7215b,station,東海,36.4655,140.566035,2
mlit:st-43094a93969812d9,station,川東,33.267365,129.863875,2
mlit:st-4312e62b7ff58351,station,北勢中央公園口,35.060605,136.566045,2
mlit:st-4317781fa9345972,station,北加賀屋,34.621295,135.479355,2
mlit:st-4317d019d3213e24,station,陸奥市川,40.563045,141.43906,2
mlit:st-4319ff5cbf38295d,station,飯岡,35.72938,140.68335,2
mlit:st-431e048d9fc15a2f,station,上新庄,34.750065,135.533015,2
mlit:st-431e0ac4f468a08d,station,大森,35.58885,139.728107,2
mlit:st-432598d3b2c8518c,station,那智,33.643845,135.93649,2
mlit:st-432a9a9840e9b283,station,北条町,34.929137,134.83217,2
mlit:st-432e1843d7364481,station,岸辺,34.776935,135.541325,2
mlit:st-433bfcd80ecbcc00,station,和泉府中,34.487985,135.42387,2
mlit:st-433c324a0b512643,station,東京ビッグサイト,35.63021,139.7913,2
mlit:st-43444e89df02adf9,station,八栗新道,34.33687,134.147465,2
mlit:st-434b635595709ab8,station,西長田ゆりの里,36.153585,136.206495,2
mlit:st-435b9f90a5ae4ed4,station,十国峠山頂,35.12768,139.04083,2
mlit:st-436272d4aaa028ba,station,吉祥寺,35.702718,139.58015,2
mlit:st-4363edccb49ad439,station,伊予土居,33.959005,133.4276,2
mlit:st-437146377e9dcc7e,station,寒河江,38.37204,140.274693,2
mlit:st-43828da377ef94fb,station,相模湖,35.617315,139.188525,2
mlit:st-43881d1609ea0a77,station,知床斜里,43.910825,144.66164,2
mlit:st-4392043374219dfb,station,深田,33.267635,132.660395,2
mlit:st-4398bad1fc7403b8,station,長門湯本,34.334475,131.17258,2
mlit:st-43bcbd0e5fe5c26d,station,義塾高校前,40.555805,140.527525,2
mlit:st-43c34cbec862dc5b,station,佐々,33.236715,129.646865,2
mlit:st-43c7216f80eed40d,station,森宮野原,36.989445,138.57745,2
mlit:st-43cc0971d1f4afff,station,杉並町,41.78861,140.759465,2
mlit:st-43d1400b580fc0e4,station,箱根湯本,35.23354,139.10395,2
mlit:st-43e4ebee0d11a7e1,station,千林大宮,34.724225,135.549255,2
mlit:st-43ed805b62bee716,station,芦原町,34.660525,135.486295,2
mlit:st-43f09c0cb7103d88,station,守谷,35.950418,139.99207,2
mlit:st-43f7a9ebf3356b01,station,楽々園,34.364325,132.351985,2
mlit:st-43fcaee9b0f4c2fd,station,加納,31.876265,131.406525,2
mlit:st-4403326dee271ac6,station,紀伊姫,33.497295,135.796275,2
mlit:st-440e9ec061e1541c,station,徳宿,36.19034,140.514475,2
mlit:st-441ac5df4e36155b,station,奥田,35.235025,136.811145,2
mlit:st-44221b17a6d7118a,station,松浦発電所前,33.347202,129.68589,2
mlit:st-44237aeae6c82968,station,信濃境,35.8849,138.27553,2
mlit:st-442e97bbe2397812,station,豊水すすきの,43.054095,141.35699,2
mlit:st-44350b3e58b6027d,station,白馬,36.69601,137.863895,2
mlit:st-443dbc3d594173e7,station,鵜沼,35.39756,136.94605,2
mlit:st-44402d7ca544dca4,station,曳舟,35.71851,139.816673,2
mlit:st-444584f0cd734619,station,小柳,36.47067,136.611435,2
mlit:st-4456413b07ea313c,station,兜沼,45.22031,141.69747,2
mlit:st-4458e1aed9c22d84,station,越後岩沢,37.240785,138.7972,2
mlit:st-445c7cb7c832d59e,station,由宇,34.043355,132.21364,2
mlit:st-446ede1619131620,station,関目成育,34.713025,135.54644,2
mlit:st-447f63c576386433,station,石部,35.0177,136.05307,2
mlit:st-447ffade16de6357,station,金指,34.8169,137.681287,2
mlit:st-4482552e226f7ae8,station,新発田,37.943853,139.334977,2
mlit:st-4491378e38b5d6e9,station,鳴谷,33.548805,133.432855,2
mlit:st-4499bf0daf0adfc5,station,福神,34.395425,135.75023,2
mlit:st-44ad3ac8c5cca753,station,大橋,32.777565,129.861515,2
mlit:st-44ae02d4bf7226fb,station,江端,36.028415,136.212475,2
mlit:st-44afbe91200e204c,station,猪田道,34.735076,136.140509,2
mlit:st-44b57a74f7c04a53,station,刈和野,39.548172,140.371813,2
mlit:st-44bf62ef7d2e2841,station,宮古,39.639895,141.947365,2
mlit:st-44c0de710803a959,station,荒木,33.27685,130.502695,2
mlit:st-44c0fb8372345426,station,左堰,40.917475,140.66582,2
mlit:st-44d0b7966ce9191f,station,阿波加茂,34.036745,133.92707,2
mlit:st-44d1075a1101dc8d,station,栃木,36.371803,139.731255,2
mlit:st-44d4a730d6ad7970,station,北四番丁,38.2721,140.86911,2
mlit:st-44e868d8c9f89f59,station,鎌倉高校前,35.30676,139.500495,2
mlit:st-44ecdf4d754aee5b,station,谷村町,35.5506,138.90463,2
mlit:st-44f12925ab9ea6fc,station,丸ノ内,35.204205,136.84214,2
mlit:st-44fdbcbe1fada534,station,雫石,39.68923,140.97481,2
mlit:st-44fdc4eae7312e8f,station,みどり中央,34.43024,132.589605,2
mlit:st-44ff41503dfe902c,station,八栗登山口,34.355205,134.13391,2
mlit:st-450317a6494ad308,station,矢本,38.42045,141.2091,2
mlit:st-4504b6063e73bf85,station,山鼻9条,43.049015,141.349765,2
mlit:st-450dd8c01266f8cf,station,道成寺,33.911145,135.175815,2
mlit:st-450f128019064daf,station,潮来,35.937455,140.54969,2
mlit:st-4514daffd6ed3474,station,久崎,34.96069,134.34419,2
mlit:st-45206efe28a3b577,station,諏訪ノ森,34.55181,135.44918,2
mlit:st-452454460824d07e,station,紀ノ川,34.254925,135.1659,2
mlit:st-4532c6980f8f681e,station,羽後牛島,39.69586,140.1165,2
mlit:st-4534ccdfa655f2b1,station,津島ノ宮,34.238235,133.704477,2
mlit:st-45394fab20633efa,station,五農校前,40.821025,140.478455,2
mlit:st-453d6ea0b354343f,station,下兵庫,34.32259,135.634735,2
mlit:st-4541284111c52a12,station,緑川,32.69393,130.63135,2
mlit:st-45440d84a62632d2,station,神谷,35.16098,138.74302,2
mlit:st-4550ca5583d133ce,station,平石中央小学校前,36.554821,139.944689,2
mlit:st-456df4c938f5ccca,station,沢中山,36.622377,137.321007,2
mlit:st-456e8ff5985b4ef6,station,六地蔵,34.932857,135.795664,2
mlit:st-456eb978443a7371,station,紙屋町東,34.394975,132.458305,2
mlit:st-45726ab190b845fc,station,金橋,34.50966,135.76535,2
mlit:st-45788d4790083c45,station,円行寺口,33.565755,133.520795,2
mlit:st-458451ddb96df7ea,station,坪井,35.062147,133.877283,2
mlit:st-4591c307a72e7e88,station,三つ峠,35.524253,138.84537,2
mlit:st-4594043cca70cdcc,station,肥後大津,32.87749,130.86631,2
mlit:st-4599d2786f437e0c,station,加太,34.275315,135.080765,2
mlit:st-459c07d718bd2c2c,station,指宿,31.236967,130.64261,2
mlit:st-45a36b9635a63a4d,station,福島今町,31.45686,131.20339,2
mlit:st-45b71f7387fc05eb,station,助信,34.7236,137.738465,2
mlit:st-45ba0b1076997905,station,肥後田浦,32.350597,130.50467,2
mlit:st-45bb9a0f3863b3bb,station,佐土原,32.022525,131.47742,2
mlit:st-45bc958d7ffd1cad,station,越後須原,37.320545,139.01777,2
mlit:st-45bffa1f3a53a9f0,station,今船,34.64297,135.501705,2
mlit:st-45c400fefda9af0f,station,東池袋,35.72595,139.718865,2
mlit:st-45c502da7142ac0c,station,洗足池,35.599675,139.690925,2
mlit:st-45c7e9210ea8e188,station,防府,34.053215,131.569015,2
mlit:st-45c9e9a7687e6a34,station,門前仲町,35.67229,139.795677,2
mlit:st-45d55b2f07c7289b,station,山崎,42.31461,140.274615,2
mlit:st-45e902ffe26cd1af,station,道明寺,34.568375,135.62023,2
mlit:st-45e9fcb94bf301ca,station,高根公団,35.73042,140.029435,2
mlit:st-45fe06087dd2178e,station,伊那北,35.845235,137.96435,2
mlit:st-45fea88e2f08cea1,station,陸前豊里,38.58231,141.24351,2
mlit:st-4606f4557563d271,station,JR小倉,34.889084,135.786258,2
mlit:st-460750cc98043b85,station,渚,36.227135,137.956085,2
mlit:st-461071fb02b8c17d,station,大船,35.353594,139.531327,2
mlit:st-4623ada2f26da3b6,station,一本松,35.940215,139.37008,2
mlit:st-462613cba524403a,station,勢浜,35.4812,135.708045,2
mlit:st-462f45a5287091ee,station,新南陽,34.069485,131.76978,2
mlit:st-4636847d13ce6199,station,布忍,34.577845,135.539415,2
mlit:st-4636e92151514db5,station,清音,34.644035,133.733505,2
mlit:st-465d261674c14808,station,志井公園,33.81827,130.879725,2
mlit:st-465ff25379716513,station,佃,34.032445,133.857665,2
mlit:st-466282a557f89b9b,station,地下鉄赤塚,35.770217,139.643597,2
mlit:st-46632f673270a448,station,大在,33.24391,131.720525,2
mlit:st-466b3eb74b2f6ef1,station,伊賀,33.62105,130.473645,2
mlit:st-466bd81348786e13,station,糸魚川,37.043575,137.862151,2
mlit:st-46704e00a5e031f4,station,安東,34.47488,132.45349,2
mlit:st-467c1002ea93a0ae,station,安田,37.341125,138.612165,2
mlit:st-4682945f0fa1fcbf,station,平福,35.04369,134.371875,2
mlit:st-4684ce531103151d,station,ひたち野うしく,36.007261,140.158247,2
mlit:st-4689e46db2b5ba02,station,小田栄,35.514417,139.705076,2
mlit:st-468c1249ae73b674,station,太刀洗,33.413925,130.618875,2
mlit:st-4690fe4976816157,station,越中大門,36.733924,137.055758,2
mlit:st-4696c7d853c1fe07,station,常山,34.53138,133.893055,2
mlit:st-46983edf39235cba,station,九産大前,33.67373,130.441155,2
mlit:st-46a2a34ded93f46e,station,東多良木,32.272245,130.9508,2
mlit:st-46b22d150155e449,station,新船橋,35.711565,139.97982,2
mlit:st-46c426c36484962c,station,上戸手,34.55155,133.281955,2
mlit:st-46c4c055d78fe9d6,station,幾寅,43.161595,142.569475,2
mlit:st-46d0d12410ccbea2,station,築地口,35.099945,136.8832,2
mlit:st-46dc41830137a7cd,station,門司港,33.944055,130.960505,2
mlit:st-46effb11a4ab2fa3,station,越後下関,38.089985,139.56015,2
mlit:st-46f004b046664f8d,station,河瀬,35.225385,136.225315,2
mlit:st-470204e78c317256,station,JR俊徳道,34.658537,135.57246,2
mlit:st-47024dc9aff727b3,station,六実,35.793705,139.999245,2
mlit:st-471429efc36ea5e1,station,愛・地球博記念公園,35.177665,137.087535,2
mlit:st-47220ab60360b5c9,station,西春江ハートピア,36.1389,136.20622,2
mlit:st-472770e1d9cacb4f,station,千駄木,35.725988,139.763375,2
mlit:st-472a3558b47008d1,station,美馬牛,43.537435,142.44714,2
mlit:st-472e999e4a4fcc89,station,板野,34.14195,134.465215,2
mlit:st-4735eb1e4551c8d4,station,ロープウェイ入口,43.033965,141.33728,2
mlit:st-47445b850e7b08d6,station,指扇,35.916965,139.56497,2
mlit:st-47544ebcc946d56a,station,都留市,35.557205,138.907455,2
mlit:st-475856936484579b,station,白子,34.83386,136.5895,2
mlit:st-475ac9083b71582b,station,大堀,38.76593,140.4754,2
mlit:st-4761d86698091dc3,station,本町四丁目,33.848055,132.75873,2
mlit:st-476ffbb18c78ad27,station,水道町,32.802365,130.712525,2
mlit:st-47732c3078a8ae32,station,西新,33.583765,130.359525,2
mlit:st-4773a1e081650df9,station,上の町,34.490955,133.81517,2
mlit:st-4773afc57b5562f8,station,築城,33.673085,131.037965,2
mlit:st-477ffb78f2509fc5,station,湊,34.57062,135.460095,2
mlit:st-4781b2751a6e6211,station,花巻空港,39.442255,141.12731,2
mlit:st-4782ee541381a8e1,station,東小金井,35.70156,139.52376,2
mlit:st-47a4c7d7e7037ffe,station,海ノ中道,33.66413,130.361465,2
mlit:st-47a515f8bb7f4432,station,伊予寒川,33.96794,133.500195,2
mlit:st-47ae57d96cb991cb,station,高田橋,35.398405,136.81153,2
mlit:st-47ba51cd0e11ff6c,station,三木,34.799782,134.981884,2
mlit:st-47bd54d8f1b171a1,station,高見橋,31.58588,130.54525,2
mlit:st-47c1bb0938e0d3c4,station,梅ヶ谷,34.258034,136.356564,2
mlit:st-47c6d0286837b7e6,station,南新宿,35.68361,139.698717,2
mlit:st-47cb3576b482255d,station,八ツ島,36.08619,136.205885,2
mlit:st-47cb7d9fe10eedb0,station,勇払,42.632825,141.727655,2
mlit:st-47d27231cfba877f,station,知多半田,34.893992,136.92588,2
mlit:st-47dd06bcee9f81ca,station,新神戸,34.705563,135.196118,2
mlit:st-47de10c44237200d,station,東能代,40.191575,140.065725,2
mlit:st-47e1661880b536b3,station,大和,36.345555,140.07323,2
mlit:st-47ec986491e1059b,station,上一万,33.84681,132.775435,2
mlit:st-47f15d0061cb2cb2,station,小俣,34.512835,136.68481,2
mlit:st-47fd67ec6247d311,station,六万寺,34.3426,134.134255,2
mlit:st-48037a60ee1efd38,station,厚狭,34.053476,131.160299,2
mlit:st-4805da932bede7b4,station,本黒田,35.052953,134.995947,2
mlit:st-4808a1e4cff21ac9,station,大関,36.18663,136.20378,2
mlit:st-4816be7febbccfdf,station,西立川,35.703546,139.39339,2
mlit:st-481b10563e9e7d9b,station,池の浦,34.47913,136.81841,2
mlit:st-482a6cfaf3f35dd8,station,鳴海,35.07843,136.95119,2
mlit:st-482c2df392f78af0,station,あわら湯のまち,36.22296,136.1938,2
mlit:st-483ccf74db7f91bf,station,水無瀬,34.877807,135.66777,2
mlit:st-483d7181548a76da,station,吉松,32.011865,130.738135,2
mlit:st-48455b364a772818,station,財光寺,32.40585,131.627625,2
mlit:st-4849935d35256c67,station,新井,35.23658,134.79521,2
mlit:st-484dfc3c0491ae9d,station,南万騎が原,35.452545,139.526348,2
mlit:st-485bf192326dfcc9,station,陸奥岩崎,40.58333,139.924195,2
mlit:st-485c6cc6eb0b27f7,station,千本,34.942495,134.49436,2
mlit:st-485ce7cf21fdfa06,station,和田浦,35.04171,140.01961,2
mlit:st-4862bc0d74cbad02,station,ひばりが丘,43.032105,141.46447,2
mlit:st-48678dd098235e20,station,小浦,33.22193,129.641645,2
mlit:st-48773b1cf85dd0e3,station,白岡,36.01778,139.66688,2
mlit:st-48833acc4e2f2575,station,東富岡,36.26082,138.901685,2
mlit:st-48898f5522af7a50,station,大和二見,34.34612,135.68444,2
mlit:st-48943c91fac7f2d7,station,奥沢,35.603945,139.67241,2
mlit:st-4895d70027ff73f1,station,家久,35.926015,136.170735,2
mlit:st-48a7fc1ad716f39f,station,越前下山,35.920475,136.63488,2
mlit:st-48a833ba80de08af,station,野田,34.688935,135.47493,2
mlit:st-48af10bc13938b4b,station,二田,39.881425,139.987325,2
mlit:st-48b6b44ae167d9d1,station,有松,35.06769,136.9711,2
mlit:st-48c5e1f9a120de3c,station,知多武豊,34.850615,136.916545,2
mlit:st-48d2e05883580f12,station,三本松,34.57855,136.03585,2
mlit:st-48e4fa088026fdab,station,豊明,35.041135,137.008245,2
mlit:st-48e67c112a97e043,station,新能町,36.77028,137.037825,2
mlit:st-48ea83821a0f1bb9,station,徳重・名古屋芸大,35.255745,136.873355,2
mlit:st-48f5a5fc1667ebcf,station,香住,35.635558,134.623148,2
mlit:st-4902b364b1f14a1f,station,黒髪町,32.81836,130.717245,2
mlit:st-490487b73b0743d5,station,打井川,33.1755,133.029745,2
mlit:st-4918aaf0ef99c46c,station,崎守,42.37399,140.927165,2
mlit:st-491e57d558eeeaa2,station,杉山,34.68031,137.320755,2
mlit:st-492192fba3fa15ed,station,高須神社,34.590475,135.485245,2
mlit:st-4921c9219400cf35,station,笠間,36.373037,140.246513,2
mlit:st-492789c797039aad,station,谷塚,35.81486,139.801465,2
mlit:st-493e845274861d70,station,苫米地,40.46692,141.37499,2
mlit:st-493f4ea1357aabd7,station,岳南江尾,35.155245,138.75183,2
mlit:st-494da7a6c3d22165,station,高松,36.76849,136.728975,2
mlit:st-494de196b5a22af4,station,沢渡,35.80372,137.944025,2
mlit:st-494f10b6cfd48446,station,王寺,34.597548,135.703428,2
mlit:st-4950fee8411e6d0b,station,上豊田,35.116175,137.1551,2
mlit:st-49565f9ee678be73,station,春木,34.47763,135.392145,2
mlit:st-495907308c94f89e,station,弥生,34.54405,133.747615,2
mlit:st-495f701e5dbcdf3f,station,西海鹿島,35.72508,140.860215,2
mlit:st-4960f7499f0322d3,station,国際展示場,35.63441,139.791695,2
mlit:st-49687f261673736a,station,長門長沢,33.96653,131.196708,2
mlit:st-4971ec2e3691d3eb,station,新西金沢,36.553065,136.62274,2
mlit:st-4979fb0d9a17f41b,station,巣鴨新田,35.73516,139.72791,2
mlit:st-4982e4e0c5dca630,station,牛ノ浜,31.97402,130.207165,2
mlit:st-49832c03290b22c2,station,豊川稲荷,34.82177,137.39596,2
mlit:st-498722fd393f88b5,station,高津,35.30492,135.207055,2
mlit:st-4995474c272a986a,station,桜橋,35.01307,138.47749,2
mlit:st-49b408565635dd6e,station,田切,35.695635,137.93306,2
mlit:st-49b78d8b70d4ee8d,station,錦町,34.264805,131.96304,2
mlit:st-49b9703534db2dd6,station,川西能勢口,34.827508,135.413137,2
mlit:st-49b9b1d38300b3e3,station,塩釜口,35.13243,136.97863,2
mlit:st-49bf7b58a6c5e916,station,阿波大谷,34.158015,134.540225,2
mlit:st-49ceed6edf964eca,station,富岡前,35.379525,136.96218,2
mlit:st-49d8d791064a574d,station,和歌山,34.232437,135.191515,2
mlit:st-49ed81c4407453d7,station,道後温泉,33.850355,132.785045,2
mlit:st-49f2d58a0ef84726,station,藤根,39.301105,141.03958,2
mlit:st-49fb87aba51e34ef,station,桜井,34.91752,137.088375,2
mlit:st-4a0648fe0a81d852,station,的場町,34.393123,132.474953,2
mlit:st-4a1f9fecfc4293a1,station,多賀城,38.29168,141.00538,2
mlit:st-4a2e79f97e9949f3,station,大野,37.409174,140.98413,2
mlit:st-4a2f3da02b466ad3,station,福居,36.305205,139.45867,2
mlit:st-4a3af31974ec7ae3,station,尾久,35.74687,139.753725,2
mlit:st-4a3af33b6342f32c,station,経堂,35.651308,139.637082,2
mlit:st-4a3e27f0b392f261,station,上安,34.47571,132.44501,2
mlit:st-4a3e78e030450399,station,馬車道,35.450075,139.6362,2
mlit:st-4a45bf50d8f78f8e,station,西相生,34.801415,134.45072,2
mlit:st-4a4cb4a51ef622ae,station,菅野,35.728275,139.919395,2
mlit:st-4a5db710e38972fd,station,阿波川島,34.061885,134.321055,2
mlit:st-4a614c6e771774a7,station,目黒,35.632715,139.715677,2
mlit:st-4a6632052f959aa0,station,六十谷,34.26265,135.207385,2
mlit:st-4a675fb971a216e4,station,矢野口,35.641735,139.520435,2
mlit:st-4a6a5db88207410b,station,今庄,35.773095,136.199215,2
mlit:st-4a7dd732b28d97d4,station,北宇和島,33.23924,132.569715,2
mlit:st-4a903be178a3f54e,station,富原,35.05492,133.61239,2
mlit:st-4a95ec6067fe3ade,station,網干,34.814245,134.58476,2
mlit:st-4a998e809ef126c0,station,境港,35.54469,133.22301,2
mlit:st-4aa30ac9c679d1b1,station,泉福寺,33.20593,129.72714,2
mlit:st-4aac2e23f66ee5b5,station,荒谷前,39.30991,141.42844,2
mlit:st-4abf639ec2c9f615,station,鳴子御殿湯,38.74454,140.737487,2
mlit:st-4ac74790dc93c9b7,station,宮ノ平,35.78759,139.237315,2
mlit:st-4adc54595fd89be7,station,北初富,35.776555,139.989805,2
mlit:st-4add18a6f0b821b1,station,東新宿,35.699001,139.707793,2
mlit:st-4af65431b3dffefd,station,阿曽,34.331295,136.41112,2
mlit:st-4b00e420063a707c,station,行橋,33.72875,130.970255,2
mlit:st-4b0162a64427813d,station,飯詰,39.4063,140.515273,2
mlit:st-4b13ee88bf340b85,station,鷹取,34.651727,135.135353,2
mlit:st-4b14c0d276c73e74,station,葛島橋東詰,33.556967,133.569713,2
mlit:st-4b1b2b2ef381a935,station,土本,35.13603,138.13917,2
mlit:st-4b1b2d6dcd0ce136,station,枇杷島,35.199508,136.861433,2
mlit:st-4b25a59664f117dc,station,洗足,35.61009,139.694105,2
mlit:st-4b26073753f105c9,station,白楽,35.489503,139.627921,2
mlit:st-4b29bae5b0279263,station,総合運動公園,34.681643,135.075383,2
mlit:st-4b3f090e74734446,station,平津,35.02844,136.61843,2
mlit:st-4b4c410f8272d20c,station,豊科,36.30002,137.90094,2
mlit:st-4b6a0941478f4ca5,station,陸奥赤石,40.761825,140.16245,2
mlit:st-4b6c33bedfc8d3b7,station,穴川,35.63954,140.111885,2
mlit:st-4b720e96f5a91023,station,石嶺,26.226993,127.729028,2
mlit:st-4b7c577617b947ae,station,明神,36.676555,139.712205,2
mlit:st-4b800993aacbaf5e,station,久手,35.229825,132.508515,2
mlit:st-4b95abb4169e18db,station,JR藤森,34.947992,135.77562,2
mlit:st-4b97537a8bf30e37,station,関ノ宮,34.637695,136.339605,2
mlit:st-4b98ebd0d046a1e3,station,鳩ヶ谷,35.8308,139.73616,2
mlit:st-4ba54906edeeddf2,station,藤並,34.057675,135.19715,2
mlit:st-4bb60937852a6c07,station,今泉,38.0567,140.04423,2
mlit:st-4bb62629c70e087c,station,南草津,35.003594,135.947176,2
mlit:st-4bb69ede918bb0f8,station,伊勢川口,34.647825,136.356745,2
mlit:st-4bb85170822d0a0c,station,浦佐,37.167572,138.922889,2
mlit:st-4bcc7600ea83fedc,station,水族館口,31.59868,130.55938,2
mlit:st-4bce6275cfc16ae0,station,大蛇,40.467195,141.65083,2
mlit:st-4bd3bc6a945bb223,station,昭和町,34.632975,135.516885,2
mlit:st-4bde7f4da1d603f9,station,清峰高校前,33.247745,129.65654,2
mlit:st-4be18d7bee20ea70,station,赤坂見附,35.676833,139.737365,2
mlit:st-4bf953690be4158e,station,下島,35.81318,137.940145,2
mlit:st-4bfd6c27f08b08a8,station,武蔵塚,32.850005,130.770295,2
mlit:st-4c0df8adf0c60292,station,新福島,34.69488,135.485555,2
mlit:st-4c13ae923f3436c2,station,織笠,39.453762,141.955265,2
mlit:st-4c15bf88562b790c,station,津軽石,39.5815,141.937785,2
mlit:st-4c2c347c0671f9a4,station,芝川,35.19725,138.56383,2
mlit:st-4c2ce9e6bdc02dad,station,美濃白鳥,35.885305,136.86068,2
mlit:st-4c2ed8eb14f1a86b,station,青部,35.089557,138.11557,2
mlit:st-4c349fc940bfed36,station,宇多野,35.027055,135.70988,2
mlit:st-4c39dba75e894a02,station,玖村,34.482015,132.508035,2
mlit:st-4c3b497c66044a30,station,沼袋,35.71916,139.66484,2
mlit:st-4c3bbeba9d38d71d,station,手力,35.39826,136.80448,2
mlit:st-4c4c17813fa5a1c5,station,茂尻,43.537105,142.08213,2
mlit:st-4c4efa148f4f8a80,station,下府,34.927415,132.110585,2
mlit:st-4c527469d31817d0,station,鴫野,34.692888,135.545384,2
mlit:st-4c5309199d827731,station,七尾,37.04178,136.96422,2
mlit:st-4c54f25dfbee852d,station,須佐,34.621925,131.60579,2
mlit:st-4c563582421552b5,station,美幌,43.837037,144.105577,2
mlit:st-4c5960f4badb4215,station,豊川,34.82255,137.397215,2
mlit:st-4c5dd28ed3e16f65,station,二ツ杁,35.19466,136.859785,2
mlit:st-4c663dce381d5e3f,station,陸前山下,38.437725,141.288835,2
mlit:st-4c66488a4a2b5ae1,station,薬院大通,33.580555,130.396655,2
mlit:st-4c7124d56c198d8f,station,荒子,35.14005,136.861935,2
mlit:st-4c723b2c636f18f8,station,肥前古賀,32.798315,129.951517,2
mlit:st-4c7e0ad715279ad0,station,馬喰横山,35.692075,139.782845,2
mlit:st-4c815c727157985d,station,大三東,32.8437,130.34472,2
mlit:st-4c84faa5b52219c4,station,伊万里,33.27191,129.876315,2
mlit:st-4c8e2d1e3b542b74,station,西吾野,35.926995,139.202415,2
mlit:st-4c974395509b8321,station,風連,44.29231,142.421625,2
mlit:st-4c984ee369dc14e2,station,外城田,34.497665,136.59666,2
mlit:st-4ca4317e8be0ed23,station,宝ヶ池,35.058093,135.792388,2
mlit:st-4cabe6ddf932dda4,station,甲南山手,34.730635,135.292605,2
mlit:st-4cb5c25c53695196,station,のいち,33.561901,133.69775,2
mlit:st-4cb891fd9bb49eee,station,春日居町,35.673465,138.65898,2
mlit:st-4cc29950a23b0ea7,station,岩倉,35.071213,135.786373,2
mlit:st-4cc7c369d6fa30e9,station,北野,35.644496,139.354154,2
mlit:st-4ccde8ae90fe4d9f,station,愛野,32.818875,130.1558,2
mlit:st-4ccdf48b64aeb2da,station,栗橋,36.136785,139.69403,2
mlit:st-4cd5c5a0bb6988b4,station,御影,34.72457,135.251875,2
mlit:st-4cdb242de284af35,station,玉之江,33.912735,133.09898,2
mlit:st-4ce26726fd6fbdd3,station,保見,35.136715,137.134363,2
mlit:st-4ce3e8038b9c0e0f,station,田中,36.354415,138.32921,2
mlit:st-4ced4f08a1bbe892,station,院内,39.049625,140.413955,2
mlit:st-4d03d556b1bc706f,station,彦根口,35.25519,136.25859,2
mlit:st-4d09f46fde1c8a75,station,上総久保,35.367455,140.154445,2
mlit:st-4d20aa01e7f4a4f1,station,林崎松江海岸,34.65228,134.96508,2
mlit:st-4d226141d09dcf70,station,六浦,35.322725,139.61149,2
mlit:st-4d2f7991c41cb665,station,大楽毛,43.0091,144.273895,2
mlit:st-4d38f2ee73aa32b4,station,犬島新町,36.735095,137.22663,2
mlit:st-4d3a33bfa986567f,station,天神,33.59126,130.39863,2
mlit:st-4d3b1f813c5df75c,station,内名,34.964935,133.23195,2
mlit:st-4d48d8ed9f9e8548,station,葛,34.430975,135.75959,2
mlit:st-4d5b546c0420906b,station,市川真間,35.731268,139.91178,2
mlit:st-4d672008e9abdcdd,station,豊後国分,33.19508,131.551265,2
mlit:st-4d693330f162049d,station,平沼橋,35.459845,139.616465,2
mlit:st-4d695041ce19c66a,station,千鳥町,35.573,139.69142,2
mlit:st-4d781af65f39b5c7,station,鹿児島中央,31.584114,130.541717,2
mlit:st-4d807202ac211ddd,station,原水,32.87064,130.829055,2
mlit:st-4da6e6e0ae6fb8d0,station,有井,33.876185,136.085595,2
mlit:st-4db39c90e269c5dc,station,花小金井,35.726145,139.51332,2
mlit:st-4db717f052777020,station,磐城浅川,37.079835,140.41441,2
mlit:st-4dbd85d0fe6b6c3a,station,金手,35.662215,138.57887,2
mlit:st-4dc171099f4c39eb,station,山城多賀,34.817595,135.80626,2
mlit:st-4dd0126bfe1ab2dd,station,上呂,35.910913,137.204673,2
mlit:st-4dd0ee79b06dc042,station,東松原,35.662636,139.655758,2
mlit:st-4dd52683b28fa348,station,光,33.97394,131.91461,2
mlit:st-4de07411acd18eb4,station,稲城長沼,35.644275,139.50261,2
mlit:st-4dea722f0028a776,station,源道寺,35.214485,138.62712,2
mlit:st-4dee1e99c0bf54ad,station,新ノ口,34.525145,135.79466,2
mlit:st-4df3239be74b11c7,station,御宿,35.18754,140.351445,2
mlit:st-4e037f7613761f65,station,教育大前,33.808175,130.59031,2
mlit:st-4e0ed866aa77647c,station,紀伊井田,33.75996,136.023955,2
mlit:st-4e0f947389aff468,station,高砂,34.75198,134.80236,2
mlit:st-4e1025fdb8c3c56a,station,極楽,35.379659,137.432512,2
mlit:st-4e109a8cbf87195c,station,月江寺,35.493325,138.79798,2
mlit:st-4e1518988865857c,station,吉成,34.11853,134.530805,2
mlit:st-4e1783e10a3d4389,station,野々市工大前,36.532647,136.621767,2
mlit:st-4e1bd1003fb94686,station,研究学園,36.082165,140.08228,2
mlit:st-4e220cb3bd891457,station,西川原,34.678935,133.938022,2
mlit:st-4e24ea3538e434d3,station,越中中川,36.749853,137.027897,2
mlit:st-4e318872cf026218,station,広神戸,35.419817,136.602143,2
mlit:st-4e4154cff3938904,station,西明石,34.66645,134.960382,2
mlit:st-4e4bd476fca6d63a,station,伊予横田,33.772855,132.727105,2
mlit:st-4e4ca6eb74e6f204,station,宇美,33.56923,130.513415,2
mlit:st-4e633af820b474d3,station,志摩赤崎,34.469827,136.841717,2
mlit:st-4e71e99aa6fc383e,station,山田,34.80475,135.51558,2
mlit:st-4e7a8d21bab898b6,station,長鳥,37.36642,138.684105,2
mlit:st-4e81f834dc1bcdbe,station,新日鉄前,35.03514,136.89949,2
mlit:st-4ea0f6861b51b479,station,採銅所,33.70735,130.853135,2
mlit:st-4ea35e0f6d7ef6a3,station,多田羅,36.51598,140.089845,2
mlit:st-4ea5fad4cb299037,station,新潟大学前,37.869185,138.954575,2
mlit:st-4eaa3eb7da05349b,station,太市,34.864015,134.607115,2
mlit:st-4eadebf3511aff68,station,草江,33.93652,131.274215,2
mlit:st-4eae0314f6a78179,station,玉川,40.380415,141.73502,2
mlit:st-4eaea6ddedeeafbb,station,能登中島,37.109255,136.853615,2
mlit:st-4ebc1df54d7e29d7,station,家地川,33.16141,133.074745,2
mlit:st-4ebedd73ca68e6b6,station,岩瀬浜,36.76127,137.23411,2
mlit:st-4ec06bcf9261c498,station,大石,34.707705,135.23107,2
mlit:st-4ec4b0301f31ec26,station,舞田,36.359645,138.182785,2
mlit:st-4ecf71d842dcca67,station,泊,35.50896,133.936425,2
mlit:st-4ed93d8060d3e392,station,筒石,37.127325,138.060575,2
mlit:st-4ed94cacecc2d61d,station,西小坂井,34.797013,137.35273,2
mlit:st-4edea272dc0b589a,station,江波,34.37221,132.435815,2
mlit:st-4edeb486956157f9,station,千早,33.64941,130.44068,2
mlit:st-4ef6f8eb0d96cc28,station,小砂川,39.1376,139.88572,2
mlit:st-4ef87f1cd04691e6,station,細井川,34.60971,135.49116,2
mlit:st-4ef9808012409d7a,station,河口湖,35.49798,138.76938,2
mlit:st-4efc06177a9b0c51,station,南熊本,32.78512,130.711775,2
mlit:st-4efd7b172b5e5e06,station,松島二丁目,34.340015,134.064735,2
mlit:st-4f009c332da1b30d,station,布部,43.29186,142.40014,2
mlit:st-4f0d94160b389cd4,station,若狭本郷,35.482705,135.619045,2
mlit:st-4f123aa00f5db364,station,波田,36.200405,137.85645,2
mlit:st-4f199dd14c243765,station,西大崎,38.630025,140.88969,2
mlit:st-4f23aba57e605464,station,津久野,34.54228,135.46825,2
mlit:st-4f2aac8dad73ad81,station,夜明,33.319595,130.866215,2
mlit:st-4f2b8232f11d15d0,station,橿原神宮西口,34.486215,135.78133,2
mlit:st-4f32e943153480c0,station,広電西広島（己斐）,34.396737,132.427773,2
mlit:st-4f3dcbd470ca539c,station,狭山市,35.85734,139.413392,2
mlit:st-4f3ddafefb160107,station,西御料,43.720845,142.37155,2
mlit:st-4f401efb0a7e0d35,station,大白川,37.34163,139.12091,2
mlit:st-4f503f1473b8dc0c,station,田野,31.83839,131.30428,2
mlit:st-4f5480b6519e744d,station,横間,40.107505,141.02717,2
mlit:st-4f562ddcf8dc357b,station,同志社前,34.805587,135.778407,2
mlit:st-4f566644fed4d364,station,針中野,34.617045,135.53305,2
mlit:st-4f588dd0a68ca2a4,station,椎柴,35.765217,140.758863,2
mlit:st-4f6c44f6bbaca6de,station,朝陽,36.66633,138.2407,2
mlit:st-4f786724d76b5359,station,磐城石川,37.14072,140.444,2
mlit:st-4f7ccaaa4578a76f,station,魚津,36.82647,137.405705,2
mlit:st-4f80e4574e0629b8,station,千葉寺,35.59036,140.13217,2
mlit:st-4f8273c3cf88dddc,station,東十条,35.76383,139.726745,2
mlit:st-4f8c4ce87f5f742d,station,浜加積,36.777655,137.36194,2
mlit:st-4f991c83ee36a16f,station,種差海岸,40.50692,141.60734,2
mlit:st-4fa830b417f8abfa,station,丸山,35.9796,139.62454,2
mlit:st-4fbc74af1b995da7,station,トロッコ嵯峨,35.018605,135.680445,2
mlit:st-4fbf0ecc9fa467fd,station,戸部,35.45666,139.61956,2
mlit:st-4fc6648d5e6e1ce9,station,郷原,36.54873,138.801095,2
mlit:st-4fd1e3f57ae469a9,station,阿波福井,33.82406,134.605285,2
mlit:st-4fd4ff84caad6abd,station,北小谷,36.842565,137.906445,2
mlit:st-4fd75b4246f6a1e4,station,七ヶ岳登山口,37.12418,139.717383,2
mlit:st-4fdc3c069c05ea94,station,志村三丁目,35.777465,139.68586,2
mlit:st-4fde08d693d97e22,station,越前竹原,36.073933,136.41303,2
mlit:st-4fe78d61f95b03d0,station,多治見,35.334835,137.120285,2
mlit:st-4ffc4881b172251d,station,少路,34.804275,135.47534,2
mlit:st-4ffd018819d79880,station,本津幡,36.6766,136.732315,2
mlit:st-50028a8a12423718,station,油津,31.586867,131.396043,2
mlit:st-500442ecf399b2bb,station,牛渕,33.795205,132.856175,2
mlit:st-500453d439324e12,station,中判田,33.163762,131.6387,2
mlit:st-500801406ad66f62,station,名鉄一宮,35.302085,136.796975,2
mlit:st-500c25d0d9fedc4f,station,塔寺,37.56944,139.78522,2
mlit:st-500f0af3904238b6,station,鵠沼海岸,35.32075,139.47122,2
mlit:st-500f661b18de0433,station,淡路,34.73938,135.516975,2
mlit:st-50100bba83260734,station,鷺沼,35.579612,139.573025,2
mlit:st-50155a1ecd9ef8bb,station,阿仁マタギ,39.9195,140.51589,2
mlit:st-501dca53c1492776,station,三ノ輪橋,35.73222,139.791505,2
mlit:st-5021c6d5c3bf4e17,station,新津,37.8003,139.12121,2
mlit:st-5021d5039dfd941a,station,中野,36.36051,138.193325,2
mlit:st-5028ba71690d8c82,station,行田,36.113883,139.43209,2
mlit:st-5029d8c9998b16bf,station,五日町,37.12007,138.908507,2
mlit:st-50366bee50a51885,station,薩摩高城,31.89254,130.22056,2
mlit:st-50402730e3bc86ad,station,肥前長田,32.8618,130.080045,2
mlit:st-505bfcba77f60626,station,谷町九丁目,34.66663,135.516158,2
mlit:st-505d748ca5039eab,station,大阪阿部野橋,34.645625,135.51451,2
mlit:st-505df7ae120004f2,station,三郷,35.216235,137.05237,2
mlit:st-5063de34e405c971,station,ほうらい丘,35.068319,135.861207,2
mlit:st-506579a844f8121d,station,段山町,32.806595,130.695505,2
mlit:st-50678495440ec09d,station,中山香,33.448685,131.505735,2
mlit:st-50727d5d5ed31bae,station,長津田,35.531798,139.494534,2
mlit:st-507c6e4758b557be,station,小野田,34.00786,131.185665,2
mlit:st-5085c55c117e7681,station,二中通,31.577397,130.55373,2
mlit:st-508cb0a4a8a71c8f,station,黒坂,35.206485,133.383535,2
mlit:st-50991a2cede1bff5,station,切目,33.796785,135.241045,2
mlit:st-509e8d7d9d708418,station,山の街,34.746205,135.153205,2
mlit:st-50a8beaca10290ff,station,成島,36.24908,139.50557,2
mlit:st-50bf796436494890,station,大倉山,35.522432,139.629826,2
mlit:st-50cc26892dcb5272,station,神戸空港,34.63735,135.228975,2
mlit:st-50cc42665b306b4a,station,アプトいちしろ,35.16758,138.144665,2
mlit:st-50e1954f62d7f609,station,平塚,35.327633,139.349467,2
mlit:st-50e1af5ca9c9ae45,station,北三条,37.632765,138.955625,2
mlit:st-50e3cfb894d4deff,station,オレンジタウン,34.30235,134.18072,2
mlit:st-50ea8e2e488f42cb,station,十日町,37.134705,138.75622,2
mlit:st-50f17dd01a7f6f2a,station,中川,38.093345,140.20348,2
mlit:st-51018cfd58aa12f6,station,県庁前,26.21439,127.679315,2
mlit:st-51079945655e0a7f,station,杉崎,36.249895,137.16899,2
mlit:st-510d73075f247017,station,新守山,35.20604,136.950237,2
mlit:st-5117876034345227,station,備後八幡,34.93818,133.23205,2
mlit:st-512d0538b013bc17,station,大堰,33.37222,130.62406,2
mlit:st-513316eb91cfbc25,station,畦野,34.885015,135.415597,2
mlit:st-5136b242120ad0fb,station,唐の原,33.680375,130.434475,2
mlit:st-51383e99696e1808,station,津福,33.2965,130.497727,2
mlit:st-514066cb6900beb7,station,徳田,34.826145,136.543985,2
mlit:st-5153d04a1a8744eb,station,南栄,34.73557,137.385835,2
mlit:st-515650153df1ec1d,station,美並苅安,35.66081,136.95477,2
mlit:st-515ef94faab3bef9,station,藤枝,34.84957,138.25287,2
mlit:st-5162aef124a4853d,station,敷地,34.826595,137.86414,2
mlit:st-516681e037fed0e6,station,下総橘,35.818785,140.70215,2
mlit:st-5169f2e25fc87fbf,station,新前橋,36.379005,139.047,2
mlit:st-5174eda5e857863c,station,川内,38.260829,140.850368,2
mlit:st-517d0dfc51af5c4a,station,西吉井,36.25578,138.965865,2
mlit:st-5187f52cf02cf4d2,station,人丸,34.37421,131.05729,2
mlit:st-51a606ff7a195582,station,諏訪ノ平,40.41501,141.304706,2
mlit:st-51a9efaf88f654c0,station,生田,35.61494,139.5418,2
mlit:st-51b1c028741f11b0,station,浪板海岸,39.383555,141.93511,2
mlit:st-51b2050ffe163221,station,土居田,33.8241,132.7441,2
mlit:st-51b30c26cebac1e8,station,唐人町,33.590087,130.369943,2
mlit:st-51baf43a25a13d8f,station,豊平公園,43.04211,141.376165,2
mlit:st-51bd9a026a5dc426,station,比良,35.21996,135.944065,2
mlit:st-51cb60f16f910d4e,station,三会,32.814975,130.35714,2
mlit:st-51e24264a884a96b,station,天王台,35.87247,140.04232,2
mlit:st-51eff89a68791181,station,飯塚,33.62847,130.68956,2
mlit:st-51f2a3069baa65d8,station,薩摩板敷,31.262275,130.33108,2
mlit:st-51f5f9cdacc3f673,station,西屋敷,33.50443,131.429545,2
mlit:st-52015064e58e128d,station,柳津,38.611825,141.306355,2
mlit:st-520a13b9d6cae3fd,station,阿波川口,33.963745,133.754655,2
mlit:st-520a76547a3206a7,station,住ノ江,34.60528,135.48702,2
mlit:st-520f41c4fb98ba16,station,岩泉小本,39.842765,141.95845,2
mlit:st-52165b8f0540578e,station,松虫,34.635485,135.509845,2
mlit:st-521eb3816731da83,station,引田,34.22436,134.401785,2
mlit:st-5223a148f3706015,station,伊与喜,33.105077,133.098333,2
mlit:st-5226dc10e4887242,station,鳴沢,40.782175,140.26751,2
mlit:st-522c52e59540180b,station,紙屋町西,34.39532,132.45692,2
mlit:st-52347fb078c180e1,station,渋川,36.49123,139.00879,2
mlit:st-523522a705fe3b08,station,東比恵,33.589765,130.43125,2
mlit:st-5241ba091c9e1395,station,京成八幡,35.72386,139.92817,2
mlit:st-52477023bccdf052,station,六本松,33.5776,130.377385,2
mlit:st-5249ff488424ff46,station,近江八幡,35.122375,136.102628,2
mlit:st-525f1f1e3660bc6c,station,飛騨細江,36.261125,137.14563,2
mlit:st-5263f7749b277d99,station,倉永,33.071875,130.463785,2
mlit:st-526e468eb3251d46,station,毛呂,35.940735,139.309335,2
mlit:st-527031afb10a144e,station,矢越,38.935275,141.429105,2
mlit:st-52720faa9fa2f76b,station,鹿渡,40.044645,140.0826,2
mlit:st-527882f2873b9e59,station,南風崎,33.08708,129.800997,2
mlit:st-527972e0614aae5e,station,日暮里,35.728057,139.771157,2
mlit:st-5285008b63df6aad,station,平野,34.63091,135.551025,2
mlit:st-52914deebaca370e,station,大川寺,36.608223,137.308537,2
mlit:st-52954610974f442d,station,十九条,35.39574,136.66103,2
mlit:st-529b8aac135c26f3,station,坂根,34.972965,133.37082,2
mlit:st-52a3a9dc9b207814,station,一社,35.1683,136.99599,2
mlit:st-52a418e6bdd8b43c,station,鳴門,34.17917,134.608675,2
mlit:st-52a81985b177bd11,station,志津,35.717405,140.14493,2
mlit:st-52a84e5524ac1ef0,station,傘松,35.586205,135.195825,2
mlit:st-52a9d0b50f581590,station,北大垣,35.375289,136.60186,2
mlit:st-52b7a0dbb3fac14d,station,二戸,40.259802,141.285787,2
mlit:st-52be04f043d974ed,station,児島,34.462815,133.80769,2
mlit:st-52c056844576767a,station,湯の洞温泉口,35.57131,136.9313,2
mlit:st-52c81c21e92b0441,station,南松本,36.210713,137.969613,2
mlit:st-52cb96264acc9c4d,station,剛志,36.295415,139.22388,2
mlit:st-52d7d9cd0da55328,station,細谷,34.79275,137.961635,2
mlit:st-52dd25a16911f834,station,高塚,34.690425,137.681345,2
mlit:st-52dd3325dcf0a1a8,station,上条,36.749615,138.4076,2
mlit:st-52e81451fd066fc7,station,津軽新城,40.82781,140.671495,2
mlit:st-52ee5ef4abd903ec,station,大岸,42.585785,140.63838,2
mlit:st-52f167ea03e7d401,station,いずみ野,35.429495,139.49512,2
mlit:st-52fad184424b1fff,station,新芝浦,35.491915,139.700125,2
mlit:st-52fd0560da7dfbde,station,影森,35.971995,139.068385,2
mlit:st-52fe38518b47a3d1,station,岡田,33.799165,132.72436,2
mlit:st-5308033c64b64a7a,station,阿母崎,32.83009,130.17023,2
mlit:st-53087303ef58d6a0,station,越後岩塚,37.386337,138.756413,2
mlit:st-530adaa8478cd846,station,海王丸,36.776285,137.10669,2
mlit:st-530c4824f2aa474c,station,警察署前,33.84462,132.775365,2
mlit:st-530eb013da14469c,station,御着,34.817005,134.73533,2
mlit:st-5311682421264a12,station,四ツ小屋,39.66193,140.144895,2
mlit:st-5312fcd4d020326a,station,久居,34.675565,136.477815,2
mlit:st-53150ea273cc4f8e,station,広大附属学校前,34.37156,132.4646,2
mlit:st-53183553ce995b56,station,相模大塚,35.47054,139.441155,2
mlit:st-5320c4beccf87837,station,遠州芝本,34.824055,137.798745,2
mlit:st-532358771b5feb20,station,小泉町,36.67852,137.21781,2
mlit:st-532c35c592ec150f,station,市棚,32.7283,131.71024,2
mlit:st-532d2bce526444e5,station,国分,34.30058,133.941775,2
mlit:st-5331ebfb8477c106,station,中萩,33.92624,133.25324,2
mlit:st-533ba3ecad8c9bf3,station,和深,33.50115,135.65492,2
mlit:st-53535ff1d4b114a1,station,徳山,34.051204,131.802324,2
mlit:st-535df39576cbdbdb,station,小月,34.067815,131.032865,2
mlit:st-537150c7bfca3588,station,小幡緑地,35.218665,136.982855,2
mlit:st-53757da7227dbc6a,station,新静岡,34.97586,138.38765,2
mlit:st-53a2e8212bd608c1,station,那加,35.400535,136.835575,2
mlit:st-53a3a75278ba6d29,station,学研北生駒,34.724845,135.72342,2
mlit:st-53aa7b9c7d07916b,station,境町,36.277165,139.256255,2
mlit:st-53ac9748284a4c2c,station,お花茶屋,35.747615,139.839885,2
mlit:st-53aecb0f201e03c4,station,東山田,35.55421,139.60604,2
mlit:st-53bf765da05c7529,station,島ノ関,35.0077,135.870965,2
mlit:st-53c263aadce30d61,station,沖松島,34.341255,134.072235,2
mlit:st-53d146b13bcaf487,station,太秦広隆寺,35.013275,135.708345,2
mlit:st-53d2d06e7dca738f,station,桜,35.106055,136.934625,2
mlit:st-53ea60a37cf2b3ef,station,立小路,38.742015,140.54271,2
mlit:st-53ebb26fec232e50,station,伊野商業前,33.55038,133.444245,2
mlit:st-53ee573d6107e85a,station,古泉,33.792485,132.717115,2
mlit:st-53fb87991f5e107a,station,八幡平,40.142985,140.80445,2
mlit:st-53fbfe4d319a39f9,station,大甕,36.513005,140.619477,2
mlit:st-53fc8c2806732e05,station,横倉,37.996985,140.77605,2
mlit:st-5405d21d756f9f9f,station,与謝野,35.543465,135.1265,2
mlit:st-540dd37bc0557d76,station,三沢,33.422815,130.560375,2
mlit:st-540f4d59eeefc174,station,千路,36.928143,136.801067,2
mlit:st-541898b6a831f7fe,station,上枝,36.180985,137.245835,2
mlit:st-541ced45a3cbf2ee,station,荒井,34.757907,134.793563,2
mlit:st-54223295aaef3ed9,station,深日港,34.31743,135.14127,2
mlit:st-5422dafca986a5b4,station,東山北,35.35761,139.10773,2
mlit:st-543c630c3defc3cc,station,西大家,35.93176,139.35646,2
mlit:st-5445bcbf2979de3a,station,士別,44.172195,142.38794,2
mlit:st-544623379801d686,station,練馬,35.73778,139.654472,2
mlit:st-5447d19c2f1b3275,station,網引,34.862035,134.878085,2
mlit:st-544cf2c4f545df83,station,三条京阪,35.009217,135.773693,2
mlit:st-544d36d19b7316b0,station,木場,35.669353,139.807123,2
mlit:st-545d5310c477d163,station,知立,35.00623,137.039665,2
mlit:st-547ab2c90b3d29e9,station,蚕ノ社,35.011712,135.713002,2
mlit:st-547df2d0dc0ab997,station,清荒神,34.811195,135.353445,2
mlit:st-547fd8ef2e52429b,station,木場茶屋,31.76612,130.30807,2
mlit:st-548b46a8fef695c7,station,桑川,38.37518,139.458795,2
mlit:st-549392290b3c416a,station,土々呂,32.50783,131.675125,2
mlit:st-549a82d888dda9a6,station,西横浜,35.453595,139.60897,2
mlit:st-549d8ed8088f7ccc,station,松木平,40.560675,140.497145,2
mlit:st-54a7d6832991cf41,station,長都,42.85217,141.623,2
mlit:st-54b07ea40e73db99,station,森本,36.61219,136.689557,2
mlit:st-54b1d6c5b3935ff1,station,一身田,34.762775,136.49939,2
mlit:st-54b35766738af968,station,別院前,34.4046,132.449435,2
mlit:st-54c0f793823fdc65,station,荒畑,35.1496,136.92523,2
mlit:st-54c19987b92d5460,station,南加木屋,34.98927,136.906855,2
mlit:st-54c8c8660080732a,station,中之郷,34.47961,136.84541,2
mlit:st-54cdba3e00cc2214,station,岡谷,36.05676,138.045115,2
mlit:st-54d3c107835fee4c,station,京阪石山,34.97962,135.899627,2
mlit:st-54da8878fcdd4088,station,東美浜,35.61407,135.98567,2
mlit:st-54daf67a7b7dfc89,station,草野,34.99693,135.15237,2
mlit:st-54e2f87915bfbd4c,station,総持寺,34.827165,135.58479,2
mlit:st-54e3ee31a501c530,station,大川平,41.163155,140.50764,2
mlit:st-54ee8553e10c7b92,station,薩摩大川,31.94941,130.21914,2
mlit:st-54f882747da6e178,station,高尾野,32.062485,130.301825,2
mlit:st-5508814f2666cbbe,station,西大原,35.260515,140.377975,2
mlit:st-5508ae7cccaff0c6,station,岩屋橋,32.78234,129.862385,2
mlit:st-550c396038bb8427,station,真土,33.22409,132.74515,2
mlit:st-550e2f3ecd42af3a,station,鰺ヶ沢,40.775355,140.220695,2
mlit:st-551648ec469fc290,station,石井,34.070385,134.444335,2
mlit:st-551878ddeee901e8,station,岩手船越,39.431335,141.97404,2
mlit:st-552310af3bb7eaf5,station,福島高松,31.45854,131.178305,2
mlit:st-5524de8e7743b59f,station,井尻,33.552215,130.44301,2
mlit:st-552b4e47ab58abb9,station,三国,36.21692,136.14995,2
mlit:st-5543365970b49df9,station,腰越,35.30834,139.493355,2
mlit:st-5543c9e41ac2344f,station,谷川,35.08279,135.049895,2
mlit:st-554b952ee368c026,station,流山セントラルパーク,35.85459,139.91518,2
mlit:st-55562d39dd632214,station,谷田川,37.313635,140.431245,2
mlit:st-555ae34600beef16,station,浅草橋,35.697497,139.785472,2
mlit:st-5564cdc7cf3f3889,station,香川,35.3566,139.39983,2
mlit:st-55656817594639b2,station,阿倍野,34.642277,135.511953,2
mlit:st-5566f726320b8c17,station,九大学研都市,33.578,130.258465,2
mlit:st-5576f3f349f09392,station,早稲田,35.711875,139.719055,2
mlit:st-557e58324cf784ee,station,播磨,35.078266,136.674623,2
mlit:st-55885f4bb1ec3b30,station,箸蔵,34.04031,133.84876,2
mlit:st-559291e41f82d268,station,琴似,43.075445,141.304445,2
mlit:st-5597e262f9eb744f,station,和食,33.51781,133.809455,2
mlit:st-55a9c2f8bf645d48,station,四季の郷,38.186005,140.07862,2
mlit:st-55b42989fae7f756,station,清水,34.722155,135.56081,2
mlit:st-55b764f70d52404e,station,佐久海ノ口,36.021185,138.49082,2
mlit:st-55c23690fb139c61,station,光珠内,43.29267,141.844685,2
mlit:st-55ce5400c77eeddc,station,前山,40.21477,140.312447,2
mlit:st-55dab2c95d425752,station,江古田,35.737465,139.672785,2
mlit:st-55dd8c6d400bfc96,station,九州鉄道記念館,33.944457,130.962652,2
mlit:st-55e87a126faff664,station,中浦,37.912198,139.302763,2
mlit:st-55ed4ffc535b43e6,station,稲荷山公園,35.844688,139.399367,2
mlit:st-55ed8a3fb0c49fb6,station,県庁前,35.6038,140.12215,2
mlit:st-55f5019b7cb522d6,station,小倉,33.8868,130.882876,2
mlit:st-5603d1989fc3df2b,station,暘谷,33.37016,131.53063,2
mlit:st-560e8f72d660491d,station,片貝,36.393895,139.09567,2
mlit:st-561155ff2ed58198,station,岩峅寺,36.608295,137.319678,2
mlit:st-5611af02608cca9c,station,幌別,42.409677,141.107283,2
mlit:st-56121f2d9b03b9c6,station,宍戸,36.34468,140.28854,2
mlit:st-5618709ccfd15bcf,station,島高松,36.24633,137.93162,2
mlit:st-56278dae30b2a1ad,station,山陽垂水,34.629335,135.05374,2
mlit:st-562a414843773b77,station,新魚津,36.826665,137.40527,2
mlit:st-563b44cccd54e8c6,station,公立病院前,32.256035,130.92189,2
mlit:st-563f11e6da429537,station,三苫,33.70268,130.422535,2
mlit:st-564ed298e1f22758,station,山陽姫路,34.828785,134.689335,2
mlit:st-565ab4b8dc01c226,station,新安城,34.9869,137.085515,2
mlit:st-565c4b72f12405c1,station,鈴鹿,34.87847,136.588795,2
mlit:st-5666884ef963c09a,station,上深川,34.47592,132.562615,2
mlit:st-5670219bfd705027,station,太子橋今市,34.731272,135.555372,2
mlit:st-567b01f399b23b21,station,新在家,34.710605,135.24057,2
mlit:st-56872e5135649445,station,石鳥谷,39.490895,141.146885,2
mlit:st-568ca30917ab1bb0,station,下北沢,35.661525,139.666957,2
mlit:st-568f601a4498c625,station,出雲三成,35.196683,133.00986,2
mlit:st-569a93ab5ac8851d,station,廿日市,34.357885,132.335435,2
mlit:st-569c175afa99f63d,station,若江岩田,34.66311,135.608355,2
mlit:st-56a72af39cc60e40,station,撫牛子,40.62153,140.497815,2
mlit:st-56a8615821a69f75,station,山鼻19条,43.03506,141.351565,2
mlit:st-56ab29a2340b04fe,station,子吉,39.35043,140.05993,2
mlit:st-56b0f2ecdac85ab3,station,大村車両基地,32.955382,129.944479,2
mlit:st-56bc4252d11cd4dd,station,昭和島,35.57067,139.749927,2
mlit:st-56ca0d19b517d3bd,station,西帯広,42.923935,143.126355,2
mlit:st-56ca652c5848bdd7,station,磯ノ浦,34.260495,135.09462,2
mlit:st-56d188d36289ee79,station,国立,35.699195,139.446415,2
mlit:st-56d3c742bdb59f5f,station,谷之口,31.533385,131.34463,2
mlit:st-56ddc9ac2e3e3f06,station,西岩国,34.16298,132.195735,2
mlit:st-56ecff99ff16a086,station,高角,34.983205,136.55446,2
mlit:st-56ee4491888f409e,station,五島町,32.749267,129.872223,2
mlit:st-56f28adba84a3e10,station,北大野,35.99792,136.487915,2
mlit:st-56f461b76208220d,station,北大石田,38.62961,140.371255,2
mlit:st-56f84a10e12ad2c9,station,井野,36.35744,139.02327,2
mlit:st-5702c0793bc39061,station,御嶽,35.80142,139.182752,2
mlit:st-57031615c4d43833,station,明智,35.433346,137.087722,2
mlit:st-570e0bfd983aa3c8,station,重安,34.1943,131.208665,2
mlit:st-57219786408a0b8f,station,長与,32.81892,129.879515,2
mlit:st-5725315c43700466,station,肥前大浦,32.97507,130.207265,2
mlit:st-573c3cf50d5f881d,station,西浜田,34.869385,132.05039,2
mlit:st-574d65c943ffe5ab,station,立野,32.87763,130.96514,2
mlit:st-5757ef4605049257,station,釜ヶ淵,36.633315,137.31931,2
mlit:st-57619de184ec14ba,station,東根,38.450945,140.38409,2
mlit:st-57677a7f9fcac90c,station,新関,37.768235,139.16239,2
mlit:st-576bf35294143488,station,御来屋,35.512175,133.50305,2
mlit:st-576dc7d1c7415735,station,共和,35.035365,136.95458,2
mlit:st-576e982a1788156e,station,石垣,31.259355,130.445205,2
mlit:st-5770e2f46edeb15f,station,吉沢,39.268505,140.114955,2
mlit:st-5771e63eb104d42b,station,北鹿沼,36.580686,139.737754,2
mlit:st-5774091d3aa2802d,station,通洞,36.636865,139.43965,2
mlit:st-57768f52aa1fe6c8,station,南伊東,34.957755,139.088035,2
mlit:st-5778b0ea15faa832,station,本由良,34.031805,131.343815,2
mlit:st-577f3adb6431c93b,station,龍安寺,35.027835,135.72143,2
mlit:st-578181328f8dacc7,station,三原,34.400673,133.082846,2
mlit:st-5785e8372deb3132,station,枡形,33.55733,133.52717,2
mlit:st-578cef1a4e925c9b,station,茶臼山,34.910355,137.514435,2
mlit:st-578e38b368074aaa,station,山崎,34.8922,135.679043,2
mlit:st-579b84b2ae9439be,station,中央前橋,36.390925,139.075365,2
mlit:st-57a209ee51776655,station,北野白梅町,35.027425,135.73081,2
mlit:st-57a70a6a2f83365d,station,水間観音,34.403505,135.38556,2
mlit:st-57affedd30c8fb6b,station,下北,41.282835,141.18988,2
mlit:st-57c0305d3924157f,station,東酒田,38.907565,139.875265,2
mlit:st-57c6bc638079326b,station,石倉,42.17288,140.45847,2
mlit:st-57db454d42433d13,station,篠目,34.27913,131.56223,2
mlit:st-57f40a75137d6057,station,東桂,35.536245,138.87045,2
mlit:st-57f41a57451f048d,station,御厨,33.365955,129.662575,2
mlit:st-57f475bf980775c1,station,赤川,41.267945,141.20923,2
mlit:st-57f9d9d62717ca69,station,京成成田,35.77627,140.315465,2
mlit:st-57fbcba5ceb7858e,station,関屋,37.906135,139.015155,2
mlit:st-57ffd7b08d945219,station,有壁,38.86735,141.1211,2
mlit:st-5804ad7390c9905a,station,梅迫,35.348785,135.31112,2
mlit:st-5804ae0dbee4ccae,station,夜間瀬,36.75997,138.40334,2
mlit:st-58121811e4cf9539,station,藪神,37.25684,138.97588,2
mlit:st-581f1c01a17f01a1,station,三十八社,35.989127,136.193677,2
mlit:st-581f46ff4b333e32,station,電鉄黒部,36.874055,137.444165,2
mlit:st-58242da65230eb9c,station,藤川,34.91324,137.21857,2
mlit:st-582d1154f95e3f18,station,安武,33.28654,130.48934,2
mlit:st-5834f3168c181971,station,岸里,34.6342,135.4938,2
mlit:st-5842d00ca553935e,station,下島,36.20614,137.871895,2
mlit:st-5844a4b135c254c9,station,代々木八幡,35.669716,139.689044,2
mlit:st-5849fb51a2660c8a,station,上菅,35.19355,133.34194,2
mlit:st-584cb9893d67d6e5,station,中央林間,35.507908,139.444607,2
mlit:st-584f2afe9b8bfa8c,station,上総三又,35.46592,140.126755,2
mlit:st-58505f92ec77ed8f,station,尾山台,35.606935,139.65412,2
mlit:st-5861811d39b5f4d7,station,御幣島,34.712695,135.45561,2
mlit:st-586798bee587ba80,station,下市口,34.38402,135.7869,2
mlit:st-58729ca308663e89,station,西藤原,35.170195,136.47813,2
mlit:st-58744ff7b7cdf6a4,station,智北,44.461235,142.395275,2
mlit:st-58794296f0373cef,station,高畠,37.992335,140.15281,2
mlit:st-5889421f098358d9,station,南が丘,34.69199,136.496407,2
mlit:st-588a116e5168f48b,station,東山・おかでんミュージアム,34.65618,133.94298,2
mlit:st-588fe519fbf9c8db,station,東諫早,32.852795,130.06161,2
mlit:st-58aa7329eab5090c,station,喜久田,37.45159,140.342,2
mlit:st-58ae24a9ccfd678d,station,三ヶ根,34.836433,137.176547,2
mlit:st-58b04dc0406d96de,station,東林間,35.520193,139.439025,2
mlit:st-58bcd0418b69d693,station,新大久保,35.70093,139.700255,2
mlit:st-58c1df0738d2d073,station,間藤,36.65354,139.45009,2
mlit:st-58c341b55380500f,station,味噌天神前,32.795815,130.723425,2
mlit:st-58c63630c877bd30,station,調川,33.352175,129.72754,2
mlit:st-58ca244febb4a3ad,station,川越市,35.914135,139.477095,2
mlit:st-58cabea6b471fa24,station,象潟,39.20763,139.902273,2
mlit:st-58caef753fdc7487,station,那覇空港,26.20666,127.652285,2
mlit:st-58d1a08ba266984a,station,中部国際空港,34.859895,136.815975,2
mlit:st-58e042a19e388ef5,station,金比羅前,34.16974,134.58498,2
mlit:st-58e30e5340896761,station,小櫃,35.328245,140.05978,2
mlit:st-58ec72d5ce05726f,station,上松川,37.783615,140.44107,2
mlit:st-58f544a0738d8903,station,朝日,35.033735,136.658,2
mlit:st-58f89e3f046e3aab,station,和知,35.260946,135.399178,2
mlit:st-58f96ae2eff95ac1,station,穴内,33.506335,133.864555,2
mlit:st-59009a2b1b4d7b34,station,太郎丸エンゼルランド,36.131335,136.20569,2
mlit:st-5905481207d02b3c,station,日ノ出町,35.44563,139.62666,2
mlit:st-590814d2390e64d8,station,川内,31.813592,130.312268,2
mlit:st-592e77e0548e14c1,station,福住,43.021825,141.402885,2
mlit:st-5934a05aa0502982,station,備後安田,34.74108,133.0338,2
mlit:st-593f84ab3c4caf11,station,虎姫,35.424555,136.25739,2
mlit:st-5948602636c7b73d,station,紀伊細川,34.23574,135.553685,2
mlit:st-594edc9a98d76b92,station,豊田本町,35.113625,136.91082,2
mlit:st-5968bce2a2a9c6a6,station,信貴山口,34.620103,135.642357,2
mlit:st-596d0239606f3fec,station,蕨,35.82793,139.690415,2
mlit:st-596efea8ce4c0dba,station,長柄,34.574125,135.83507,2
mlit:st-5972e655e4285ff8,station,青葉台,35.542855,139.5173,2
mlit:st-5986152d0ee56f45,station,中郡,31.565065,130.545095,2
mlit:st-5997133cb288de5a,station,大輪田,34.58917,135.72038,2
mlit:st-59a0a432e23827ff,station,浜松,34.70391,137.735248,2
mlit:st-59a9fa4a01eb3cd3,station,越中国分,36.805355,137.05075,2
mlit:st-59ae0403b42151b6,station,渚,36.001455,137.287945,2
mlit:st-59ae3efda198582a,station,西出雲,35.33491,132.72192,2
mlit:st-59b0453755cd2bbc,station,美作河井,35.20541,134.107118,2
mlit:st-59bae9d98b31206a,station,石川台,35.59686,139.68509,2
mlit:st-59bbbe8850f93214,station,田原町,35.709907,139.790347,2
mlit:st-59c06f9901ffe3d9,station,二宮,35.29867,139.25675,2
mlit:st-59cb571e210c7bd6,station,東萩,34.417325,131.41059,2
mlit:st-59db5bf355d1b920,station,新倉敷,34.564995,133.678593,2
mlit:st-59dcf6a9c950f78e,station,庄内,33.1851,131.40191,2
mlit:st-59ddcc9cc1f85e61,station,富士岡,35.254887,138.919643,2
mlit:st-59deca2fe19091cc,station,会津荒海,37.153307,139.73369,2
mlit:st-59e256d1f90a041e,station,讃岐津田,34.28827,134.248275,2
mlit:st-59e67e9e505d7691,station,栗野,31.95051,130.72335,2
mlit:st-59e93be047a2d093,station,海岸通,34.355145,132.463095,2
mlit:st-59e9cd292470652a,station,吹越,41.02195,141.246515,2
mlit:st-59eb291c98a8255d,station,南茨木,34.802692,135.564885,2
mlit:st-59f9305b4b7ce20b,station,入善,36.94128,137.4991,2
mlit:st-59fd3fb93c178d99,station,松尾,32.834245,130.347608,2
mlit:st-5a02866380e4a30e,station,町田,35.542695,139.445796,2
mlit:st-5a03fb5cf4c1da64,station,梅田,34.70313,135.497685,2
mlit:st-5a050112e0caf59c,station,神立,36.12043,140.24861,2
mlit:st-5a05c1d83112e626,station,光が丘,35.75847,139.62924,2
mlit:st-5a07d85789d789bd,station,神山,37.86287,139.244845,2
mlit:st-5a104de86c9ac515,station,小野町,34.833585,134.91847,2
mlit:st-5a1083d0d55952e7,station,二日市,33.494455,130.518925,2
mlit:st-5a1d75f7dbd09b8d,station,高師浜,34.527335,135.432035,2
mlit:st-5a201f4e7109bd9a,station,伊那福岡,35.71223,137.933965,2
mlit:st-5a220ba5cf647f23,station,浦添前田,26.243837,127.732286,2
mlit:st-5a25be86fe6a053a,station,下金山,43.19741,142.41526,2
mlit:st-5a2bdf88deb92ebe,station,佐古木,35.11948,136.752305,2
mlit:st-5a445cbf36794708,station,黒薙,36.78662,137.624845,2
mlit:st-5a4f4f5e26c60405,station,久留米,33.320703,130.501274,2
mlit:st-5a51c655b00fcfde,station,苦楽園口,34.75006,135.32894,2
mlit:st-5a71cc5c951d95b3,station,伊勢中川,34.635315,136.4781,2
mlit:st-5a7b6bc02b4fb83c,station,伊予氷見,33.896745,133.13108,2
mlit:st-5a9dad03321ee3e4,station,備中箕島,34.60564,133.85106,2
mlit:st-5a9e3c0adb47eee7,station,関都,37.515635,140.143595,2
mlit:st-5aa8ae7899658706,station,千倉,34.976807,139.95453,2
mlit:st-5aab91c1bf181e07,station,岩山,35.022695,133.512735,2
mlit:st-5aae14600285fd2e,station,新加納,35.399385,136.824395,2
mlit:st-5aae555af5ceee26,station,天台,35.63147,140.11284,2
mlit:st-5aaf77528e27460a,station,下落合,35.715695,139.69529,2
mlit:st-5ab2c9c00489b160,station,大野下,32.92165,130.50243,2
mlit:st-5ab49a55f4a0f4c5,station,別府大学,33.313265,131.499355,2
mlit:st-5abb4791d9815506,station,法善寺,34.59519,135.626285,2
mlit:st-5abcda98afcc1a01,station,金武,33.25186,129.85453,2
mlit:st-5abd18ca688dd1c6,station,徳益,33.15544,130.42657,2
mlit:st-5abd214ab0e76210,station,犬川,38.0254,140.052113,2
mlit:st-5abd3d899c080088,station,稲枝,35.203325,136.19446,2
mlit:st-5ac5b9ee432d8df4,station,武庫川,34.718418,135.382049,2
mlit:st-5ac78727b86fcc9b,station,津軽五所川原,40.810105,140.4487,2
mlit:st-5acac67468f3e0dd,station,荻布,36.766805,137.035755,2
mlit:st-5ada4bd3bd7d9fec,station,新羽,35.52726,139.612053,2
mlit:st-5ade14b6f45e8d07,station,二条城前,35.011913,135.75042,2
mlit:st-5ae12ac3d1a4aff8,station,天神山,33.187025,131.438905,2
mlit:st-5af3fb343e04cb9d,station,粟ヶ崎,36.63032,136.63844,2
mlit:st-5b02db4af1cb92de,station,明治神宮前,35.6687,139.704523,2
mlit:st-5b02e8e54a6eeb35,station,桜町,32.75066,129.87628,2
mlit:st-5b047324e0aa9f74,station,庄川口,36.78407,137.07101,2
mlit:st-5b095739c0759b18,station,紀伊小倉,34.24637,135.28742,2
mlit:st-5b200e2d9e609c1b,station,東野,35.446265,137.428815,2
mlit:st-5b297e4cb2ed9037,station,鳥羽中,35.9815,136.18755,2
mlit:st-5b49ce14f9574997,station,東矢本,38.427995,141.22228,2
mlit:st-5b5734bcfe7e3e23,station,宇野,34.495095,133.95381,2
mlit:st-5b6804d206dd8f39,station,姉別,43.19634,145.1945,2
mlit:st-5b6c8bf11288a775,station,宇土,32.694349,130.669071,2
mlit:st-5b6dbe3d92080a48,station,白河,37.13022,140.212425,2
mlit:st-5b71a5152b346cb4,station,若林,35.645925,139.65991,2
mlit:st-5b785179105d8176,station,矢板,36.80662,139.932975,2
mlit:st-5b8003f9474ec7f0,station,白馬大池,36.739955,137.88554,2
mlit:st-5b819dc9124909e4,station,広野ゴルフ場前,34.770045,135.02323,2
mlit:st-5b84bca3e278d98b,station,鳴石,33.29962,129.816795,2
mlit:st-5b92d379cc42478c,station,県庁前,33.55804,133.532265,2
mlit:st-5b9738c50e6e41a7,station,寺町,34.40081,132.44814,2
mlit:st-5b9908ef6b174b47,station,田川後藤寺,33.63036,130.800215,2
mlit:st-5ba2bb00b28edee5,station,猿猴橋町,34.395255,132.47596,2
mlit:st-5ba8445fbdbd08e2,station,三春,37.449825,140.47855,2
mlit:st-5ba9667c3ac2a588,station,上総亀山,35.233185,140.089505,2
mlit:st-5bae9bf38d4e7485,station,勝川,35.228963,136.954897,2
mlit:st-5bb09d89ee422702,station,成東,35.608535,140.41028,2
mlit:st-5bb7f5f5ddd565dd,station,阿久比,34.931305,136.918455,2
mlit:st-5bbc6b2c2a4ccf63,station,桃内,37.528665,140.98437,2
mlit:st-5bc9244a9a3785d7,station,東大前,35.718112,139.757832,2
mlit:st-5bcfd07d2a2780be,station,金島,33.35324,130.623095,2
mlit:st-5bd440c461bfa14c,station,市役所,32.749278,129.88048,2
mlit:st-5bd4fde76641063e,station,辰野,35.984517,137.997183,2
mlit:st-5be2c0740456aba6,station,日向庄内,31.762125,131.0615,2
mlit:st-5be9954e87cc6d52,station,国府台,35.73631,139.90354,2
mlit:st-5c1a08bafa6fe16d,station,南大高,35.054448,136.94872,2
mlit:st-5c1f25c7fbcacfa4,station,串間,31.462805,131.23065,2
mlit:st-5c211ca40cf1832f,station,川部,40.64707,140.52161,2
mlit:st-5c2798d1e475f68b,station,県立大学,35.269817,139.67697,2
mlit:st-5c28f241f5442e00,station,新津田沼,35.690185,140.023727,2
mlit:st-5c34f16851e1037c,station,西高岡,36.724285,136.965275,2
mlit:st-5c3b7d2289a31046,station,湯の山温泉,35.011605,136.473695,2
mlit:st-5c3e9c8fb120260a,station,発坂,36.07259,136.466163,2
mlit:st-5c44b47dc3f9e802,station,滝部,34.283945,130.946615,2
mlit:st-5c4876cc2bdbb0e1,station,三国港,36.220095,136.140355,2
mlit:st-5c4e1116696b9f33,station,細呂木,36.240625,136.25671,2
mlit:st-5c4ffe5a67620669,station,天王宿,36.414925,139.30815,2
mlit:st-5c5b723ee2f9a1df,station,北森,39.956481,141.072111,2
mlit:st-5c602eb2277be971,station,番田,35.545383,139.36311,2
mlit:st-5c62390a3cd1efd9,station,湯島,35.706787,139.76998,2
mlit:st-5c816632ede79c39,station,水沼,36.49985,139.277595,2
mlit:st-5c92355b1826acf1,station,鶴来,36.452185,136.623825,2
mlit:st-5c9988aa41d03106,station,南巽,34.64274,135.553137,2
mlit:st-5ca325f1dad0afc5,station,堀切,35.743345,139.81738,2
mlit:st-5ca516429a4a74ca,station,芸大通,35.17188,137.06122,2
mlit:st-5ca9322dae7fb74a,station,山前,36.34739,139.41127,2
mlit:st-5cab3d2ecaed6700,station,卯之町,33.363175,132.509775,2
mlit:st-5cb03f82af7d038c,station,北田辺,34.63203,135.52894,2
mlit:st-5cb3348c0d944188,station,碧南,34.874015,136.985625,2
mlit:st-5cb3d659ae296767,station,美作追分,35.058753,133.820113,2
mlit:st-5cb4388ee0d056fb,station,曙町東町,33.551575,133.493545,2
mlit:st-5cb5f8fe1b415e1d,station,岩館,40.4062,139.96629,2
mlit:st-5cc9c928f8f8ac3b,station,磐城太田,37.6051,140.99148,2
mlit:st-5cda2fd4f06de763,station,上富良野,43.46412,142.468805,2
mlit:st-5ce3a21c9ecd4508,station,小作,35.776055,139.302275,2
mlit:st-5ce3e8122670e815,station,航空公園,35.79834,139.46559,2
mlit:st-5ce6de722f1c7f95,station,笹原,33.55326,130.44869,2
mlit:st-5ce976aa0a602506,station,新高徳,36.77977,139.71071,2
mlit:st-5ce9855418356e52,station,内田,33.63786,130.86421,2
mlit:st-5cf5e7600af93f34,station,大町,34.46145,132.470746,2
mlit:st-5cf930f97834ec4e,station,佐世保中央,33.171037,129.720825,2
mlit:st-5cfb352ca78723cc,station,因幡社,35.31239,134.19656,2
mlit:st-5d07b3a91212c954,station,錦江,31.73688,130.6533,2
mlit:st-5d0ce3ae9d46a4b2,station,天塩中川,44.81195,142.075355,2
mlit:st-5d0f05d744c1c881,station,常陸太田,36.53129,140.52767,2
mlit:st-5d17e586346b421f,station,北鈴蘭台,34.73946,135.151943,2
mlit:st-5d1989e79bec65bc,station,みらい平,35.994405,140.038345,2
mlit:st-5d1f6c92398bc5c5,station,戸畑,33.897415,130.820915,2
mlit:st-5d23db569fddea34,station,小串郷,33.063725,129.834425,2
mlit:st-5d29a691768b9b9e,station,難波,34.665743,135.499765,2
mlit:st-5d2cd93e25852933,station,中ノ庄,34.99082,135.89154,2
mlit:st-5d2e2987ae91c650,station,新飯塚,33.644275,130.694315,2
mlit:st-5d3080de3c3247cb,station,旅伏,35.42119,132.80686,2
mlit:st-5d3e3420833bfc3d,station,赤堀,34.959225,136.610435,2
mlit:st-5d4a2079af69c0a4,station,大沢内,40.940185,140.43739,2
mlit:st-5d5652d47861fa59,station,南砂町,35.668415,139.831695,2
mlit:st-5d576b5440e1b9d3,station,由比,35.097125,138.55282,2
mlit:st-5d79ca6467f9d095,station,渋谷,35.658977,139.701647,2
mlit:st-5d7a1f79842cd218,station,額田,36.48574,140.503345,2
mlit:st-5d84bb94d47e4351,station,JR難波,34.666365,135.49529,2
mlit:st-5d8c88439f976b53,station,瓢箪山,35.197145,136.964445,2
mlit:st-5d9e8494dfe5179b,station,新原,33.57918,130.508785,2
mlit:st-5da1e7f9994a895e,station,磐城石井,36.90465,140.41533,2
mlit:st-5da4e5fa35d36275,station,東田,34.76531,137.41371,2
mlit:st-5db8c74c39045080,station,上中,35.46365,135.855835,2
mlit:st-5db9d9fb2180d07d,station,今池,33.845545,130.739755,2
mlit:st-5dbf923da375de5a,station,笠松,35.374675,136.764645,2
mlit:st-5dc274bc335d64d9,station,上川,43.848515,142.766795,2
mlit:st-5dc50bfcd879808c,station,京都精華大前,35.073055,135.76891,2
mlit:st-5dc8fefbea9eeac9,station,上毛高原,36.69299,138.977598,2
mlit:st-5dcadad600320eb2,station,森町病院前,34.826128,137.917717,2
mlit:st-5dcec4faf273c9cc,station,澄川,43.016825,141.36736,2
mlit:st-5ddd95013309d32e,station,桜木,35.6314,140.160985,2
mlit:st-5e05db5e39b4ab48,station,二重橋前,35.680505,139.76178,2
mlit:st-5e05e13d76a263d9,station,西所沢,35.788758,139.456245,2
mlit:st-5e0a6334e8eced6b,station,水島,34.529315,133.74135,2
mlit:st-5e0b453e5496e484,station,円座,34.28446,134.00907,2
mlit:st-5e0c5e141613596f,station,大小路,34.57913,135.474515,2
mlit:st-5e103629ba259e0d,station,大門,35.656699,139.755202,2
mlit:st-5e1496b240ca8d7d,station,金山,35.143426,136.90148,2
mlit:st-5e159a1315c1ac0b,station,志茂,35.778025,139.7325,2
mlit:st-5e46348a6b22a4f5,station,豊津上野,34.78525,136.543085,2
mlit:st-5e4ab393c8cc82b8,station,八幡,34.829087,137.35202,2
mlit:st-5e525d3b5af71e71,station,東京,35.680984,139.76662,2
mlit:st-5e52af027ec50195,station,西可児,35.404717,137.010657,2
mlit:st-5e549b1587bd8e1a,station,柳原,39.29463,141.1117,2
mlit:st-5e5559f499e8f7e5,station,長門大井,34.47091,131.44983,2
mlit:st-5e55ec16e87bb715,station,伊豆高原,34.87746,139.108175,2
mlit:st-5e587580fda8abdf,station,二月田,31.25432,130.6301,2
mlit:st-5e618ef525b4a75c,station,下菅谷,36.435225,140.494175,2
mlit:st-5e73cc15f698e89d,station,東中野,35.70681,139.684165,2
mlit:st-5e74bebb571c2366,station,谷河原,36.51975,140.525065,2
mlit:st-5e77e0dd740631b0,station,汐留,35.663988,139.760704,2
mlit:st-5e79095521eeb801,station,用土,36.15387,139.20063,2
mlit:st-5e7d59cb30b94f57,station,広島駅,34.39633,132.475435,1
mlit:st-5e89df68e252f5e0,station,釜谷,41.71213,140.537135,2
mlit:st-5e8fc06e97d4a85c,station,西栗栖,34.952435,134.470595,2
mlit:st-5e952161449a31f5,station,飯給,35.320505,140.14238,2
mlit:st-5e99acc7f470df49,station,はるひ野,35.61841,139.46498,2
mlit:st-5ea274400198c13c,station,厚岸,43.056263,144.84133,2
mlit:st-5eabaf19535df598,station,布師田,33.57553,133.59017,2
mlit:st-5eace61a10c7aded,station,河津,34.747437,138.995913,2
mlit:st-5ec1237b0d54e996,station,形原,34.798405,137.184635,2
mlit:st-5ec5f051636e6903,station,井高野,34.76012,135.54726,2
mlit:st-5ecebeaf7a1fa5ba,station,花堂,36.04093,136.2152,2
mlit:st-5ed3cfbfaf98724d,station,富野,37.87474,140.627465,2
mlit:st-5ed4459ce5a7c4c0,station,犬塚,33.247315,130.46287,2
mlit:st-5eda56a8edba48e2,station,本庄早稲田,36.218676,139.179751,2
mlit:st-5edc04e3eb1bb86a,station,田主丸,33.3388,130.69245,2
mlit:st-5ede307997fba27e,station,竹田,34.95599,135.75616,2
mlit:st-5ee4c3b3e252cfdc,station,初芝,34.542225,135.526495,2
mlit:st-5eef69825b0f7e47,station,桂台,44.01697,144.273235,2
mlit:st-5ef26a3e76144059,station,上杉,40.14639,140.349775,2
mlit:st-5efb1da9ba79c782,station,神奈川,35.47125,139.627415,2
mlit:st-5f0d64733a33516c,station,上野目,38.680525,140.859365,2
mlit:st-5f12a6cc38cac355,station,西尾口,34.87074,137.0627,2
mlit:st-5f13086ed46cb4d4,station,賀茂,33.550475,130.337865,2
mlit:st-5f22beafbe8998b4,station,大庄,36.619527,137.275377,2
mlit:st-5f25cc6dc2fd83d8,station,たのうら御立岬公園,32.363425,130.506585,2
mlit:st-5f271338a710edaa,station,滝野,34.941025,134.95492,2
mlit:st-5f2d7a64c03e504a,station,志井,33.822515,130.871405,2
mlit:st-5f2f40c38055a948,station,韮崎,35.709686,138.45135,2
mlit:st-5f32073f3f232186,station,大仁,34.994365,138.93746,2
mlit:st-5f4002b3d2b68208,station,陸前高砂,38.27355,140.967767,2
mlit:st-5f43982303808893,station,萩原,35.27717,136.757705,2
mlit:st-5f74244b009ea7cf,station,大滝,38.971465,140.32018,2
mlit:st-5f8423678fdafaaf,station,大内,33.287315,132.64176,2
mlit:st-5f962d9b6b4fb80c,station,新得,43.08183,142.832655,2
mlit:st-5f9cdc1f5446d711,station,妹背牛,43.690955,141.96665,2
mlit:st-5fa5ea66e6831b1a,station,日登,35.276475,132.93113,2
mlit:st-5fb2b3edf5811eb0,station,大和朝倉,34.51604,135.868967,2
mlit:st-5fb5025e08e6cf55,station,甲西,35.00061,136.08237,2
mlit:st-5fbb69ed3222a1ab,station,船尾,34.54993,135.45066,2
mlit:st-5fbdfd8ac53ab486,station,新那加,35.40011,136.83386,2
mlit:st-5fcb1e0ecc5097c9,station,南中郷,36.75351,140.729103,2
mlit:st-5fcd8ee9ea8b42d7,station,勝間,34.041985,131.954242,2
mlit:st-5fcf11abc2e3174d,station,天道,33.605365,130.67786,2
mlit:st-5fd3d91d0ed6a43a,station,西富井,34.577785,133.743415,2
mlit:st-5fde414f8724c26d,station,北方,33.21622,130.08327,2
mlit:st-5fe3e9eb1f517890,station,玖珂,34.09713,132.08187,2
mlit:st-5fe4a0407499ee46,station,三菱自工前,34.522815,133.734145,2
mlit:st-5ff08a89ef68e726,station,南方,34.72571,135.499295,2
mlit:st-600b8f72f1a92db2,station,美袋,34.71984,133.654245,2
mlit:st-60173a06180a7fea,station,一本松,33.65601,130.835505,2
mlit:st-601e3c1045914d25,station,西頴娃,31.24117,130.491415,2
mlit:st-6038f010a13ebecf,station,津ノ井,35.46115,134.2486,2
mlit:st-6052c93357fba1e4,station,日吉町,34.97704,138.391175,2
mlit:st-605853fff5e8d57b,station,金田一温泉,40.323098,141.303832,2
mlit:st-6058a3cd12cf1bb3,station,三津,33.863775,132.719955,2
mlit:st-606394e714024406,station,上星川,35.46737,139.580454,2
mlit:st-6063c98fd5cfd95f,station,西ヶ原,35.745945,139.74226,2
mlit:st-606eedc2b4583cc5,station,中野,35.705748,139.66572,2
mlit:st-6082514353aabfea,station,新地中華街,32.742835,129.87494,2
mlit:st-608e3a52b6596baf,station,久宝寺,34.622335,135.584435,2
mlit:st-609ee3a313296de3,station,霞ヶ丘,34.681093,135.683347,2
mlit:st-60adfa4fa5d6045c,station,梶屋敷,37.05658,137.905685,2
mlit:st-60aebe8e8ca5796e,station,安足間,43.851985,142.69388,2
mlit:st-60bbb2173eb07713,station,平成,32.781515,130.703425,2
mlit:st-60ce3d5687d72391,station,中込,36.230645,138.4794,2
mlit:st-60d08f48ebba5197,station,競輪場前,34.76501,137.417275,2
mlit:st-60e0acc7231f03d2,station,上野市,34.767676,136.129441,2
mlit:st-60ea4eb56f1a0814,station,函館駅前,41.772315,140.72797,2
mlit:st-60eb5fcb3bd43e43,station,新川崎,35.551588,139.671604,2
mlit:st-60ecb765b47be5ea,station,中田,34.0103,134.56949,2
mlit:st-60ef79a4c2784dc4,station,おもろまち,26.22266,127.69848,2
mlit:st-610fa84babb515d8,station,日出塩,36.04906,137.894855,2
mlit:st-6113f14d9456f482,station,熊崎,33.135617,131.787667,2
mlit:st-61219c35e1acdea2,station,高須,33.55913,133.577115,2
mlit:st-612709a8ec266fe8,station,紫,33.49603,130.522563,2
mlit:st-613c4b9408f16c35,station,新所原,34.72326,137.484455,2
mlit:st-614c4f7d89531670,station,下館,36.304038,139.978192,2
mlit:st-61513c97d0106c83,station,いのつき,33.28261,129.667855,2
mlit:st-615e3205aa448786,station,鴨島,34.073723,134.356077,2
mlit:st-61634ebcac573b6e,station,鹿児島,31.60228,130.564384,2
mlit:st-6164e9adffa74c44,station,元町,34.689125,135.187085,2
mlit:st-61654d09e88defee,station,アイランドセンター,34.689135,135.269295,2
mlit:st-616996c476a658de,station,春日,33.534665,130.46938,2
mlit:st-6171fe52c79f940b,station,葉木,32.41035,130.645405,2
mlit:st-617480749caf82ae,station,北山,33.549355,133.43848,2
mlit:st-617eb77a29f8dd81,station,ふかや花園,36.130704,139.248367,2
mlit:st-61809524cbb33137,station,小野,36.046875,137.970795,2
mlit:st-6194dd22d9abcabb,station,十日市町,34.397003,132.447187,2
mlit:st-619a08947652eef6,station,油田,36.655063,136.970303,2
mlit:st-619c618a133686cb,station,七里,35.93649,139.66601,2
mlit:st-619d2e9c4c1c8c3d,station,平川,31.44917,130.51384,2
mlit:st-619dda348891189c,station,静岡,34.971765,138.389296,2
mlit:st-61a999559b9d1404,station,玉村,36.135515,139.969965,2
mlit:st-61ac08a309aec57d,station,大場,35.0922,138.93938,2
mlit:st-61ac758e8d52b72c,station,足利,36.33187,139.45635,2
mlit:st-61ad6e85ad955f2c,station,おゆみ野,35.550018,140.16634,2
mlit:st-61b4bca68ec14f6b,station,上岡,32.95626,131.861595,2
mlit:st-61b70424110e63d0,station,城東,36.391175,139.081163,2
mlit:st-61b70f1681d2667f,station,西高島平,35.791895,139.645685,2
mlit:st-61c2d5a6d195f48d,station,下祗園,34.439405,132.46229,2
mlit:st-61c9a2b16e3614c4,station,自治医大,36.39538,139.854515,2
mlit:st-61ca174d9c679a70,station,五井,35.513115,140.089745,2
mlit:st-61cd557245b92e1e,station,羽前金沢,38.32087,140.270455,2
mlit:st-61cf1fd0124d34fe,station,東三日市,36.874675,137.45091,2
mlit:st-61d4bc4ab73a81ac,station,焼石,35.725625,137.20061,2
mlit:st-61d84b8ca4e4856a,station,鳥取,35.49422,134.226085,2
mlit:st-61d9f39035507880,station,千葉,35.612751,140.113603,2
mlit:st-61db38b561de2931,station,肥前白石,33.186925,130.1359,2
mlit:st-61e874b171a39ebf,station,十島,35.23019,138.515875,2
mlit:st-61e94eba68804485,station,覚王山,35.166545,136.952505,2
mlit:st-61ecb6f48ba0d2e2,station,大国町,34.656295,135.49786,2
mlit:st-61f6f59c47688552,station,天満,34.70494,135.51237,2
mlit:st-61fce3ff5f580ca4,station,日光,36.747395,139.622195,2
mlit:st-6212df5376a28b04,station,新杉田,35.386255,139.62009,2
mlit:st-621885f797d1a3ae,station,ひぐち,36.358475,139.970375,2
mlit:st-621e47ec4504db72,station,高野山,34.227745,135.57754,2
mlit:st-6221e36d07f9493b,station,宮城野通,38.258048,140.88582,2
mlit:st-6223732411c73228,station,鬼子母神前,35.72058,139.715155,2
mlit:st-622b07b4802ba48d,station,いわて沼宮内,39.960603,141.217248,2
mlit:st-6238bdc0321017ba,station,山谷,33.22912,129.849125,2
mlit:st-6239cc5a19d1e348,station,金浜,40.476015,141.63732,2
mlit:st-623a5d60303a432e,station,沼久保,35.19929,138.58425,2
mlit:st-623cba5eb073e4ea,station,多良,33.02521,130.17611,2
mlit:st-6240031119708dff,station,越水,40.78732,140.297907,2
mlit:st-62401a7c4a999268,station,臼田,36.193995,138.48824,2
mlit:st-624792ec32361ad0,station,前郷,39.312825,140.11284,2
mlit:st-624a43be10f72177,station,小見川,35.84998,140.6046,2
mlit:st-624bcefb987d9825,station,葛西臨海公園,35.64417,139.861485,2
mlit:st-625eac730bdf9cd1,station,新御徒町,35.706944,139.782105,2
mlit:st-6260fea731b377ec,station,堺田,38.735565,140.61278,2
mlit:st-626382e1cc2b3e7a,station,石山,34.980065,135.898785,2
mlit:st-626f54ee4c96f163,station,福工大前,33.698673,130.440737,2
mlit:st-627145dab31c8a06,station,古里,35.81632,139.15114,2
mlit:st-62721aea4ccdc0b0,station,万場,35.833445,136.88325,2
mlit:st-627290e8355e86b4,station,南酒々井,35.704323,140.26781,2
mlit:st-62730438da85a40a,station,中津,34.710391,135.494057,2
mlit:st-62880d4dd9c08235,station,鷹野橋,34.38345,132.45403,2
mlit:st-62977e584e9dc0ff,station,いりなか,35.14387,136.95454,2
mlit:st-629f6a344539ca80,station,近鉄蟹江,35.12965,136.795215,2
mlit:st-629fcd2b2b115d5f,station,志摩神明,34.316205,136.829985,2
mlit:st-62a00939fb670d77,station,柳田,39.276335,140.55383,2
mlit:st-62a55de6c0ba6433,station,夕日ヶ浦木津温泉,35.650017,134.97248,2
mlit:st-62aa94e21721ac66,station,堀田,35.11834,136.920727,2
mlit:st-62aadbf1250ece6f,station,有馬温泉,34.799455,135.245635,2
mlit:st-62add0bcf2ead26b,station,南与野,35.867355,139.631055,2
mlit:st-62b74e522bd931f2,station,中里,33.208225,129.687465,2
mlit:st-62b98bc2533b3091,station,北天下茶屋,34.636315,135.5002,2
mlit:st-62c61bbbcbb10ba2,station,北川,32.69043,131.69766,2
mlit:st-62d3511a0f97494f,station,下諏訪,36.071952,138.085625,2
mlit:st-62d874801cfd3b37,station,豊田市,35.08726,137.15624,2
mlit:st-62d8f6bbbcdb2a4d,station,藤ノ木,33.893195,130.781875,2
mlit:st-62dbbc2974e476a8,station,下段,36.64788,137.31781,2
mlit:st-62dc01f1b6770b80,station,畠田,34.57776,135.70363,2
mlit:st-62df28a860af602b,station,鶴ヶ坂,40.79117,140.635145,2
mlit:st-62f5541017775472,station,西焼津,34.859805,138.285595,2
mlit:st-62ffb7b4bc31860a,station,奈良井,35.96947,137.81621,2
mlit:st-631543f8fc4780c2,station,浜崎,33.44689,130.03731,2
mlit:st-6319a0b877448fd8,station,松山市,33.83563,132.76185,2
mlit:st-631f3ee63ad519dd,station,蔚山町,32.8038,130.697025,2
mlit:st-632353256c5725e6,station,茅沼,43.202125,144.503775,2
mlit:st-632856033fb982d5,station,磯部,36.59648,136.6485,2
mlit:st-632a2cc3308ae31c,station,宝木,35.51408,134.08245,2
mlit:st-632ed1b2898a8258,station,穴太,35.07282,136.60535,2
mlit:st-63300f1aa6a828fe,station,森下,35.688016,139.798088,2
mlit:st-633413373f6b258a,station,黒田,35.350195,136.777515,2
mlit:st-63400030655a3a35,station,船越,39.904755,139.946685,2
mlit:st-6341446992b88455,station,塔ノ沢,35.23446,139.094025,2
mlit:st-63426115a84b94a3,station,青葉山,38.255154,140.835337,2
mlit:st-6344cd86c0ef2383,station,緑が丘,43.73114,142.36567,2
mlit:st-634c953d5f526408,station,宝町,32.758105,129.86862,2
mlit:st-63727d8b83fd4807,station,神農原,36.24259,138.843845,2
mlit:st-6373ea81cfc5d9ec,station,求名,35.579845,140.396175,2
mlit:st-6376d45a1ad6d322,station,博多南,33.51796,130.436885,2
mlit:st-6382cc38dd262731,station,二階堂,34.60203,135.79616,2
mlit:st-6382e4b7f3c5b293,station,牛渕団地前,33.79771,132.846255,2
mlit:st-638c1a05df298263,station,岩手川口,39.919313,141.199373,2
mlit:st-63946c7935eadae2,station,舞阪,34.68569,137.62633,2
mlit:st-63aa5127d63c8151,station,信濃川島,36.013678,137.971883,2
mlit:st-63ae6dfe7df0752d,station,原田,33.451772,130.539338,2
mlit:st-63b2e9c1f97ddb1c,station,柴崎体育館,35.6898,139.40928,2
mlit:st-63c590fba33986f7,station,石井,35.08192,134.35772,2
mlit:st-63c83b5d27b57592,station,油木,35.0446,133.11927,2
mlit:st-63cda3c7f94dc333,station,天神ノ森,34.62919,135.4977,2
mlit:st-63ecf2918b9128f0,station,塚西,34.623555,135.49461,2
mlit:st-63efd00385fb0ac4,station,羽鳥,36.24754,140.286775,2
mlit:st-63fd2bedeab6c96c,station,姫川,37.02042,137.860975,2
mlit:st-64006316a8b0379e,station,蛍橋,33.55537,133.503435,2
mlit:st-640228e522bf61ab,station,新浜松,34.70341,137.73246,2
mlit:st-64166fcf0f032ce8,station,桜ヶ丘,35.45053,139.46574,2
mlit:st-6416c613e0b01aa8,station,競艇場前,35.65621,139.49966,2
mlit:st-6422fa5060509cfa,station,橋本,33.555115,130.320965,2
mlit:st-642684ba7dc0ae44,station,弘前,40.599386,140.485327,2
mlit:st-6428cf55f543df6e,station,下呂,35.806097,137.239386,2
mlit:st-642e99c7588bd61a,station,下浜,39.619683,140.064527,2
mlit:st-64301d55d7ad90fd,station,長楽寺,34.472925,132.43091,2
mlit:st-6437a77a113adbdb,station,香久山,34.510695,135.8251,2
mlit:st-643c055c379b78af,station,松山,33.667815,130.780825,2
mlit:st-644f0baa0b8f65c3,station,武州唐沢,35.952198,139.309283,2
mlit:st-644f83430951b50c,station,波田須,33.910115,136.1381,2
mlit:st-64535595ca58255f,station,水口石橋,34.97001,136.17161,2
mlit:st-645899085190c972,station,結城,36.298075,139.87304,2
mlit:st-645d51576ee3ee53,station,若林,35.026305,137.09584,2
mlit:st-645ea93eb42f752b,station,西郷,32.872918,130.243998,2
mlit:st-6465c317c6923495,station,安野屋,36.692494,137.20434,2
mlit:st-64693e1c8edea9e5,station,大日,34.749218,135.578625,2
mlit:st-646bbe255e5aa96d,station,旭町一丁目,33.5567,133.513595,2
mlit:st-646ef38dd3007a67,station,宮崎台,35.58709,139.59085,2
mlit:st-647b3a2496d5d239,station,新羽島,35.31533,136.686945,2
mlit:st-64823356459a4d68,station,元加治,35.840583,139.345307,2
mlit:st-64886a327ee7119a,station,習志野,35.715375,140.042795,2
mlit:st-648e290d43943fb8,station,聖天坂,34.633055,135.49946,2
mlit:st-6494fddc220b8ba4,station,久根別,41.82667,140.66654,2
mlit:st-649702bcf589b74e,station,近鉄四日市,34.966685,136.618462,2
mlit:st-649eed516ca33a18,station,青井岳,31.827873,131.218103,2
mlit:st-64a070bfeaa9c6e6,station,冷水浦,34.141975,135.193495,2
mlit:st-64a7fe6eee1cf8e0,station,我孫子前,34.60002,135.496905,2
mlit:st-64ab6b61a8afc565,station,堺筋本町,34.682108,135.506667,2
mlit:st-64b7a84d7a292768,station,西方,31.9164,130.223745,2
mlit:st-64c2e48ed63f1c9a,station,中多久,33.28333,130.11229,2
mlit:st-64dd38aa96562a55,station,サンドーム西,35.93655,136.180675,2
mlit:st-64f7e4226bdbe623,station,青沼,36.18131,138.489185,2
mlit:st-650946048c82cbb5,station,岩舟,36.326565,139.65792,2
mlit:st-650d70eedac69d97,station,富戸,34.91004,139.131685,2
mlit:st-651bd03de4ab17c1,station,多寄,44.24039,142.39636,2
mlit:st-65271289e1ead7bc,station,瀬戸口,35.206565,137.08213,2
mlit:st-652a3d8fabdb032b,station,美加の台,34.424775,135.577015,2
mlit:st-653354ddf5e7490f,station,中浜,35.50636,133.245185,2
mlit:st-653ab96188bde4e0,station,大阪梅田,34.70456,135.498062,2
mlit:st-653c9481ef3e6e87,station,牧山,34.74126,133.96045,2
mlit:st-653d02a8ccc10f06,station,京急久里浜,35.23147,139.702215,2
mlit:st-65408b11414e545e,station,掛川市役所前,34.77034,138.00006,2
mlit:st-6547bacd08e3d4eb,station,宇都宮駅東口,36.559174,139.899547,2
mlit:st-654810d1cf5160f2,station,東寺,34.979985,135.752595,2
mlit:st-654d67bc78c019fa,station,崎平,35.09185,138.12747,2
mlit:st-654f71efb2e06e32,station,湯浅,34.032185,135.18018,2
mlit:st-655d995b80877d47,station,飯山,36.845586,138.358903,2
mlit:st-655db43b0a9a8704,station,井出,35.247455,138.490985,2
mlit:st-65647d47ed2e81eb,station,桜上水,35.66764,139.631465,2
mlit:st-65692cfbbc4ae6fa,station,羽場,35.401193,136.921563,2
mlit:st-6578829ab1b03586,station,人吉温泉,32.21614,130.753815,2
mlit:st-657b5e27d46ad7bd,station,牛田,34.41704,132.464645,2
mlit:st-657c6a34fc6bfd6f,station,萩生,38.06191,140.00428,2
mlit:st-6586472af75c6826,station,下川沿,40.276353,140.496637,2
mlit:st-659137e14012b840,station,飯森,36.670605,137.85016,2
mlit:st-6591dcba79713879,station,下山,35.212195,135.422745,2
mlit:st-659960443c02621b,station,三山木,34.79864,135.78609,2
mlit:st-659a812961ff6f18,station,鼓滝,34.854705,135.418335,2
mlit:st-659afaa7f0fb1790,station,歓遊舎ひこさん,33.549426,130.85957,2
mlit:st-659cc47ef496add6,station,本川内,32.83188,129.89996,2
mlit:st-659e77e850e963bb,station,八木崎,35.978575,139.7423,2
mlit:st-65a8f85cfa55aea2,station,下麻生,35.514923,137.087107,2
mlit:st-65aabd9957f4ce99,station,杜せきのした,38.16537,140.895955,2
mlit:st-65af9b8b0a94461e,station,九段下,35.695708,139.751228,2
mlit:st-65b6a4cece75770b,station,福野,36.588423,136.923248,2
mlit:st-65b89d6332469d51,station,寺田,36.698708,137.318778,2
mlit:st-65c7cbbcd2e7e1da,station,金谷,34.819235,138.125825,2
mlit:st-65dac4954a0ff824,station,北信太,34.51054,135.441435,2
mlit:st-65dd7b659cea748d,station,西小山,35.615435,139.69871,2
mlit:st-65e01833553b46e7,station,西和田,43.268045,145.54189,2
mlit:st-65ea67ad80a250f1,station,秩父別,43.76908,141.96772,2
mlit:st-66079299a7a5fb07,station,衣山,33.85245,132.743985,2
mlit:st-661b2cef5b348792,station,久米田,34.465685,135.405495,2
mlit:st-661ee757d214e991,station,物井,35.685725,140.200315,2
mlit:st-66299b6a60191452,station,味美,35.22935,136.93234,2
mlit:st-662b4a89e8684e71,station,西取手,35.90859,140.059435,2
mlit:st-6634db5e99dfa16e,station,群馬原町,36.5717,138.824155,2
mlit:st-664000f51142802a,station,安堂,34.5802,135.629115,2
mlit:st-66494dd4ea45f4e6,station,敦賀,35.644699,136.076469,2
mlit:st-664995e309555036,station,周船寺,33.570725,130.246395,2
mlit:st-6649f31140563dc6,station,上今市,36.72801,139.68086,2
mlit:st-664eb647685eef54,station,三鷹,35.702694,139.560708,2
mlit:st-665782cedd851d51,station,諫早東高校,32.823444,130.149122,2
mlit:st-665f2142c0b81df9,station,土佐佐賀,33.081282,133.101424,2
mlit:st-66636dea040a1e91,station,八代,32.50463,130.620743,2
mlit:st-6664a47110002dd3,station,旭川,43.763057,142.35802,2
mlit:st-66722c59826a567d,station,卸町,38.251552,140.920908,2
mlit:st-66756e8d44df754e,station,うらがわら,37.1593,138.419,2
mlit:st-6676f7c77418c95d,station,穴生,33.85737,130.744925,2
mlit:st-667ffb21a5db5838,station,徳沢,37.666907,139.60288,2
mlit:st-66889e148821ba7e,station,葭池温泉前,35.50216,138.812175,2
mlit:st-668cffcf3d2746d3,station,本山,33.207015,129.682265,2
mlit:st-6697a762a128a253,station,飯能,35.851204,139.318842,2
mlit:st-669ae5289f84a9fb,station,大谷,34.99431,135.853165,2
mlit:st-669b6d971541d61d,station,夙川,34.742461,135.328067,2
mlit:st-669b82dd499ba5a6,station,西新発田,37.941365,139.30675,2
mlit:st-66b1d3436ab28c47,station,住吉,34.713055,135.261265,2
mlit:st-66b462892e75b998,station,岐阜羽島,35.31574,136.685755,2
mlit:st-66b4f3726c5cd82b,station,石原,35.300885,135.180165,2
mlit:st-66c518a9bcc5cc14,station,三島二日町,35.11103,138.925935,2
mlit:st-66ca311e86509931,station,森石,36.791985,137.61323,2
mlit:st-66d4fc7ff8c3ddeb,station,奥町,35.32435,136.7611,2
mlit:st-66d8ef606ca7fe41,station,目白山下,35.31407,139.491515,2
mlit:st-66d9d53c72c561ba,station,西浦上,32.79026,129.85901,2
mlit:st-66da2d9a68b99e1c,station,黒磯,36.97012,140.06015,2
mlit:st-66de90582cbc9d0c,station,森岳,40.103215,140.07081,2
mlit:st-66f81fb6d85f3a5c,station,矢掛,34.629305,133.590235,2
mlit:st-66fc12eabbef1c3a,station,伊勢石橋,34.65689,136.40852,2
mlit:st-66fff3f7f85b1b4c,station,赤湯,38.04723,140.14901,2
mlit:st-6703f509c2a7c19e,station,近永,33.25566,132.67639,2
mlit:st-670a01404e9e532f,station,高安,34.61966,135.624365,2
mlit:st-670b5711870288d4,station,山形,38.24845,140.327472,2
mlit:st-671cad925794c8b3,station,赤嶺,26.193265,127.660665,2
mlit:st-67257b43ad6d9765,station,熊本駅前,32.79007,130.69027,2
mlit:st-672c89e50da7519b,station,舟入本町,34.385805,132.442785,2
mlit:st-6737c1ac1e42f83d,station,有楽町,35.675501,139.762801,2
mlit:st-6739d815ea14c06b,station,中沢,40.949303,140.656097,2
mlit:st-673a0bcf453ddd4c,station,四条大宮,35.003145,135.74824,2
mlit:st-673bc4eed65edd88,station,筑前山家,33.477365,130.574095,2
mlit:st-67417bc4380d51dc,station,室蘭,42.317825,140.976168,2
mlit:st-674388a8a90d850f,station,大山寺,35.263305,136.87479,2
mlit:st-674cf73a9595307f,station,三河東郷,34.91224,137.527315,2
mlit:st-674d444600ca1904,station,行川アイランド,35.118255,140.22571,2
mlit:st-6750dbf010e3c39f,station,三陸,39.11724,141.80997,2
mlit:st-67637c1092e7b86a,station,下総神崎,35.894845,140.41067,2
mlit:st-677af27358210d69,station,新家,34.372355,135.29912,2
mlit:st-6791754bbbdff258,station,西小倉,33.888607,130.874123,2
mlit:st-6797b898e9ac8aa5,station,六日町,37.06705,138.875785,2
mlit:st-67a08e9a0c33b454,station,北上,39.281737,141.121834,2
mlit:st-67b009859e9a35f1,station,手原,35.027425,135.99944,2
mlit:st-67b1b230ef036a54,station,荒尾,35.373433,136.583393,2
mlit:st-67b2b032b289678e,station,遠州岩水寺,34.834355,137.80114,2
mlit:st-67b701e66b511d62,station,石見福光,35.076585,132.3289,2
mlit:st-67bd778f35691be2,station,香春,33.665935,130.8469,2
mlit:st-67c28a7251ecf660,station,稲荷町,36.696742,137.23159,2
mlit:st-67c8bee737d41200,station,井荻,35.724663,139.615547,2
mlit:st-67d9e1e7cb1c8807,station,下鴨生,33.614735,130.728345,2
mlit:st-67f0a2a07ad5f742,station,狸小路,43.057269,141.352922,2
mlit:st-67f32d5259f77fc7,station,西滝沢,39.278395,140.11647,2
mlit:st-67fa9d56fadcbc71,station,井原里,34.41937,135.330475,2
mlit:st-67fbdeab2481a902,station,蟹田,41.03831,140.642535,2
mlit:st-6804cb8459059947,station,神村学園前,31.703809,130.284002,2
mlit:st-680634f266a0627a,station,河内磐船,34.776515,135.68465,2
mlit:st-681033ac07ffbb4b,station,谷上,34.761605,135.171288,2
mlit:st-6813bd8c7b617ad3,station,水上,36.779228,138.969303,2
mlit:st-68195abc679e2896,station,石津,34.5554,135.455035,2
mlit:st-681bd50474ed7046,station,向洋,34.376875,132.506005,2
mlit:st-68237b0b3fa3fcb7,station,立江,33.970245,134.608855,2
mlit:st-6826962d62eadd1f,station,会津桧原,37.49191,139.679455,2
mlit:st-682c857365aad93f,station,青梅街道,35.73099,139.47657,2
mlit:st-68322a54a44cde3b,station,大浦海岸通,32.73788,129.870695,2
mlit:st-683d382a9453fe8d,station,浦安,35.49966,133.693245,2
mlit:st-684cacfdca163a0e,station,羽前水沢,38.71356,139.731545,2
mlit:st-68566ce74eb14749,station,東松江,35.445485,133.128485,2
mlit:st-6858b3c6b76377df,station,下山村,35.504205,137.83974,2
mlit:st-685c2b437221d5db,station,戸綿,34.831367,137.931143,2
mlit:st-68684ec2080cd354,station,番田,36.21253,136.20252,2
mlit:st-686b51bb3295ab02,station,持田,36.137615,139.4416,2
mlit:st-687855730bc14427,station,二俣尾,35.803945,139.216145,2
mlit:st-68788beb5810d711,station,西鉄新宮,33.713965,130.43675,2
mlit:st-687e03683c1ab858,station,小出,37.23357,138.95361,2
mlit:st-6886a7d0a403234a,station,妙法寺,37.566445,138.74211,2
mlit:st-6887449ff3d7b0ea,station,築山,34.52633,135.73273,2
mlit:st-6891971bb66a7926,station,つくし野,35.527065,139.48494,2
mlit:st-689256266406b162,station,弘明寺,35.42354,139.599454,2
mlit:st-6895368f268f2ed8,station,千葉中央,35.607475,140.117765,2
mlit:st-689c9dc3ec830c8d,station,大池いこいの森,37.18439,138.373435,2
mlit:st-68ad3c2c1e5bb5e4,station,大同町,35.08026,136.90935,2
mlit:st-68af439141df4de3,station,中河原,35.659503,139.457505,2
mlit:st-68b0375d467faec8,station,肥前飯田,33.055695,130.158785,2
mlit:st-68ca918ca41ad192,station,関山,36.93251,138.22678,2
mlit:st-68cd66bcfd672749,station,市川,35.72887,139.90817,2
mlit:st-68d95d8023b59297,station,野江内代,34.708893,135.537917,2
mlit:st-68e22c60e8995171,station,徳丸,35.364405,134.335645,2
mlit:st-68e2b1b2c7bd10dd,station,新江古田,35.73249,139.670567,2
mlit:st-68eee411aaf9949b,station,三郷,34.58888,135.687525,2
mlit:st-68f16f8b1c7192e0,station,内幸町,35.669322,139.75541,2
mlit:st-68f3f0d085e9cebb,station,備後赤坂,34.472287,133.306163,2
mlit:st-68fc8b99dd312ec3,station,銀水,33.05491,130.460905,2
mlit:st-68ff70474864ac49,station,七久保,35.65468,137.911375,2
mlit:st-690aac2f013edf01,station,大泉,35.095205,136.56999,2
mlit:st-6916e55498c7bc64,station,滝谷,34.479575,135.562115,2
mlit:st-691e13736d93a3a2,station,大阪狭山市,34.504745,135.55727,2
mlit:st-69202438ead2f2e9,station,千葉ニュータウン中央,35.80022,140.116263,2
mlit:st-6923b5f99316c529,station,曽波神,38.465813,141.28785,2
mlit:st-6934f9bc577a22a2,station,洛西口,34.96362,135.70314,2
mlit:st-69367ff9273f21ec,station,京成小岩,35.742215,139.883615,2
mlit:st-693c2b35ed4be4fb,station,新松田,35.34461,139.13945,2
mlit:st-69458b9b01d58c63,station,日向新富,32.07231,131.501595,2
mlit:st-6948de87eb17331d,station,大平,41.065875,140.559525,2
mlit:st-694c221aca3b7ede,station,上野幌,43.016283,141.487143,2
mlit:st-694e500a75aa5c84,station,笹平,36.783225,137.62391,2
mlit:st-6961a4eac2a26d1a,station,鮫洲,35.60507,139.742445,2
mlit:st-69731b8c51592d00,station,仙台,38.260133,140.881917,2
mlit:st-6978efb6f46823c4,station,大道,34.053245,131.488445,2
mlit:st-697908284a779cd2,station,岩本,36.602165,139.047615,2
mlit:st-697972e5b3e76c0f,station,ゆだ錦秋湖,39.295535,140.83531,2
mlit:st-698f05da7ad507da,station,羽立,39.904535,139.86202,2
mlit:st-69949e236daae152,station,段原一丁目,34.389963,132.473607,2
mlit:st-69963024b6a03dad,station,西高須,33.55813,133.57314,2
mlit:st-699e81658d818a1a,station,大畑,32.164965,130.787805,2
mlit:st-69a7d0bcae69d128,station,楯山,38.30167,140.370655,2
mlit:st-69a8783bd9192d31,station,富山大学前,36.698965,137.190805,2
mlit:st-69c0452ce3ebaad6,station,淡路町,35.69487,139.767455,2
mlit:st-69c55b36f2cc29da,station,樅山,36.53333,139.741736,2
mlit:st-69c9ad9032735e70,station,宍道,35.40687,132.909225,2
mlit:st-69cf2b52e4926958,station,若葉,35.949073,139.408487,2
mlit:st-69d9149b1f0c090c,station,粉浜,34.61809,135.49168,2
mlit:st-69df912e483b0598,station,上越国際スキー場前,37.028735,138.827957,2
mlit:st-69dfb8c806d876a5,station,和木,34.20406,132.22771,2
mlit:st-69ec402dbf212063,station,木葉,32.916365,130.626345,2
mlit:st-69f5f94a844ee4aa,station,利別,42.934765,143.42434,2
mlit:st-69f908688486bde8,station,桂川,34.964782,135.710413,2
mlit:st-69f90c4dffbf18be,station,中央市場前,34.665995,135.17588,2
mlit:st-69fca7582996e8a4,station,大沢,37.02123,138.82133,2
mlit:st-6a14457d3e03e485,station,神辺,34.53744,133.37866,2
mlit:st-6a198c8bc77e804e,station,猪苗代湖畔,37.500635,140.147585,2
mlit:st-6a19f77f4cf987eb,station,トロッコ嵐山,35.017015,135.67092,2
mlit:st-6a1fc0d5e8ecce8b,station,鹿島旭,36.224495,140.51264,2
mlit:st-6a30e621dd737632,station,普代,40.002703,141.886303,2
mlit:st-6a3725cac479c5a4,station,須波,34.370167,133.083793,2
mlit:st-6a40c4cacd8387d9,station,松田町,34.63946,135.50092,2
mlit:st-6a44674a1d4d1a29,station,岩村,35.36862,137.434185,2
mlit:st-6a4782746ac36c94,station,馬場崎町,35.538515,133.22655,2
mlit:st-6a51440b20955f4b,station,福島口,33.338105,129.79024,2
mlit:st-6a51d4160a5fd106,station,浜町,35.68859,139.788125,2
mlit:st-6a5ea5a15c12a334,station,池場,35.02433,137.703905,2
mlit:st-6a65ae541bf6a922,station,古館,39.58086,141.154625,2
mlit:st-6a6d5a0ef90800b9,station,小田急相模原,35.515555,139.423025,2
mlit:st-6a7a02741cdfe67f,station,新三郷,35.85839,139.869535,2
mlit:st-6a7df5ed3c65d7d4,station,新川橋,35.19525,136.85262,2
mlit:st-6a8b0ad5b5ce4d50,station,京成臼井,35.730025,140.180805,2
mlit:st-6aa5147bac07a3b7,station,暁学園前,35.03282,136.605955,2
mlit:st-6aa80f486e38ec88,station,日長,34.961655,136.83217,2
mlit:st-6aa9a3de7e1c5b9f,station,静狩,42.584065,140.46003,2
mlit:st-6ab0f19e1ac3a282,station,高田,32.81939,129.86965,2
mlit:st-6ab3cd43d4c3232d,station,砥堀,34.86642,134.724875,2
mlit:st-6ab4378bd7e27096,station,酒折,35.659542,138.599522,2
mlit:st-6abbc2e358fbbdf3,station,桑園,43.07076,141.331895,2
mlit:st-6abe2f519a5f5c90,station,黒部,36.86954,137.434405,2
mlit:st-6ac063bdebbfba2a,station,甲東園,34.766765,135.35981,2
mlit:st-6ac487c8be4fd7c7,station,神戸三宮,34.69337,135.193648,2
mlit:st-6ac801be84a62ce8,station,湯野上温泉,37.304035,139.895185,2
mlit:st-6ad031bba697107a,station,桔梗,41.84635,140.722985,2
mlit:st-6ad090ad74126587,station,飯田岡,35.287905,139.13932,2
mlit:st-6ad3795633c2633e,station,大塚,34.441805,132.40294,2
mlit:st-6adcb018d5a1f550,station,矢岳,32.10427,130.76982,2
mlit:st-6ae3ab5417041263,station,安中,36.331655,138.914485,2
mlit:st-6ae6e26db90a0aa7,station,佐屋,35.14755,136.716685,2
mlit:st-6aeed5a238c8e428,station,八千代中央,35.727875,140.103305,2
mlit:st-6b0108c097b93221,station,呼続,35.11476,136.93037,2
mlit:st-6b03fef9f5cbacc1,station,中斜里,43.87447,144.659095,2
mlit:st-6b05a9d63906ac2b,station,美山,35.99848,136.365045,2
mlit:st-6b07b7991ad52661,station,久留里,35.295795,140.075605,2
mlit:st-6b0846d327ad0fa6,station,金沢八景,35.331289,139.620328,2
mlit:st-6b0dccbc2067bbea,station,塩谷,43.202435,140.92451,2
mlit:st-6b120a8ba9127acb,station,愛知川,35.17616,136.21342,2
mlit:st-6b1c9f775dd2a9fb,station,西鹿島,34.846753,137.807948,2
mlit:st-6b1dbf6ff2ab4333,station,高岡駅,36.741553,137.015077,1
mlit:st-6b2e00945a8684e0,station,新八柱,35.79129,139.938555,2
mlit:st-6b2f1c58ef1b72fe,station,八丁堀,35.675065,139.777805,2
mlit:st-6b35b2073e522a18,station,富海,34.048527,131.639027,2
mlit:st-6b38dc04512c83ad,station,蒲原,35.114037,138.58283,2
mlit:st-6b39c280fc44732d,station,半田口,34.909087,136.925473,2
mlit:st-6b3f4c1d4ba0e690,station,ときわ台,34.906175,135.43809,2
mlit:st-6b41cf82d1f73ab0,station,美咲が丘,33.55017,130.18581,2
mlit:st-6b46dc92170edde1,station,荘原,35.393625,132.86826,2
mlit:st-6b4ddac4b5c6c20b,station,千丁,32.532615,130.64569,2
mlit:st-6b4f714ca05625d5,station,水天宮前,35.683048,139.785128,2
mlit:st-6b52011ed53a5678,station,面影橋,35.712855,139.714675,2
mlit:st-6b53fbbd25f4939e,station,吹上,35.158805,136.93522,2
mlit:st-6b5d7154a48e179e,station,一の渡,39.686855,141.942665,2
mlit:st-6b6308ab7832fdcf,station,汐見橋,34.66762,135.486225,2
mlit:st-6b7a9b037dbcc544,station,尼崎センタープール前,34.717873,135.395253,2
mlit:st-6b7dbbe667fdc746,station,三軒茶屋,35.643724,139.670172,2
mlit:st-6b7ff1561e144fde,station,大通,43.060266,141.353236,2
mlit:st-6b8084148a2263a9,station,亀山,34.810655,134.67675,2
mlit:st-6b85065eee272d45,station,平松,34.79074,134.601075,2
mlit:st-6b930c01054a4f63,station,後免西町,33.57577,133.64295,2
mlit:st-6b95b5a2f8a8c05b,station,松原湖,36.060995,138.470555,2
mlit:st-6bab3a6b289791e2,station,渡島砂原,42.121665,140.689398,2
mlit:st-6baf24479106e9b7,station,学園前,43.04771,141.368955,2
mlit:st-6bb130279772a28f,station,西巣鴨,35.743415,139.728725,2
mlit:st-6bb28400471cead5,station,王子,35.753356,139.737811,2
mlit:st-6bb98c952481b806,station,白浜,33.676201,135.387442,2
mlit:st-6bc953b76c2ca9fe,station,白石,32.30574,130.60836,2
mlit:st-6bce24e823b65835,station,下里,33.58212,135.922105,2
mlit:st-6bcfd1682756e683,station,森口,36.20802,137.88133,2
mlit:st-6bd01cfac9fafb74,station,根府川,35.202554,139.138622,2
mlit:st-6be5d894c419b776,station,上諏訪,36.04676,138.116265,2
mlit:st-6bec51106e44e7ab,station,新玉名,32.942709,130.573408,2
mlit:st-6bf0bdf193388169,station,膳,36.41695,139.22206,2
mlit:st-6bfc2eea0da6cb1d,station,栢山,35.31065,139.142575,2
mlit:st-6bff65d2194f28b0,station,藤井,35.53217,135.906315,2
mlit:st-6c04204de389c2d2,station,佐倉,35.70974,140.226755,2
mlit:st-6c058e564063169a,station,久津川,34.864955,135.774785,2
mlit:st-6c05f49517805269,station,大江高校前,35.395777,135.152737,2
mlit:st-6c0db3965ed15c4b,station,篠原,33.576877,133.631623,2
mlit:st-6c0e5b86bcfad0fc,station,石橋阪大前,34.808166,135.445857,2
mlit:st-6c19dc8282d805fd,station,本塩釜,38.317715,141.02247,2
mlit:st-6c24769c91b16804,station,千畳敷,40.76773,140.054685,2
mlit:st-6c2b12b5c8c15468,station,中島,35.125185,136.86141,2
mlit:st-6c32222fa8a8bd52,station,粟津,36.35577,136.424575,2
mlit:st-6c3b97b7cbc93ecb,station,大板井,33.3985,130.561085,2
mlit:st-6c453daeca0ffce5,station,北大町,36.517605,137.858065,2
mlit:st-6c4acb66e5ff1c0b,station,篠崎,35.70612,139.903885,2
mlit:st-6c5e175a344adc63,station,仁山,41.930035,140.6352,2
mlit:st-6c6433803e9e43de,station,菅谷,37.350485,140.644585,2
mlit:st-6c654c571fc0e16f,station,千歳,34.99135,139.96628,2
mlit:st-6c66b42a64f6bb46,station,西小泉,36.258665,139.40851,2
mlit:st-6c6abff77e3be68d,station,漕代,34.54098,136.601055,2
mlit:st-6c705683a8d5a327,station,新鹿沼,36.55683,139.74478,2
mlit:st-6c7299913fd2f007,station,今橋,34.341665,134.05926,2
mlit:st-6c76021891d3ab35,station,軍畑,35.80758,139.20765,2
mlit:st-6c7d78018bb97978,station,椋野,34.193665,132.0335,2
mlit:st-6c8aa800c0534d79,station,青倉,35.26711,134.81169,2
mlit:st-6c8dafb7a0bd68b6,station,本郷,36.66261,138.204095,2
mlit:st-6c970c8afe8c0d07,station,河内山本,34.627925,135.61917,2
mlit:st-6c9eb4f7be6ce601,station,稲野,34.765065,135.41564,2
mlit:st-6cab368bd7df933a,station,上穂波,33.566915,130.645275,2
mlit:st-6cae4f954ac548ea,station,新宿三丁目,35.690768,139.70511,2
mlit:st-6cb0489324a857e5,station,中目黒,35.644188,139.698928,2
mlit:st-6cb910a04c5eb7ab,station,氷見,36.84953,136.990757,2
mlit:st-6cbc3561dfef0ca3,station,志村坂上,35.77634,139.69473,2
mlit:st-6cc4e5cafe2dad9d,station,藤が丘,35.182378,137.021855,2
mlit:st-6cc6c4353e24d00c,station,札木,34.76448,137.390285,2
mlit:st-6ccb307ca40d110f,station,新札幌,43.038685,141.472515,2
mlit:st-6cd0621b73dbe1dc,station,大和新庄,34.488935,135.736025,2
mlit:st-6cd0f25d3d8c4670,station,呼野,33.75505,130.86194,2
mlit:st-6cd4f4b29e783a80,station,堂島,37.554765,139.911745,2
mlit:st-6cdf2a77f9807317,station,南行徳,35.672832,139.902398,2
mlit:st-6cea7647ee6c363f,station,飯羽間,35.387263,137.437523,2
mlit:st-6ceb8ded63dbcf80,station,虎杖浜,42.464895,141.21518,2
mlit:st-6d022fb95345e10a,station,富士川,35.14113,138.61871,2
mlit:st-6d12244ee31b9fe4,station,日進,44.3819,142.46716,2
mlit:st-6d151c1444ef0c28,station,大野町,34.93543,136.8275,2
mlit:st-6d1776b38b8dc89b,station,中央大学・明星大学,35.641885,139.408725,2
mlit:st-6d1de20bda0abb2c,station,有戸,40.914,141.189305,2
mlit:st-6d22ec8574681c6f,station,比治山橋,34.383295,132.468865,2
mlit:st-6d23d132bcb00db2,station,大田切,35.748197,137.940103,2
mlit:st-6d29000c1913e36f,station,川辺,39.249017,140.120373,2
mlit:st-6d2ae8307480b842,station,備後三川,34.630245,133.110115,2
mlit:st-6d3781a9de7ab613,station,本宮,36.574953,137.395883,2
mlit:st-6d3b059614994485,station,寒川,35.367705,139.387315,2
mlit:st-6d5372fee5455eb4,station,野田,34.6944,135.47606,2
mlit:st-6d544189c3eadabd,station,伊達,37.824275,140.49338,2
mlit:st-6d66d9dc21ffef4d,station,鉄砲町,33.848285,132.768915,2
mlit:st-6d6aecc9ab0f9a66,station,那古船形,35.02904,139.8514,2
mlit:st-6d73dd51df365ed9,station,片倉,35.639675,139.341165,2
mlit:st-6d800b8ba8f2f44b,station,波根,35.24015,132.52609,2
mlit:st-6d954ca24c51948d,station,高山,36.14069,137.2514,2
mlit:st-6da40e67e3799e0c,station,龍ケ崎市,35.929786,140.137966,2
mlit:st-6da5b02b276be262,station,八王子,35.655344,139.339337,2
mlit:st-6dad87578a3f08c8,station,山崎,35.25644,136.739445,2
mlit:st-6db47466a3d84f9a,station,箕島,34.08609,135.124045,2
mlit:st-6db4bce2b47807b5,station,十国峠山麓,35.12768,139.03743,2
mlit:st-6db930cfced28f8f,station,森小路,34.719455,135.55168,2
mlit:st-6dbf3909d205c38e,station,霞ヶ関,35.925462,139.443852,2
mlit:st-6dc47028cc49a5a3,station,中川辺,35.48708,137.065127,2
mlit:st-6dce3b5710c36ffa,station,広田,37.549263,139.933383,2
mlit:st-6dd3373aae1f5d2c,station,西灘,34.705725,135.224335,2
mlit:st-6dddd558497a7865,station,北広島,42.97919,141.563115,2
mlit:st-6de2f8c43babbc7e,station,八尾南,34.597221,135.582784,2
mlit:st-6deb2e5cd6d09088,station,しんざ,37.13968,138.7684,2
mlit:st-6df0d427be7d5c63,station,三浦海岸,35.188285,139.653375,2
mlit:st-6df1b8a0a4ba1463,station,浦本,37.074187,137.939827,2
mlit:st-6dfbaa3a47f26881,station,馬立,35.42376,140.11473,2
mlit:st-6e06e5e44ce5fe99,station,西岡崎,34.94662,137.123155,2
mlit:st-6e0afcc3c403d406,station,川桁,37.535595,140.13692,2
mlit:st-6e18ae57e35f7deb,station,南田辺,34.62556,135.520875,2
mlit:st-6e2406595f74d41d,station,相見,34.888042,137.160271,2
mlit:st-6e3d7c96c32ec764,station,古島,26.23064,127.70294,2
mlit:st-6e3def59b7f55310,station,実籾,35.68685,140.06808,2
mlit:st-6e43a9864d360eea,station,津新町,34.715545,136.499898,2
mlit:st-6e46d7f1cecb102d,station,うきは,33.33504,130.78915,2
mlit:st-6e52acee93e50e2f,station,筬島,44.738885,142.19785,2
mlit:st-6e58f608770cfb46,station,東光寺,37.59303,138.94295,2
mlit:st-6e5a4ac68f6f6ce4,station,赤城,36.42562,139.27678,2
mlit:st-6e71ff2d53547608,station,由良,35.490237,133.7545,2
mlit:st-6e865ef2f8c976b6,station,津,34.734387,136.510559,2
mlit:st-6e883306f4f93024,station,玉江,34.40525,131.379865,2
mlit:st-6e99ad430dbd602c,station,毘沙門台,34.46945,132.462867,2
mlit:st-6e9ee5665fb40b5d,station,吉野ヶ里公園,33.324575,130.39886,2
mlit:st-6e9f9d0bc212de7b,station,巣鴨,35.73375,139.739193,2
mlit:st-6ea0d209f93bae50,station,四宮,34.991875,135.82397,2
mlit:st-6ea5bd652de10f79,station,ひらんだ,35.164885,138.16801,2
mlit:st-6eb7231609bdf725,station,山北,35.360813,139.08077,2
mlit:st-6eb8c478e8768400,station,駒ヶ林,34.652225,135.14949,2
mlit:st-6ebba0702f037e65,station,夢前川,34.79841,134.639305,2
mlit:st-6ecf9c04663c7ce2,station,柴島,34.72867,135.51167,2
mlit:st-6ed4755ceb9943cf,station,黒沢,39.276203,140.69969,2
mlit:st-6ed59c77d1344df8,station,駅前,34.76363,137.383125,2
mlit:st-6ed9f950b20adb50,station,常陸鴻巣,36.47226,140.4677,2
mlit:st-6edbe730fd6d7c0a,station,多宝塔,35.11644,135.77281,2
mlit:st-6ede948879ca7d78,station,中土,36.80562,137.907895,2
mlit:st-6eebd76b84c73779,station,知寄町,33.5579,133.56151,2
mlit:st-6ef2ff547a4332a7,station,清瀬,35.771957,139.519923,2
mlit:st-6ef59895ed409da2,station,鶴川,35.58311,139.481825,2
mlit:st-6ef960f62408bdd5,station,和倉温泉,37.0747,136.925833,2
mlit:st-6f07d8afb100b0eb,station,西分,33.517825,133.79091,2
mlit:st-6f0fd074acc7a819,station,湯瀬温泉,40.122375,140.840315,2
mlit:st-6f1380ea48985ac4,station,長池,34.84239,135.789775,2
mlit:st-6f22b93d414d4741,station,上総大久保,35.28336,140.14593,2
mlit:st-6f29741d223c8dc6,station,伊勢竹原,34.600035,136.309215,2
mlit:st-6f2f9451326bec2d,station,市役所前,36.64809,138.19122,2
mlit:st-6f3162bf735bba32,station,JR総持寺,34.82852,135.577675,2
mlit:st-6f34ae7f67b8ca33,station,紀伊富田,33.652495,135.39346,2
mlit:st-6f34ecb04412c63c,station,品井沼,38.43149,141.082317,2
mlit:st-6f413e4ed3407903,station,新川町,41.773425,140.735405,2
mlit:st-6f46d262e0bac349,station,北須坂,36.67839,138.308705,2
mlit:st-6f4a16fff9858372,station,常滑,34.89117,136.83511,2
mlit:st-6f4a9d4b6144b147,station,稲積公園,43.11231,141.25676,2
mlit:st-6f4c52f4927aa7de,station,立町,34.394325,132.460975,2
mlit:st-6f4eafb60f862503,station,尾奈,34.784013,137.541743,2
mlit:st-6f61e67e5ada3d7f,station,ユニバーサルシティ,34.66784,135.438565,2
mlit:st-6f628ae8db037c3e,station,榊原温泉口,34.674835,136.348805,2
mlit:st-6f6955b851940126,station,豊後中川,33.28446,131.005875,2
mlit:st-6f6b449c1873bf11,station,七光台,35.97085,139.85295,2
mlit:st-6f71ac40bee7d557,station,富浦,35.04623,139.837755,2
mlit:st-6f782767a9e49be1,station,みなと元町,34.68585,135.18391,2
mlit:st-6f7d78431d9d8523,station,夫婦石,33.237035,129.85063,2
mlit:st-6f8a2914c16b0a47,station,伊那松島,35.913845,137.988665,2
mlit:st-6f93dccc679ead3f,station,嘉瀬,40.880975,140.46936,2
mlit:st-6f971f961eac82b5,station,新深江,34.668185,135.55421,2
mlit:st-6f97baa9b85368ac,station,松永,34.450965,133.25892,2
mlit:st-6fa9f9b66631cffc,station,逆井,35.823283,139.983705,2
mlit:st-6fc67499275b7a5f,station,羽前山辺,38.294605,140.271575,2
mlit:st-6fc84a48eb7c8547,station,帝塚山,34.62195,135.49835,2
mlit:st-6fc955ebfaec8a22,station,苅田,33.78513,130.978723,2
mlit:st-6fcaaf0d8f3e382a,station,運動公園前,34.75851,137.422395,2
mlit:st-6fcaeb76de09c525,station,上野,35.713049,139.776655,2
mlit:st-6fcbed334ce92391,station,城北,34.40538,132.45895,2
mlit:st-6fd63294481d2697,station,大野浦,34.283445,132.26549,2
mlit:st-6fe0a932a66da4f1,station,西大滝,36.979235,138.480868,2
mlit:st-6fe3328d1a482e59,station,中菰野,35.0123,136.504245,2
mlit:st-6fe69611e0dc145d,station,大雄山,35.319043,139.103703,2
mlit:st-6fec6431bc581a41,station,広,34.228213,132.629187,2
mlit:st-7005cc1f591dfdf5,station,多奈川,34.31674,135.13721,2
mlit:st-700a535efad35ad9,station,当別,43.22214,141.51379,2
mlit:st-700cd0df2f433096,station,西川越,35.919095,139.459935,2
mlit:st-700fe1a02ac46c4e,station,京成船橋,35.699963,139.984937,2
mlit:st-702ed88bff12887b,station,緑橋,34.68111,135.544832,2
mlit:st-703c94d5faecd494,station,越後川口,37.272923,138.861838,2
mlit:st-703cd27f3055f74a,station,大屋,36.36959,138.29713,2
mlit:st-70458f1c42255dde,station,八田,35.148562,136.852723,2
mlit:st-704a2f518e17963c,station,紀伊田原,33.536475,135.86813,2
mlit:st-704a37f24e0e00d6,station,扇町,34.703825,135.51085,2
mlit:st-70530e7c8846f03d,station,京成西船,35.71169,139.958845,2
mlit:st-70561a5441cb51be,station,菊川,35.688407,139.806103,2
mlit:st-7056783079074279,station,大鳥居,35.55232,139.740225,2
mlit:st-70608995d926d16a,station,芝公園,35.653747,139.749765,2
mlit:st-706170257e651f74,station,泉外旭川,39.738041,140.112688,2
mlit:st-7078d2591bd154a1,station,身延,35.36145,138.45306,2
mlit:st-70798e8f99ea8ef8,station,みの,34.205605,133.71065,2
mlit:st-708a8e392f741e50,station,糸井,42.62259,141.546265,2
mlit:st-70925e7582f6b7ce,station,恩田,35.54558,139.49218,2
mlit:st-7097433e351fe023,station,箕面,34.834276,135.468224,2
mlit:st-709a8b8a0e2da459,station,小樽,43.19712,140.99368,2
mlit:st-70a95739077527bd,station,首里,26.219175,127.725558,2
mlit:st-70b149377d575543,station,会津豊川,37.633567,139.876823,2
mlit:st-70b587f3b60009a8,station,モレラ岐阜,35.45494,136.66971,2
mlit:st-70b9d7fca934f2b3,station,国府,32.791855,130.729445,2
mlit:st-70bf375df8a3bfed,station,友江,35.32639,136.600666,2
mlit:st-70c2e340919c220a,station,国分,31.743815,130.763607,2
mlit:st-70c6b83f2645f8c7,station,御代志,32.883156,130.749866,2
mlit:st-70ce96d7e3a18ee9,station,区界,39.651735,141.351425,2
mlit:st-70d14bc55b112ec9,station,南中川,33.986882,131.17881,2
mlit:st-70dfc524ca320805,station,奈多,33.686495,130.41223,2
mlit:st-70e188e5a0c27ce4,station,越前富田,35.991185,136.54133,2
mlit:st-70ead75b01b6e6a3,station,布崎,35.450235,132.855005,2
mlit:st-70ec506acd05ba43,station,小野,34.961233,135.812723,2
mlit:st-70fc9a620f45c510,station,多良木,32.262755,130.93319,2
mlit:st-71058dc5e6324236,station,興戸,34.80832,135.77868,2
mlit:st-710b1ddc428f2461,station,蔵王,38.205885,140.303355,2
mlit:st-7110676cec0f0bcb,station,南寒河江,38.355993,140.277403,2
mlit:st-7115c6106775460f,station,芽室,42.90986,143.04811,2
mlit:st-7117b721dcc71353,station,大桑,35.684422,137.664096,2
mlit:st-7134b6ce1700771a,station,赤土小学校前,35.74306,139.76913,2
mlit:st-7141d290ba3e2ccf,station,三妻,36.07346,139.983105,2
mlit:st-714775b6b8b02618,station,田沼,36.36707,139.58191,2
mlit:st-71569bb5165470b9,station,一条橋,33.57466,133.614075,2
mlit:st-7157b14ab61da437,station,八広,35.727197,139.828317,2
mlit:st-715deebc4a2c25fc,station,岩倉,34.023355,131.36008,2
mlit:st-7165175f9b36006e,station,恩根内,44.5985,142.309485,2
mlit:st-7167a5e3ba191599,station,伊太祈曽,34.20412,135.251735,2
mlit:st-716a2697fab9b2b5,station,伊賀屋,33.290255,130.33684,2
mlit:st-7176275fde532e75,station,柏原,35.344595,136.402325,2
mlit:st-717d2ac48bb47214,station,二条,35.011592,135.741767,2
mlit:st-71810828f3e83aa8,station,高野川,33.701635,132.65877,2
mlit:st-71865b7c146c1620,station,北神戸,35.430056,136.594469,2
mlit:st-7191dd50435206ab,station,東我孫子,35.86898,140.047605,2
mlit:st-719247a98c5ab038,station,京町温泉,32.045415,130.767925,2
mlit:st-7197801abb72bf7c,station,堀米,36.32844,139.58033,2
mlit:st-719943e8c5436bf0,station,岩滝口,35.550345,135.15133,2
mlit:st-719d3576812767a8,station,法界院,34.684485,133.9274,2
mlit:st-719d51f03e5db8df,station,五十市,31.71848,131.033905,2
mlit:st-719f7a3d8623080b,station,飛騨金山,35.662485,137.164385,2
mlit:st-71b4927386325446,station,市来,31.68993,130.302915,2
mlit:st-71b8e2ad9244f7af,station,金木,40.90295,140.459945,2
mlit:st-71bb08f3479df4f9,station,東京ディズニーランド･ステーション,35.635845,139.878445,2
mlit:st-71c11442fe4286c7,station,深江橋,34.679163,135.55706,2
mlit:st-71c2d5fee011f475,station,高岡,36.740923,137.014872,2
mlit:st-71d5a0f7cf272b33,station,日立,36.590325,140.6618,2
mlit:st-71d6e5186ac63ff1,station,久々原,34.592355,133.82803,2
mlit:st-71da424272801d04,station,京王よみうりランド,35.632965,139.517203,2
mlit:st-71e160fdd4d9d786,station,富田林,34.504335,135.60074,2
mlit:st-71e538a4497d5dc6,station,秋鹿町,35.47723,132.95673,2
mlit:st-71ea13c1bb3d61dd,station,厚木,35.443448,139.378284,2
mlit:st-71eef257c8f41d3f,station,港南台,35.375147,139.576177,2
mlit:st-71fa016961e80df6,station,北府中,35.680855,139.471795,2
mlit:st-7201dbba7728f63e,station,伊野,33.547973,133.429463,2
mlit:st-7209ef1b759cffdb,station,烏江,35.305543,136.591667,2
mlit:st-721221f76e0d4765,station,品川シーサイド,35.60979,139.749795,2
mlit:st-7216b825c3b8f311,station,金上,36.382425,140.533925,2
mlit:st-722517d373e1cd6a,station,菜園場町,33.55901,133.548565,2
mlit:st-722e5511e9e1fedc,station,反町,35.474218,139.625358,2
mlit:st-7248d6e399a71642,station,東久留米,35.76045,139.53375,2
mlit:st-724e2287bc0dffe2,station,北飯山,36.85882,138.36386,2
mlit:st-7254f09e769727c2,station,せきてらす前,35.4834,136.91423,2
mlit:st-7255a18b2e5b57b7,station,伊予吉田,33.27341,132.544315,2
mlit:st-725fa7d80eec6aa4,station,社町,34.92028,134.9346,2
mlit:st-7276b921d1838738,station,下庄,34.814258,136.47961,2
mlit:st-72792f9ebc911e82,station,安善,35.49984,139.701245,2
mlit:st-7279775494496d9c,station,大塩,34.779376,134.75756,2
mlit:st-727a55faf46f9230,station,小繋,40.123105,141.26042,2
mlit:st-7285222319206f0f,station,大内山,34.278135,136.35924,2
mlit:st-72854f9a96186ac0,station,西枇杷島,35.195085,136.86528,2
mlit:st-7287a50974d857a0,station,柏森,35.34482,136.900245,2
mlit:st-729276af1da77393,station,上戸,37.48786,140.16357,2
mlit:st-72a1b67af07c2c2e,station,川越,35.907052,139.483066,2
mlit:st-72a5bfb3101208e0,station,久田野,37.137525,140.260185,2
mlit:st-72a6ed0c6b8624d9,station,不動前,35.625423,139.71315,2
mlit:st-72b63e141c6b6804,station,向ヶ丘,34.706135,137.367675,2
mlit:st-72bc2bdadf0ab66e,station,楡原,36.529403,137.22872,2
mlit:st-72e563a55656e06e,station,神志山,33.83977,136.06235,2
mlit:st-72e645f2838fecf9,station,辻堂,35.336845,139.445895,2
mlit:st-72f8d6966b89aacf,station,南森町,34.697702,135.510943,2
mlit:st-730dc12c7d35ed67,station,東花輪,35.59485,138.527025,2
mlit:st-73109fd598161ff6,station,放出,34.687999,135.563138,2
mlit:st-731cf71b81f15d32,station,西中,43.42947,142.441815,2
mlit:st-732e7e687d4b9395,station,折原,36.096175,139.195325,2
mlit:st-73339e956f8b3432,station,亀岡,35.016805,135.58232,2
mlit:st-7340270afe826704,station,牛津,33.24783,130.20133,2
mlit:st-7348560dccc5e530,station,岡,38.019023,140.780343,2
mlit:st-735287f60e31da84,station,神埼,33.31596,130.374925,2
mlit:st-735841fe7648fb1a,station,南船橋,35.681665,139.9957,2
mlit:st-735a0b94dafe8b4a,station,大福,34.512835,135.82987,2
mlit:st-7367a61ab5652fe6,station,伊豆急下田,34.67969,138.944285,2
mlit:st-73790aa595b99a7d,station,東新木,33.56409,133.589745,2
mlit:st-7379d5d51eba570d,station,山陽明石,34.648823,134.99271,2
mlit:st-737e03b455a68c7c,station,美園,43.036183,141.385773,2
mlit:st-737e8f6de0893dca,station,越河,37.933483,140.604583,2
mlit:st-739107b46dfc9eef,station,紀伊長田,34.268257,135.39156,2
mlit:st-7396cd9b06d1f6b4,station,抜海,45.3167,141.644695,2
mlit:st-7397c0685dedb0fe,station,北野桝塚,34.996285,137.13949,2
mlit:st-73a31a47893faf3a,station,工業団地,32.95638,132.802005,2
mlit:st-73c0d8c1908a51e0,station,前橋大島,36.370793,139.1092,2
mlit:st-73c5a36208e796f5,station,加茂宮,35.93577,139.616935,2
mlit:st-73e4eb1a8574b0f0,station,杉原,36.415855,137.19247,2
mlit:st-73f6672830660a1f,station,西大島,35.689343,139.826297,2
mlit:st-740bdda3c7113c9c,station,和泉橋本,34.4273,135.358825,2
mlit:st-740c1d0cab4d110e,station,中延,35.605448,139.71307,2
mlit:st-7416813864c90b3e,station,柚須,33.61333,130.44416,2
mlit:st-741acd4a39ef7c11,station,田老,39.73185,141.964655,2
mlit:st-742e45a306e03e6f,station,幸浦,35.358395,139.64369,2
mlit:st-7430c64068a90774,station,京成佐倉,35.725205,140.229865,2
mlit:st-7436ab5c901c16b4,station,野上原,36.605785,140.38996,2
mlit:st-7439ad28b4aa1bb2,station,東都筑,34.790435,137.58661,2
mlit:st-743b500be8f7ba6a,station,北赤羽,35.786974,139.705834,2
mlit:st-7442b9f648ec5346,station,西気賀,34.802356,137.621574,2
mlit:st-7444e2f92e66b85f,station,愛環梅坪,35.105155,137.160915,2
mlit:st-74515534b8d9bcb7,station,中山口,35.520795,133.59025,2
mlit:st-7456c6818cd0aa9e,station,小内海,31.73799,131.46606,2
mlit:st-7458dc6debe8ea3d,station,伊丹,34.779915,135.41373,2
mlit:st-745b401ddd7ad698,station,津山口,35.054475,133.98275,2
mlit:st-7472c3880ff167ac,station,北参道,35.678237,139.705643,2
mlit:st-748f67b658975e7c,station,今池,35.16938,136.93754,2
mlit:st-749a9f5263e3b16c,station,上有田,33.19031,129.90532,2
mlit:st-74af04b33118c8d9,station,高瀬,34.183603,133.710797,2
mlit:st-74b88ccb4753886c,station,滝水,32.9333,131.242835,2
mlit:st-74bc50647882be50,station,湯本,37.006945,140.84984,2
mlit:st-74c98dcfe7f415a6,station,近鉄弥富,35.113585,136.727765,2
mlit:st-74d3eb509d0e486f,station,港北,35.11464,136.862772,2
mlit:st-74d8d21327851173,station,東白石,38.035136,140.6511,2
mlit:st-74d932d421314087,station,十二所,40.21434,140.66818,2
mlit:st-74e1f544489cc825,station,潟元,34.341375,134.09819,2
mlit:st-74e57593910f12fb,station,大島,35.86849,136.85905,2
mlit:st-74e598c72c66a324,station,万博記念公園,36.0584,140.059375,2
mlit:st-74eeefe5798ff9f1,station,神明,35.972735,136.181885,2
mlit:st-74f014d63aa917cd,station,牛久保,34.80857,137.381715,2
mlit:st-74f7fabf4d121c1c,station,真倉,35.40723,135.32625,2
mlit:st-75053fbecece3213,station,高岳,35.174165,136.916185,2
mlit:st-750602d81bd690f4,station,乙原,33.274446,131.482991,2
mlit:st-75099a29d508a6b9,station,近江塩津,35.53971,136.151385,2
mlit:st-750f407836c6667a,station,西鉄柳川,33.16511,130.419245,2
mlit:st-75103095350e296c,station,瀬田,34.987285,135.92584,2
mlit:st-75307d51edfc4761,station,川岸,36.032983,138.02196,2
mlit:st-7533f557e07eff9a,station,市坪,33.80915,132.74927,2
mlit:st-75368e76cdfd4572,station,千里山,34.77898,135.50551,2
mlit:st-754289d65ca8e8f8,station,馬出九大病院前,33.60962,130.419645,2
mlit:st-754b60bd743aea2d,station,丹比,35.36072,134.356287,2
mlit:st-754b70135361bee5,station,上横須賀,34.83012,137.07214,2
mlit:st-754ec0652b8bf8ee,station,小岩川,38.59041,139.565967,2
mlit:st-75525b790e6fb5c1,station,羽後境,39.619195,140.32056,2
mlit:st-75653a6de31cd0de,station,黒崎駅前,33.86638,130.765205,2
mlit:st-756a646e6cb12e08,station,佐野市,36.30624,139.5759,2
mlit:st-7574e7325d7fa65c,station,東大和市,35.732905,139.434295,2
mlit:st-7575bccab3531ccc,station,奈良,34.680495,135.81885,2
mlit:st-7579b1c58456502c,station,真鶴,35.156754,139.132132,2
mlit:st-7586d8567f693d3a,station,西神中央,34.719985,135.01716,2
mlit:st-7588ee3622e562b2,station,大物,34.716545,135.42596,2
mlit:st-758be887b4b7565d,station,北上尾,35.98515,139.577575,2
mlit:st-759dc96db78fac04,station,川西,34.491965,135.59066,2
mlit:st-759ea8089899355a,station,吉浜,34.946705,136.98944,2
mlit:st-759f5f0cf764a2a6,station,讃岐財田,34.11741,133.81468,2
mlit:st-75a0bb086cd5ee07,station,野々市,36.54213,136.598935,2
mlit:st-75a19419738aa93c,station,宮の奥,33.55248,133.47578,2
mlit:st-75a23d2d88a66c63,station,だいどう豊里,34.743993,135.544473,2
mlit:st-75a8bfb4c43cf4cc,station,尾張瀬戸,35.22489,137.09674,2
mlit:st-75aecda022bea803,station,苅藻,34.653715,135.156665,2
mlit:st-75c0e57433eec92b,station,田町,35.64574,139.747605,2
mlit:st-75c1e297b7f6ac25,station,土佐山田,33.607145,133.68471,2
mlit:st-75ec4ad0d28102a7,station,流山おおたかの森,35.87192,139.925358,2
mlit:st-75ef056a65fa811b,station,土橋,33.83233,132.75597,2
mlit:st-75fd8de00db61bd2,station,追良瀬,40.68653,139.970015,2
mlit:st-76068edd0c274427,station,鹿島,37.702835,140.97008,2
mlit:st-7614db2eda7f81cf,station,矢川,35.685075,139.43159,2
mlit:st-762db395c720f1aa,station,潟町,37.234205,138.3399,2
mlit:st-76389607d11e0324,station,新横浜,35.508141,139.617277,2
mlit:st-7639928bf10094d2,station,東京テレポート,35.627085,139.77806,2
mlit:st-7639f20459ca5ea6,station,大浦,34.000035,132.775625,2
mlit:st-76404754d6387d51,station,佐賀公園,33.064227,133.106217,2
mlit:st-7645a5e2b2ac1763,station,宮津,35.53444,135.199975,2
mlit:st-7649027541319d98,station,屏風浦,35.39413,139.61044,2
mlit:st-76629d57a4fd7d1d,station,大橋,33.559085,130.426805,2
mlit:st-76705be884087cb5,station,ハウステンボス,33.09223,129.796285,2
mlit:st-7670cc2ed22ddff3,station,入野,31.204325,130.51875,2
mlit:st-7670d8121e82510b,station,上総清川,35.390837,139.965643,2
mlit:st-7674ab37322baef2,station,赤倉温泉,38.730542,140.553565,2
mlit:st-7678cc12392684ae,station,越後曽根,37.793495,138.911095,2
mlit:st-767b411a5ea23d8b,station,八街,35.663175,140.317415,2
mlit:st-767eeb06dd6a197f,station,淀川,34.696195,135.465205,2
mlit:st-7696e97daf0af850,station,小鳥谷,40.171117,141.307737,2
mlit:st-76a99d79b886aea1,station,日野,36.65594,138.288795,2
mlit:st-76c237b94f4cced0,station,黒川,35.613138,139.47075,2
mlit:st-76c6ff2a69aa346c,station,安登,34.254315,132.72266,2
mlit:st-76cb6ba6a23fb7f6,station,五十島,37.715917,139.353467,2
mlit:st-76d491fddabb0480,station,会津水沼,37.48298,139.560537,2
mlit:st-76da2226444f4d2d,station,鬼塚,33.421105,129.98711,2
mlit:st-76dbe45addf86da4,station,伊那上郷,35.520175,137.83903,2
mlit:st-76e610d904687cd0,station,多田,36.378075,139.59296,2
mlit:st-76f02d1a3038dc16,station,阿知須,34.010703,131.356773,2
mlit:st-76f04b323b495d07,station,会津山村道場,37.1442,139.73176,2
mlit:st-76fabc8a4f326046,station,武州長瀬,35.941995,139.32619,2
mlit:st-770650753c99c50c,station,観音寺,35.289715,136.786165,2
mlit:st-770f9202823b3495,station,本諫早（諫早市役所前）,32.84178,130.052737,2
mlit:st-771430bfdf126782,station,狛田,34.78044,135.78952,2
mlit:st-771a5b4f4b05ddf1,station,神宮丸太町,35.018495,135.772243,2
mlit:st-77210c769a5cc167,station,清川,38.79018,140.020687,2
mlit:st-77224a4f3786088a,station,川西,34.156595,132.17731,2
mlit:st-772ff343f73519b1,station,西登戸,35.617625,140.10287,2
mlit:st-77302d663b6fea27,station,金山,33.55961,130.361745,2
mlit:st-7748f262d8cb9a6f,station,鹿妻,38.40328,141.1901,2
mlit:st-77615e00ea651a52,station,富浦,42.44187,141.156555,2
mlit:st-776c59bbc7a73d33,station,小田原,35.256286,139.15558,2
mlit:st-777204fe0c4bea8c,station,西早稲田,35.707993,139.70916,2
mlit:st-77729c31d0387199,station,高石,34.521475,135.43282,2
mlit:st-777358f1961b3d47,station,岩島,36.56324,138.759935,2
mlit:st-7773b13c4ecdc582,station,住吉東,34.613365,135.49758,2
mlit:st-777895129cdb60fc,station,川崎,35.531365,139.69681,2
mlit:st-777f94eb6ed9ed85,station,渡川,34.322935,131.60407,2
mlit:st-778149b73d952bd3,station,雁ノ巣,33.683775,130.402795,2
mlit:st-7782036684e501d2,station,北坂戸,35.97198,139.396845,2
mlit:st-77845a6fd5b29498,station,稲永,35.09151,136.86336,2
mlit:st-77907aa5e2732bfb,station,鼓ヶ浦,34.82619,136.58126,2
mlit:st-7793a26c178031f9,station,梅島,35.772345,139.798075,2
mlit:st-779e5b3869e6b222,station,下和知,34.79766,132.92535,2
mlit:st-77a1bca0d6c90fc0,station,木見,34.527835,133.823825,2
mlit:st-77afd014ea77e276,station,中田平,33.3558,129.611175,2
mlit:st-77b644fb2df10ef3,station,護国寺,35.71918,139.72745,2
mlit:st-77b946985052bc69,station,香西,34.34136,134.01001,2
mlit:st-77cd257903bad698,station,三本松口,35.446145,133.323145,2
mlit:st-77cf00215e8d95a7,station,駄科,35.475565,137.839815,2
mlit:st-77d030ee6f92bca3,station,教会前,34.16759,134.577205,2
mlit:st-77da84f17cdabcfe,station,樽井,34.37417,135.261355,2
mlit:st-77e6f448af1c8782,station,浜中,43.157665,145.099735,2
mlit:st-77e77ea4f1e0ed45,station,北秩父別,43.78934,141.96099,2
mlit:st-77ea8cccf421a492,station,三ツ石,32.86389,130.738317,2
mlit:st-77eceb174fe3520f,station,みのり台,35.789345,139.928785,2
mlit:st-77f8d3310c1cccc1,station,小金城趾,35.836025,139.916875,2
mlit:st-7809ade5d2603e1f,station,山麓,33.85651,130.79647,2
mlit:st-780bc54cbb7c0d47,station,滝ノ間,40.379975,140.00227,2
mlit:st-7812819cb33d892e,station,スペースワールド,33.871258,130.806187,2
mlit:st-781fc052d140336a,station,万能倉,34.551043,133.33842,2
mlit:st-78233216fb4f798b,station,古井,35.457432,137.047657,2
mlit:st-782ab105ee4095fe,station,平野,34.86876,135.41733,2
mlit:st-784df2f71be2da27,station,岸本,35.38739,133.40948,2
mlit:st-784dffd49b7f2aa4,station,相賀,34.11193,136.227127,2
mlit:st-7852d4eb7012f479,station,燕三条,37.648365,138.93915,2
mlit:st-785413112a82dfca,station,鷲宮,36.096325,139.65696,2
mlit:st-78554342d94e0689,station,桜台,35.738745,139.6624,2
mlit:st-785f1b68db82a97f,station,平戸橋,35.114545,137.18459,2
mlit:st-7863ec80ce71edfe,station,戸田,35.132605,136.807445,2
mlit:st-786eea5ba3c7b66c,station,足羽,36.02082,136.253563,2
mlit:st-786f25e6bf5e062c,station,小樽築港,43.180877,141.02789,2
mlit:st-787895c25a81e580,station,小岩,35.73333,139.88185,2
mlit:st-787aa757c6761af4,station,大学前,36.371305,138.215135,2
mlit:st-7883f8d3064885ae,station,昭和橋,41.778095,140.74126,2
mlit:st-788afbdd72cb13f0,station,山越,42.231115,140.326715,2
mlit:st-788d9d53eb801957,station,蓮田,35.981165,139.652965,2
mlit:st-789a87408794469f,station,備後矢野,34.66474,133.12607,2
mlit:st-789d68fff6c57b1a,station,美浜,35.605235,135.936615,2
mlit:st-78a785e88e390810,station,藪塚,36.35872,139.31582,2
mlit:st-78aff4c8c5bb054b,station,新鉾田,36.152665,140.520395,2
mlit:st-78b3e3fb8f85e451,station,新三河島,35.737342,139.774168,2
mlit:st-78bd1c0d409a1d9c,station,熱田,35.129803,136.910675,2
mlit:st-78c36e7824fb7afd,station,南小樽,43.18653,141.00789,2
mlit:st-78c9d6925dac21f6,station,殿山,36.349435,140.601011,2
mlit:st-78ca182d3cea9c1c,station,羽島市役所前,35.321945,136.699975,2
mlit:st-78cbcfe8193549dc,station,明野,34.52149,136.66882,2
mlit:st-78cd35809535c7d0,station,みずほ台,35.8382,139.550785,2
mlit:st-78d05f3f057b0644,station,金沢,36.578147,136.647888,2
mlit:st-78d513b1ae0ad35f,station,長尾,34.26665,134.16916,2
mlit:st-78f303f034f561e8,station,田原坂,32.899335,130.6532,2
mlit:st-78fa9374c56e3b61,station,双葉,37.453735,141.005855,2
mlit:st-78fb95f20d53ca25,station,福島,37.754142,140.459498,2
mlit:st-78fd78bd8d5d1747,station,深井,34.53035,135.49755,2
mlit:st-790213320c45653d,station,千代田,34.469,135.566325,2
mlit:st-79043e4e15e1a8d5,station,福井,36.061745,136.223471,2
mlit:st-790cf8f03b701ca8,station,西大方,33.008785,132.986805,2
mlit:st-791fdbc225ff63bb,station,比羅夫,42.848545,140.72266,2
mlit:st-79228fa21315f7b2,station,東山代,33.277992,129.846052,2
mlit:st-793049547a05c9b7,station,新検見川,35.651823,140.073145,2
mlit:st-793af92ba7b6df13,station,三ツ屋,36.6116,136.645335,2
mlit:st-7941fb17ccf2187c,station,桃山,34.932557,135.771927,2
mlit:st-795e5f1f075358dd,station,守山,35.19735,136.956553,2
mlit:st-7968a5819c8b7034,station,川口,35.801795,139.71748,2
mlit:st-7976e579e3e8fd1b,station,のの岳,38.55266,141.22582,2
mlit:st-7983b66232a5d92d,station,水口,34.97425,136.17683,2
mlit:st-7985c28cb99deba8,station,浦上,32.765445,129.863285,2
mlit:st-798e9a4152c21bce,station,泰澄の里,35.999212,136.198162,2
mlit:st-799227b6faecdb48,station,砺波,36.63641,136.953565,2
mlit:st-799426e7db8d864a,station,本宮,37.513735,140.399335,2
mlit:st-79b58732b974f710,station,南柏,35.844645,139.954192,2
mlit:st-79b7826af63b8343,station,越戸,35.10767,137.18013,2
mlit:st-79bc16dcfee90ac8,station,鴻巣,36.05924,139.509585,2
mlit:st-79bd2fad1ec9801a,station,黒石,40.648345,140.591025,2
mlit:st-79bf0234286e97b8,station,船岡,38.05933,140.7674,2
mlit:st-79c0c8a05e92a605,station,七飯,41.88701,140.68856,2
mlit:st-79cd59ed4b556d80,station,試験場前,33.302,130.509915,2
mlit:st-79d7a215cfadfbde,station,馬堀海岸,35.25956,139.707915,2
mlit:st-79da1063f95f04fd,station,若狭高浜,35.486185,135.54805,2
mlit:st-79e13d5c1a05990b,station,墨染,34.94817,135.769105,2
mlit:st-79e78542073b7e29,station,京都,34.985381,135.758841,2
mlit:st-79ea0cf7ab9fa3ae,station,西敦賀,35.61796,136.067755,2
mlit:st-79ea577f257845a9,station,片原町,34.346025,134.054395,2
mlit:st-79ec6a2f5c07deb0,station,大曽根,35.19162,136.936796,2
mlit:st-79ee22aee7067f67,station,津軽尾上,40.613905,140.576105,2
mlit:st-79ef6fd487e349e6,station,唐崎,35.0498,135.866965,2
mlit:st-79f8fc060eb7a9f5,station,北小金,35.83317,139.93075,2
mlit:st-7a0173983ae75703,station,白木原,33.528565,130.48281,2
mlit:st-7a03d46cd297e4a5,station,中佐世保,33.172315,129.72272,2
mlit:st-7a054b319ec94b08,station,新島々,36.189805,137.821765,2
mlit:st-7a0ad50bc41d5fe1,station,岩倉,35.27797,136.873575,2
mlit:st-7a10cd8744422b75,station,山上,33.84674,130.795185,2
mlit:st-7a1d0cb51f5b04c1,station,新富山口,36.719575,137.240399,2
mlit:st-7a2b0806dcbe7f54,station,伊予中山,33.6492,132.711905,2
mlit:st-7a2c859bcc7585d4,station,伊丹,34.780615,135.421775,2
mlit:st-7a40b32b03f9e309,station,西上田,36.416875,138.209055,2
mlit:st-7a57832b491759cb,station,益生,35.057785,136.678585,2
mlit:st-7a69079eee9c49ce,station,知波田,34.753805,137.512095,2
mlit:st-7a6d566a862702d6,station,伊予北条,33.972905,132.775335,2
mlit:st-7a7194bdd9a99d16,station,高光,33.25598,132.573505,2
mlit:st-7a7e703a19f0d8a1,station,武蔵高萩,35.901703,139.371255,2
mlit:st-7a880c3b753c09ba,station,東成田,35.769685,140.38725,2
mlit:st-7a8811f7481ed48b,station,並河,35.032295,135.55505,2
mlit:st-7a8a315405740134,station,交通センター前,34.20388,135.21837,2
mlit:st-7a8ce95733a08145,station,碧海古井,34.9372,137.090837,2
mlit:st-7a9db7a03cc868ad,station,久原,33.313897,129.811967,2
mlit:st-7a9e98301351c5b8,station,詫間,34.22155,133.692783,2
mlit:st-7aa169beeaa49c33,station,関大前,34.77091,135.506065,2
mlit:st-7aa578002d7cc024,station,西山名,36.27082,139.03207,2
mlit:st-7aa7d8c3aba1d82d,station,紀伊御坊,33.894345,135.154765,2
mlit:st-7aae6d27977f6cab,station,河合西,34.878995,134.91937,2
mlit:st-7ab0670471d02fd7,station,木田,35.1953,136.78801,2
mlit:st-7ab4683783085646,station,道上,34.55345,133.36119,2
mlit:st-7abc66af3a51b4ab,station,弘前東高前,40.592005,140.489095,2
mlit:st-7ac4d9d740e1309b,station,出雲八代,35.227295,133.00148,2
mlit:st-7acf1bbe9b41177c,station,西川田,36.51425,139.850305,2
mlit:st-7ad47166b10673fe,station,鳥浜,35.37718,139.6418,2
mlit:st-7ad830d6df6c5cea,station,花泉,38.833365,141.180015,2
mlit:st-7ae35fe36580b4ec,station,広電五日市,34.366505,132.367885,2
mlit:st-7ae5a66f229c47a9,station,中川,35.563085,139.56968,2
mlit:st-7ae9304d48784f56,station,豊実,37.680523,139.576343,2
mlit:st-7aed8cf085ef543b,station,当麻,43.825535,142.51703,2
mlit:st-7af615b759f0314b,station,上松,35.784075,137.69327,2
mlit:st-7af6a76eadb577a5,station,伏見,35.169125,136.89736,2
mlit:st-7afa7a768374900e,station,黒部湖,36.56653,137.65842,2
mlit:st-7afb001889561261,station,早月加積,36.783725,137.3716,2
mlit:st-7afb5d30ab6349e7,station,長町一丁目,38.234313,140.88752,2
mlit:st-7afcdee02c923c9a,station,南彦根,35.24608,136.248015,2
mlit:st-7b04702b088608f8,station,中野島,35.63002,139.551075,2
mlit:st-7b10bd67614d6696,station,狩川,38.793685,139.97676,2
mlit:st-7b2be53bda5345c9,station,江川崎,33.178215,132.78318,2
mlit:st-7b2c33f624d4fe52,station,大間,33.406995,133.28775,2
mlit:st-7b30de1da33a093f,station,神戸,34.66799,137.27737,2
mlit:st-7b3672b90876fb95,station,中書島,34.926727,135.760185,2
mlit:st-7b367455348b96c0,station,八幡新田,34.973775,136.91262,2
mlit:st-7b387bff180caf14,station,江坂,34.75875,135.497095,2
mlit:st-7b3c625c501c1df3,station,栄町,36.691129,137.233289,2
mlit:st-7b4df93375f37c84,station,宇奈月温泉,36.815855,137.583585,2
mlit:st-7b59b1aa94949cc1,station,高木,34.56297,133.253235,2
mlit:st-7b6bf63682afd3b9,station,太美,43.189855,141.449065,2
mlit:st-7b7a5b0b4e2cb5a0,station,飛騨小坂,35.950785,137.25686,2
mlit:st-7b7c8017ae4cf83e,station,小長井,32.92418,130.186465,2
mlit:st-7b9aa89eaa95f02f,station,越後石山,37.896365,139.095475,2
mlit:st-7ba748487dc4524d,station,三津浜,33.86171,132.72879,2
mlit:st-7baa527d754283f0,station,清武,31.858895,131.388895,2
mlit:st-7bafb561d1edf163,station,東新津,37.787725,139.143585,2
mlit:st-7bb5190ee2dc50c8,station,落石,43.198325,145.51946,2
mlit:st-7bb724b04892f3fe,station,三河高浜,34.93077,136.98996,2
mlit:st-7bba55cd74e467ed,station,越後広田,37.35736,138.661225,2
mlit:st-7bdb466a5cabeaca,station,スポーツ公園,35.919483,136.168225,2
mlit:st-7be883c401c1b20d,station,小和清水,36.01736,136.351105,2
mlit:st-7be9ebc0e44ff905,station,香椎宮前,33.655125,130.442615,2
mlit:st-7bec4a4cea5329e8,station,西燕,37.679785,138.909255,2
mlit:st-7bf378f8aa8e7906,station,ベイサイド･ステーション,35.627855,139.876345,2
mlit:st-7bf5897e935b69b8,station,高見ノ里,34.57518,135.546005,2
mlit:st-7bf6dd8122c7f50d,station,信濃町,35.679937,139.721293,2
mlit:st-7bfbd1929aacaf1c,station,牧之郷,34.988855,138.95442,2
mlit:st-7c04acecdf1816f0,station,落居,35.50358,138.471245,2
mlit:st-7c065763a4949647,station,新中川町,32.752215,129.89055,2
mlit:st-7c396aea857feba9,station,美夜古泉,33.70912,130.96909,2
mlit:st-7c4167c46f12762f,station,大住,34.830805,135.749895,2
mlit:st-7c4d0c2e7545f6f0,station,武蔵横手,35.88522,139.280716,2
mlit:st-7c523288d5ac5eba,station,権堂,36.653245,138.19211,2
mlit:st-7c5dbe86df999eb6,station,緑,43.718285,144.50551,2
mlit:st-7c5fbae009d57aa6,station,北見,43.80542,143.898135,2
mlit:st-7c62ea45343e6b14,station,羽後岩谷,39.44162,140.08937,2
mlit:st-7c71319446794132,station,八雲,42.25308,140.273903,2
mlit:st-7c7625eac884f2d0,station,武蔵嵐山,36.044385,139.32774,2
mlit:st-7c791296edda84c0,station,目時,40.35205,141.289575,2
mlit:st-7c8102402943f291,station,大学病院,32.76913,129.864085,2
mlit:st-7c816f05d26b4580,station,花園,35.018595,135.717895,2
mlit:st-7c96ada42b5dbafe,station,広野,34.92855,135.19143,2
mlit:st-7c9fc2748b8cf0a9,station,上溝,35.557617,139.36315,2
mlit:st-7ca8002969467cfb,station,黒川,34.133085,133.82009,2
mlit:st-7cadf7d11798947a,station,星田,34.76735,135.663445,2
mlit:st-7caf0898a912f066,station,豊頃,42.81748,143.53875,2
mlit:st-7cb2e6c4fefa6d65,station,四ツ橋,34.67394,135.496745,2
mlit:st-7cbe5d592c70ffb0,station,坂下,35.574577,137.531177,2
mlit:st-7cbfdcca4f3d7551,station,宮城野原,38.26069,140.904773,2
mlit:st-7cc53655fe4ea6c2,station,越前大宮,36.00004,136.409795,2
mlit:st-7cc8f7130981ec58,station,神奈川新町,35.481515,139.64017,2
mlit:st-7cc9827494314536,station,上伊田,33.64837,130.830923,2
mlit:st-7ccae60bfdb46dd9,station,矢田,34.605905,135.532955,2
mlit:st-7ccf3a344f0fb715,station,妙蓮寺,35.498775,139.633305,2
mlit:st-7cd139fa65966388,station,西太刀洗,33.407847,130.599243,2
mlit:st-7ce68701ee04a9bf,station,京王多摩センター,35.625225,139.424165,2
mlit:st-7cf3dd5414ef816e,station,三戸,40.395745,141.27316,2
mlit:st-7cfbeebafe1d7e7a,station,伊勢奥津,34.512165,136.259995,2
mlit:st-7cfdb0c59fcab17a,station,梓橋,36.250183,137.91808,2
mlit:st-7d07b59425267908,station,代々木,35.68379,139.701982,2
mlit:st-7d0989ef3116f197,station,有珠,42.513235,140.794005,2
mlit:st-7d1a80480db42088,station,東玉出,34.62686,135.495965,2
mlit:st-7d2767ce1a730caa,station,長浜,35.378605,136.26499,2
mlit:st-7d28975141b5c4c0,station,山王,36.07912,136.392453,2
mlit:st-7d2fbda9c785f0a6,station,遠矢,43.04751,144.45826,2
mlit:st-7d3591a401761782,station,摩耶,34.70852,135.224752,2
mlit:st-7d3e7f84f74565be,station,仲ノ町,35.728795,140.833765,2
mlit:st-7d3ff866c315895a,station,荒瀬,39.980035,140.4024,2
mlit:st-7d4402baf17697d2,station,初富,35.771975,140.00046,2
mlit:st-7d443c97a481e378,station,かみのやま温泉,38.151905,140.27845,2
mlit:st-7d45478a4dd72818,station,稲田,36.368875,140.215035,2
mlit:st-7d46bb0e40e33eee,station,伊予長浜,33.615015,132.48707,2
mlit:st-7d4e61c06a7b2030,station,能登鹿島,37.17979,136.897855,2
mlit:st-7d5d6b5bd036fa03,station,摂津市,34.786369,135.553684,2
mlit:st-7d6e7e91e99feea6,station,東野,34.9824,135.81682,2
mlit:st-7d715e5414ddc9b9,station,福大前,33.547455,130.36226,2
mlit:st-7d74162ae29d4272,station,栂・美木多,34.48505,135.490225,2
mlit:st-7d7a7b1f611c4327,station,比叡山坂本,35.070895,135.878443,2
mlit:st-7d7c5dd4e3586a81,station,甘地,34.98815,134.75856,2
mlit:st-7d80829856a23a73,station,一宮,34.283305,134.02221,2
mlit:st-7d83d664f43e580b,station,マキノ,35.461033,136.059273,2
mlit:st-7d8765a88df0d62b,station,みどり中街,34.42765,132.595015,2
mlit:st-7d9222a5cafe7447,station,JA広島病院前,34.34433,132.32273,2
mlit:st-7d952376b1d08196,station,向原,34.615115,132.720085,2
mlit:st-7d99799b747bcd38,station,翁島,37.55281,140.054,2
mlit:st-7d9c945696d65571,station,西山公園,35.952485,136.18577,2
mlit:st-7da619e59d4c31ad,station,帖佐,31.72696,130.63281,2
mlit:st-7db1f6a38459026b,station,花原市,39.630415,141.86142,2
mlit:st-7dbba0e89e232547,station,越中中島,36.722195,137.224895,2
mlit:st-7dc21b9e05cb7447,station,菰野,35.00872,136.517355,2
mlit:st-7dc5918cc7345fcf,station,山岡,35.350017,137.39571,2
mlit:st-7dcddc4607052932,station,黒川,35.19716,136.910155,2
mlit:st-7dcddf079255fa8a,station,播磨横田,34.910435,134.825335,2
mlit:st-7dd227b8bb20aebd,station,浮鞭,33.03939,133.02975,2
mlit:st-7dd53d52d45bd000,station,矢幅,39.612805,141.14811,2
mlit:st-7dd90778104cd9de,station,香櫨園,34.734315,135.32889,2
mlit:st-7de139dcccf79e98,station,大阪港,34.65385,135.434284,2
mlit:st-7de1907b274c0665,station,西11丁目,43.058685,141.341395,2
mlit:st-7dfae190bc2270d4,station,信濃常盤,36.46737,137.84716,2
mlit:st-7e102cf373e76f27,station,和寒,44.027365,142.415285,2
mlit:st-7e176a823af3b9f1,station,淡輪,34.33137,135.17864,2
mlit:st-7e21f564e4910569,station,笹子,35.603957,138.825255,2
mlit:st-7e22d8d95e8ff1a3,station,大山口,35.485005,133.456685,2
mlit:st-7e29fbc36b9cc65a,station,西松井田,36.31608,138.78663,2
mlit:st-7e2cfea91ff7e89e,station,北岡崎,34.972255,137.1577,2
mlit:st-7e315a467763eca9,station,禾生,35.575195,138.92924,2
mlit:st-7e37fed2ef4eb70f,station,蛇田,38.43828,141.277537,2
mlit:st-7e5a4177e5d362f8,station,騎射場,31.569605,130.551935,2
mlit:st-7e5bc29412e1cafa,station,関内,35.445253,139.636009,2
mlit:st-7e5bf67adc205e48,station,泉岳寺,35.63813,139.73973,2
mlit:st-7e5d51e2e2cef305,station,新開地,34.67651,135.16961,2
mlit:st-7e5ecb268cd45c68,station,伊豆熱川,34.817213,139.069453,2
mlit:st-7e7ac1d60fd5bac4,station,岩室,37.721425,138.879995,2
mlit:st-7e9681194cb06280,station,十日市場,35.52621,139.51667,2
mlit:st-7ea3af86ebda602a,station,榎町,36.657643,137.3166,2
mlit:st-7ea53c5fab71052f,station,西線16条,43.03731,141.336845,2
mlit:st-7eb2a6d0dbf8fed2,station,トマム,43.05604,142.611155,2
mlit:st-7ebc5d17fbc85f6b,station,玉垣,34.85514,136.57003,2
mlit:st-7ec8c6e06c337142,station,城西,35.131585,137.862025,2
mlit:st-7ecf8a66fc23d5af,station,東免田,32.2502,130.91302,2
mlit:st-7ed77964616ec6f2,station,小野,35.138845,135.922685,2
mlit:st-7ee567cd80c83084,station,下関,33.94915,130.921607,2
mlit:st-7eec4604d7940f49,station,新小岩,35.716845,139.857735,2
mlit:st-7efc9edc2883376c,station,大宮公園,35.92388,139.63308,2
mlit:st-7f020b1a16d00bed,station,来待,35.42071,132.952,2
mlit:st-7f046ea735779f8c,station,人形町,35.686174,139.782267,2
mlit:st-7f145d657faf1dee,station,コスモスクエア,34.642575,135.41222,2
mlit:st-7f14786d0db07767,station,滝ノ上,42.910325,141.975835,2
mlit:st-7f1505e3be3599e6,station,富山駅,36.701755,137.212997,1
mlit:st-7f1d305e2c1c05ed,station,南伊予,33.777579,132.73843,2
mlit:st-7f21890e6a7fd0c3,station,川湯温泉,43.616475,144.45805,2
mlit:st-7f22b3612fd6f331,station,野田玉川,40.082755,141.8289,2
mlit:st-7f2a768fe235e8df,station,北畠,34.6273,135.505485,2
mlit:st-7f309118c8b3f05d,station,西鉄平尾,33.573805,130.40631,2
mlit:st-7f39fefacbe14f50,station,土佐大正,33.194843,132.975643,2
mlit:st-7f48bb2bb055c59e,station,安房鴨川,35.10762,140.10371,2
mlit:st-7f5042cb2c8e5dbe,station,沢間,35.12472,138.13436,2
mlit:st-7f6dd19b330a036f,station,箱作,34.34131,135.21261,2
mlit:st-7f73bdd1ab646a58,station,田島高校前,37.209555,139.80079,2
mlit:st-7f74ad372a8b1527,station,芦原,34.71835,137.380147,2
mlit:st-7f834f1cb004e98c,station,幸,32.837253,130.066213,2
mlit:st-7f88a7dc07f81676,station,瀬野,34.42201,132.596745,2
mlit:st-7f9616742a18e9ac,station,野々口,34.771105,133.9326,2
mlit:st-7f987b4e548e25d4,station,周防下郷,34.10114,131.40179,2
mlit:st-7f9ab6b8d10db134,station,寺原,35.91172,140.054805,2
mlit:st-7f9ff2bb17286ae4,station,西庶路,42.976125,144.129815,2
mlit:st-7fa062687d67e93a,station,上万場,35.8446,136.876605,2
mlit:st-7faf08dd67f10a05,station,新代田,35.662495,139.66139,2
mlit:st-7fafec016b26f064,station,東二見,34.70025,134.888025,2
mlit:st-7fba9004d1c6452b,station,撫養,34.17316,134.60093,2
mlit:st-7fc6e996eda5f6a5,station,大寺,35.40442,132.787435,2
mlit:st-7fc9010e4cea8088,station,小山,36.312869,139.806453,2
mlit:st-7fc9fd685f2b67b9,station,長尾,34.825947,135.713033,2
mlit:st-7fd71a3be48cd148,station,中小田井,35.214755,136.876845,2
mlit:st-7fe1a5099c93c6a1,station,都田,34.82826,137.718303,2
mlit:st-7fec45080256a267,station,百合が原,43.1314,141.360685,2
mlit:st-7fef0e6ff93c41be,station,市川本町,35.56063,138.50202,2
mlit:st-7ff7bf452dde088f,station,鹿角花輪,40.188535,140.78517,2
mlit:st-7ff999da8ca1c603,station,名古屋大学,35.154512,136.966577,2
mlit:st-800b57fca2e9cb07,station,新栄町,33.03843,130.4499,2
mlit:st-800e6ee939f8bfca,station,稲尾,36.55411,137.842615,2
mlit:st-80168963e2de9a22,station,弥生が丘,33.402774,130.528656,2
mlit:st-8034e8f4e8c2d11a,station,東新庄,36.698702,137.252984,2
mlit:st-803876ad6921b0f0,station,遠浅,42.729255,141.76917,2
mlit:st-803b8618073454de,station,西4丁目,43.058895,141.351845,2
mlit:st-804113cd2eeb9ca5,station,大隅夏井,31.469765,131.13642,2
mlit:st-804795fb23ff7c0e,station,商工会議所前,36.05358,136.215,2
mlit:st-804c032bcaa07cc2,station,山陽魚住,34.68928,134.902025,2
mlit:st-804fcf4217b4f8ba,station,平磯,36.357515,140.607584,2
mlit:st-805061bdf37bca2d,station,切石,35.5124,137.809145,2
mlit:st-8050c630fdb9f571,station,塩山,35.705383,138.734557,2
mlit:st-805323167b59217f,station,女鹿,39.09875,139.88097,2
mlit:st-805a8d61352ad1e4,station,糠沢,40.250685,140.397495,2
mlit:st-8063056e085eb8be,station,信濃白鳥,36.9836,138.503035,2
mlit:st-806bca5505144286,station,小野,34.843135,134.934225,2
mlit:st-80713e4e18ebfdeb,station,表参道,35.665283,139.712098,2
mlit:st-807153a550ad2424,station,新守谷,35.966375,139.985782,2
mlit:st-807890a7e7365dc4,station,梅戸井,35.075055,136.557195,2
mlit:st-807b3dcae69fc5e6,station,後楽園,35.707871,139.751423,2
mlit:st-80b59216682335ec,station,小篭通,33.576173,133.6261,2
mlit:st-80b5957aac3136d6,station,久留米高校前,33.298385,130.517095,2
mlit:st-80b63b2fcbdfea0a,station,武州中川,35.958375,139.035435,2
mlit:st-80c1339910ca87a2,station,新森古市,34.715255,135.558255,2
mlit:st-80ed4d6e4543bad8,station,森上,35.24761,136.736955,2
mlit:st-80f026af4558fc75,station,静,36.50611,140.438205,2
mlit:st-80faf26b71a96299,station,肥後二見,32.41982,130.549385,2
mlit:st-810f862cad13fc52,station,第一通り,34.707555,137.732855,2
mlit:st-8111c08a1e0d1573,station,滋賀里,35.04355,135.859235,2
mlit:st-81289e8b8cb27cff,station,久里浜,35.233067,139.70096,2
mlit:st-812c0a90d8c7ead6,station,西宮名塩,34.82723,135.308885,2
mlit:st-8136205c80918536,station,大町,34.33742,134.141465,2
mlit:st-81438ee96168c732,station,備前三門,34.667753,133.90041,2
mlit:st-8148b7734229c630,station,谷町四丁目,34.681672,135.517612,2
mlit:st-81533e4c840bd891,station,十字街,41.76408,140.718685,2
mlit:st-815aeebce18ffe1a,station,辻,34.02917,133.87386,2
mlit:st-815ec50ad66d2062,station,安芸川尻,34.2321,132.69136,2
mlit:st-817c81963e8d726c,station,甲斐小泉,35.879555,138.35939,2
mlit:st-81970720471b4a64,station,程久保,35.65523,139.410755,2
mlit:st-81a52cc3867c3e54,station,印旛日本医大,35.787815,140.202759,2
mlit:st-81a593b8fda8d20b,station,釜戸,35.411235,137.30523,2
mlit:st-81b58614ffe2d58e,station,中国勝山,35.08061,133.69476,2
mlit:st-81c626a2a356ca04,station,大戸,35.88993,140.45773,2
mlit:st-81cf4859998c014e,station,今山,33.345145,130.876935,2
mlit:st-81d3f11478d73c2c,station,新月,38.91561,141.488885,2
mlit:st-81dd1bc1bd270f78,station,竜ヶ水,31.647435,130.60418,2
mlit:st-81de3669919af2e0,station,西都城,31.72333,131.057,2
mlit:st-81dfb3573a7f35c0,station,竹ノ塚,35.79437,139.79072,2
mlit:st-81e8db06e5f44938,station,小俣,36.37499,139.374425,2
mlit:st-81ec65939c2f5a68,station,西大分,33.24465,131.58315,2
mlit:st-81f9a9ffc404c8da,station,大宮,35.906534,139.623556,2
mlit:st-81fa9f0e76c00c90,station,上総興津,35.137215,140.25047,2
mlit:st-81ff4a09c84694de,station,柏たなか,35.91086,139.957515,2
mlit:st-82116065c5bf008b,station,東新町,34.906117,137.502977,2
mlit:st-8212813b6c361434,station,羽村,35.75794,139.3163,2
mlit:st-821353731d2d54a5,station,勿来,36.88356,140.786692,2
mlit:st-8215427762126254,station,西武新宿,35.69613,139.700067,2
mlit:st-822a5c37b78c6d47,station,納内,43.732555,142.13005,2
mlit:st-822ef5fcf57afd5c,station,土師ノ里,34.571615,135.615615,2
mlit:st-8232edf7adba7874,station,オークスカナルパークホテル富山前,36.70367,137.214602,2
mlit:st-82393671ca6f9f58,station,五位堂,34.534685,135.718195,2
mlit:st-823b3a4c709a8f3b,station,八郎潟,39.94783,140.07852,2
mlit:st-823eba7a60220313,station,紀伊有田,33.490935,135.73626,2
mlit:st-8245d05fa1c30b3f,station,新見,34.987197,133.456703,2
mlit:st-8245d22dd6573dba,station,上丸渕,35.233875,136.73252,2
mlit:st-824e3cbd99223877,station,平針,35.1227,137.007215,2
mlit:st-8253fadaa4ce2702,station,棚倉,34.774635,135.81602,2
mlit:st-825bf545a0070ea1,station,下大利,33.522495,130.489185,2
mlit:st-825ff11e38fdeb82,station,西山,33.830055,130.73242,2
mlit:st-82616dffbca3c159,station,重岡,32.840305,131.715595,2
mlit:st-827147f8e4d7cd4e,station,嵐電嵯峨,35.0165,135.6818,2
mlit:st-82727c0ae36ce833,station,木屋瀬,33.778465,130.724955,2
mlit:st-828707555b4bb10f,station,山陽網干,34.786925,134.588185,2
mlit:st-828d397c11b3b5a8,station,三日市,34.88024,136.56223,2
mlit:st-828ee458bc819980,station,開成,35.326495,139.13581,2
mlit:st-828fbf18fe660ec3,station,白塚,34.770705,136.532535,2
mlit:st-8290494783a42421,station,上総村上,35.49612,140.100425,2
mlit:st-82999c74b929039b,station,津軽二股,41.145905,140.51425,2
mlit:st-82b36b50e48528f0,station,市原,35.08816,135.76305,2
mlit:st-82c8ea20a269a52c,station,大更,39.914105,141.10085,2
mlit:st-82c9f7274620e2d9,station,川東,37.270105,140.40615,2
mlit:st-82dda1cf842cd72f,station,逸見,35.280623,139.652607,2
mlit:st-82ddaae61802abe0,station,勝野,33.72834,130.716,2
mlit:st-82eb884896fb6c5f,station,紫波中央,39.55476,141.159915,2
mlit:st-82f1186bb42dee3c,station,松島海岸,38.368367,141.058843,2
mlit:st-82f168d37a05d2eb,station,北美瑛,43.61791,142.47965,2
mlit:st-82f66c7c2e12c20c,station,積志,34.76808,137.76341,2
mlit:st-82f9a0ece53de281,station,古口,38.73716,140.145985,2
mlit:st-82fc9f043f515e68,station,曳馬,34.733215,137.74146,2
mlit:st-830616b570bf1de1,station,高師,34.727105,137.38172,2
mlit:st-830d2a2474183d79,station,立花,34.737885,135.3996,2
mlit:st-831a8d7140bd97ab,station,金塚,38.0203,139.379555,2
mlit:st-832161efc17e4d27,station,野方,35.719587,139.653493,2
mlit:st-8340e942c1ac0808,station,西加積,36.74634,137.340215,2
mlit:st-834706fe2a15df98,station,府屋,38.513478,139.530433,2
mlit:st-834cea0a10dcfb40,station,三石,34.804995,134.2763,2
mlit:st-8353b64e3e902e9c,station,京王八王子,35.65805,139.342977,2
mlit:st-83543a4180d79c48,station,長堀橋,34.675085,135.506377,2
mlit:st-835ff9126ca9654c,station,裾野,35.171327,138.90926,2
mlit:st-83617d43a7a0b36d,station,冠着,36.45722,138.07935,2
mlit:st-83696b2bfe13e190,station,南今庄,35.757465,136.184795,2
mlit:st-836afbc41184daa3,station,西新町,34.649575,134.980805,2
mlit:st-836e8d21e9622e17,station,広電宮島口,34.311793,132.304924,2
mlit:st-837321cea331d7a5,station,陸奥湊,40.523167,141.527403,2
mlit:st-83739dedbf3eda69,station,下深谷,35.096057,136.661554,2
mlit:st-837489602e441666,station,加治屋町,31.58705,130.547625,2
mlit:st-8375b3b77e828d06,station,勝原,35.96753,136.59726,2
mlit:st-8381f5be1b97a38c,station,上湯沢,39.134135,140.485245,2
mlit:st-8384454bd491b1fe,station,聚楽園,35.042817,136.903057,2
mlit:st-83933fb69d3f8e4d,station,山手,35.4268,139.64647,2
mlit:st-83a49f0dbc449699,station,内郷,37.035967,140.854897,2
mlit:st-83a9589e02bb2292,station,池野,35.436507,136.578687,2
mlit:st-83ae5505b9c243b3,station,宮地,32.937035,131.11807,2
mlit:st-83b6b7f52f6cca47,station,新鵜沼,35.396835,136.94426,2
mlit:st-83bbf6478f77fd50,station,肥前麓,33.36582,130.477515,2
mlit:st-83d5871cbc3a9cdb,station,斎宮,34.537895,136.615295,2
mlit:st-83e85394334fe0d3,station,南米沢,37.89605,140.10827,2
mlit:st-83eb01d3c2980512,station,南公園,34.66467,135.21707,2
mlit:st-83f8e4b1ff4627ef,station,瑞江,35.69339,139.89781,2
mlit:st-840f408aee790ddd,station,柳小路,35.32729,139.485225,2
mlit:st-8419b9b52b0e4984,station,北山田,35.56109,139.592747,2
mlit:st-84216a5e5c52e911,station,涸沼,36.266123,140.527413,2
mlit:st-8424ea25a4ba71ee,station,土佐岩原,33.82265,133.78819,2
mlit:st-84312797c7f12a33,station,天文館通,31.590515,130.554745,2
mlit:st-84357b3f51c7975b,station,月寒中央,43.029927,141.396733,2
mlit:st-8437f6a56f3f406a,station,豊間根,39.53424,141.924715,2
mlit:st-84435c7c10df0afa,station,平山城址公園,35.64731,139.379895,2
mlit:st-844ae9dab0583e75,station,泉体育館,35.718845,139.419565,2
mlit:st-8454b7b45f977f43,station,蟹江,35.14198,136.793475,2
mlit:st-84550a465995ae10,station,舎人,35.80572,139.770135,2
mlit:st-845d93ad4ef3837c,station,真岡,36.439135,140.002625,2
mlit:st-8464ae876ee05c2f,station,北浦,38.55987,141.02313,2
mlit:st-846577e891ceafa5,station,浜坂,35.620615,134.452775,2
mlit:st-846892bac4b67e1d,station,六甲ケーブル下,34.737405,135.233645,2
mlit:st-8469876cd520ec64,station,東武ワールドスクウェア,36.808367,139.709021,2
mlit:st-846f8c0d93ce7f4b,station,福島,34.69681,135.487145,2
mlit:st-847c0e06a96a2079,station,西麻植,34.072555,134.336505,2
mlit:st-847f9df4a8aaf935,station,新木,35.8624,140.10705,2
mlit:st-84818145067ee94b,station,追分口,36.08249,136.261375,2
mlit:st-8482790336060db8,station,栃原,34.444555,136.50934,2
mlit:st-849a3c7397cf188e,station,甲斐岩間,35.49251,138.463075,2
mlit:st-849b8c988fcdfb99,station,長門市,34.37538,131.18559,2
mlit:st-849c51ef029e594d,station,町方,35.189917,136.727037,2
mlit:st-84a30b38a1ca479c,station,東岡山,34.685595,133.987195,2
mlit:st-84a7d14187cedc5b,station,雄信内,44.911535,141.9356,2
mlit:st-84abf24ec5f330de,station,西富岡,36.26016,138.88278,2
mlit:st-84afa9ebd6ebae0c,station,国府津,35.281395,139.214955,2
mlit:st-84b88b11e23fb1aa,station,上小川,36.71927,140.37869,2
mlit:st-84c658a08e7181b5,station,生田原,43.923695,143.534635,2
mlit:st-84c8b6087dbea1c6,station,和泉鳥取,34.342532,135.263225,2
mlit:st-84d792bfef63d022,station,寺田,34.85327,135.772085,2
mlit:st-84e039187eb69fbd,station,阿久根,32.02307,130.196395,2
mlit:st-84ee30e801552eae,station,松風町,41.771395,140.733315,2
mlit:st-850560611c1f0e66,station,保原,37.814565,140.556595,2
mlit:st-85252a96fc852715,station,富木,34.52252,135.45122,2
mlit:st-8529f7a4832517e2,station,柏崎,37.363555,138.55642,2
mlit:st-85404ee72bde80aa,station,御成門,35.660977,139.751487,2
mlit:st-8543a73d9bc0368f,station,前田南,40.050525,140.402465,2
mlit:st-854469fce0b89ced,station,豊津,34.764638,135.5089,2
mlit:st-854853751440fc33,station,愛知御津,34.812585,137.316585,2
mlit:st-856389347150bde0,station,新所沢,35.805805,139.45717,2
mlit:st-8565671ca9c97c1a,station,広貫堂前,36.683645,137.21587,2
mlit:st-8568e0815f18b735,station,松山,33.83988,132.750985,2
mlit:st-8572f1158bdbd9fb,station,上ゲ,34.85833,136.916455,2
mlit:st-857856ec0ea2f325,station,上挙母,35.07192,137.15467,2
mlit:st-85802db3f2038cb5,station,榛原,34.52983,135.954615,2
mlit:st-858c4f66ff06d5ad,station,本荘,36.204625,136.20316,2
mlit:st-8591b6e4dad9931d,station,五十鈴ヶ丘,34.49588,136.73984,2
mlit:st-85935c64a8660f24,station,君ヶ浜,35.71407,140.860545,2
mlit:st-8593961baa086e4b,station,国見,32.978787,132.88396,2
mlit:st-85a52bcf883af096,station,伊勢川島,34.97766,136.56695,2
mlit:st-85b569f02cc81b29,station,吉野,33.07553,130.4664,2
mlit:st-85bcbabe52d3dd83,station,焼津,34.872285,138.31848,2
mlit:st-85be11a53fbff504,station,和邇,35.161653,135.922322,2
mlit:st-85ca35dc222469c8,station,八事,35.137027,136.964202,2
mlit:st-85eee275e8adac2a,station,東新湊,36.777865,137.099055,2
mlit:st-85ef2ed2f67fbbde,station,京急田浦,35.300997,139.625213,2
mlit:st-85f25332e78deab6,station,大和上市,34.39563,135.845705,2
mlit:st-86065895147c6084,station,我孫子,35.872826,140.01047,2
mlit:st-860899228b3a759b,station,高宮,35.236289,136.260836,2
mlit:st-860c48c453d687a5,station,海の公園柴口,35.34212,139.63591,2
mlit:st-8612311b0378a6fe,station,西宮,34.73901,135.34878,2
mlit:st-86179a068364e6ac,station,日の出,35.64926,139.75916,2
mlit:st-8619fcfc52962d3d,station,古川橋,34.739873,135.59129,2
mlit:st-8626781973058a2b,station,蒲生,35.86689,139.791765,2
mlit:st-8632765b3c2fcee2,station,南千歳,42.808205,141.67521,2
mlit:st-863a783b2052a563,station,柿平,34.99052,137.644013,2
mlit:st-863c7bea8ee4345d,station,浜吉田,38.002225,140.890085,2
mlit:st-863f42de1b060e86,station,自動車学校前,34.747605,137.751635,2
mlit:st-8646268408da15fc,station,吉備真備,34.626817,133.69217,2
mlit:st-8647717d49315189,station,広尾,35.651783,139.722193,2
mlit:st-86510092b507029a,station,東横田,35.38616,140.03594,2
mlit:st-8657f18ec21b8021,station,宮崎空港,31.872478,131.43958,2
mlit:st-86582bdd9fb238e2,station,能登部,36.96099,136.869385,2
mlit:st-8659dba27ac61beb,station,備中高梁,34.78862,133.61654,2
mlit:st-865bc8a348d365a2,station,八幡山,35.670075,139.61448,2
mlit:st-86624a9a3c59144a,station,羽前前波,38.747705,140.2095,2
mlit:st-8662632fbc00555a,station,京急富岡,35.36671,139.62976,2
mlit:st-866ea52f2718fb12,station,陽東3丁目,36.557291,139.922308,2
mlit:st-8675c5ab021b924a,station,吉野,34.377005,135.85356,2
mlit:st-8680ccd671b5d046,station,羽後中里,39.771135,140.60276,2
mlit:st-868ce4a4aea5b66c,station,田県神社前,35.3174,136.943785,2
mlit:st-868d970e2f60ec4d,station,丹荘,36.216465,139.102585,2
mlit:st-869ee5e9a761fe8f,station,竹沢,36.0755,139.22995,2
mlit:st-86a3b80c3c89d649,station,大森・金城学院前,35.206935,136.99659,2
mlit:st-86aed2eb0a8f173d,station,ドーム前千代崎,34.670855,135.479345,2
mlit:st-86aeef1bce471a62,station,井原,34.592775,133.46908,2
mlit:st-86b3f0b7a9dc7173,station,柴平,40.23077,140.788055,2
mlit:st-86baf0ec01c55c13,station,阿川,34.33616,130.9261,2
mlit:st-86ca8bbbc13a2fe2,station,吉田,34.680335,135.624515,2
mlit:st-86d5da1b2e2c22b4,station,飛騨宮田,35.928443,137.235553,2
mlit:st-86e4bb4c6dca96a0,station,唐湊,31.571405,130.54075,2
mlit:st-86e5345321049ccb,station,加古川,34.767583,134.83971,2
mlit:st-86ee13542123b438,station,長崎,33.575025,133.62098,2
mlit:st-86ef142873ef8f3a,station,豊野,36.711095,138.27556,2
mlit:st-8703d0bdc7e01cae,station,笹原田,36.53396,140.14474,2
mlit:st-8708287c2493ce9e,station,白坂,37.095275,140.184705,2
mlit:st-871c1e156c1ede76,station,宮内串戸,34.348765,132.323925,2
mlit:st-872376d2fe26ea07,station,湯之元,31.67392,130.336805,2
mlit:st-87341800017d76f6,station,高萩,36.71434,140.716955,2
mlit:st-873b86869afc85a3,station,羽前中山,38.12511,140.218725,2
mlit:st-873b9904614417d6,station,東久根別,41.826075,140.679705,2
mlit:st-875352481d8d4199,station,調布,35.65177,139.544735,2
mlit:st-875398d46714787c,station,柏陽,43.82502,143.916955,2
mlit:st-87624cfa73c2f168,station,里庄,34.50776,133.55055,2
mlit:st-877573928fec1bc9,station,美濃松山,35.160906,136.632682,2
mlit:st-87815d8237d250d8,station,妙寺,34.29851,135.5174,2
mlit:st-8786968c54f6929d,station,皆野,36.06862,139.093995,2
mlit:st-878dfa9b644c6a88,station,読売ランド前,35.614735,139.52804,2
mlit:st-87aa4335667727c5,station,白木山,34.500575,132.587818,2
mlit:st-87b87135fbd5105b,station,健軍校前,32.78184,130.751105,2
mlit:st-87c1236364eef7b0,station,行徳,35.682847,139.914463,2
mlit:st-87c1ff32ba13576a,station,祇園四条,35.003322,135.771926,2
mlit:st-87d9513e8f72dd0f,station,開発,36.636193,137.24287,2
mlit:st-87e6146d5bc32634,station,東淀川,34.73921,135.503995,2
mlit:st-87e7c49be4335e73,station,青山町,34.67306,136.177725,2
mlit:st-87f4441bc31ada04,station,富士急ハイランド,35.489537,138.781817,2
mlit:st-87fecf08a835d171,station,市が尾,35.551265,139.54126,2
mlit:st-88080de09fbde172,station,左沢,38.382197,140.20809,2
mlit:st-880b7fd013c23ea2,station,打出,34.731605,135.315565,2
mlit:st-8818e0eadf302e00,station,赤星,33.966805,133.456505,2
mlit:st-881a1c8bdac7a2fd,station,津田山,35.60365,139.60072,2
mlit:st-881fdd9101bbaa2e,station,大隅横川,31.90622,130.702925,2
mlit:st-883814a0f5db81ec,station,板柳,40.69724,140.46187,2
mlit:st-88455a15cd9bea9e,station,三宮,34.694198,135.193855,2
mlit:st-8850d627c8bdafa2,station,相野,34.947635,135.15595,2
mlit:st-885203cb3d12eee3,station,石場,35.004735,135.87554,2
mlit:st-885896af4e42952c,station,広野,37.211423,140.998717,2
mlit:st-886dc5f332bfba1e,station,富士見台,35.73585,139.629815,2
mlit:st-8871bb17043c759d,station,福音寺,33.822535,132.7889,2
mlit:st-8875aed0b409edad,station,湘南台,35.396342,139.466237,2
mlit:st-8877ac7a23d38050,station,三良坂,34.766195,132.95775,2
mlit:st-887ab3913ebaa3dd,station,立石,33.481927,131.477146,2
mlit:st-888afb7f69031d94,station,泉,37.778753,140.445497,2
mlit:st-88a50f883f85c284,station,磐城常葉,37.42076,140.605845,2
mlit:st-88b15826f802452e,station,磐城塙,36.958733,140.41202,2
mlit:st-88b1c0df95fafd10,station,有岡,32.96124,132.83305,2
mlit:st-88b2b5d3f056cb81,station,足立小台,35.754635,139.770205,2
mlit:st-88bcaab60d9cbdc6,station,白丸,35.81172,139.11483,2
mlit:st-88c3b4e0cc22dd1c,station,薊野,33.578373,133.560433,2
mlit:st-88cdc7ecb5c89206,station,赤池,35.671795,136.961165,2
mlit:st-88ce6ddc73b2122c,station,古座,33.51834,135.82087,2
mlit:st-88d89b8c058c1dd5,station,東新川,33.94842,131.257065,2
mlit:st-88dcd289cde66af7,station,山田,35.644355,139.320755,2
mlit:st-88e46d0e59b5f537,station,矢神,34.9435,133.332725,2
mlit:st-88e69d857ae0e87f,station,東飯能,35.85302,139.326055,2
mlit:st-88ef821b6616541f,station,立田,33.57063,133.670423,2
mlit:st-88f4cb46a1aff537,station,尼ヶ坂,35.1878,136.919175,2
mlit:st-88f8fcecd84710c0,station,三条,34.319845,134.049515,2
mlit:st-88fa4ac36d72dd05,station,丹治部,35.04634,133.553705,2
mlit:st-88fd84e9e0241bfc,station,東金,35.560095,140.3636,2
mlit:st-8900a1ea2dd0ae70,station,等々力,35.60837,139.64796,2
mlit:st-8903e4b2bef1b7ad,station,南守谷,35.93409,140.00276,2
mlit:st-890b9afb4448071b,station,両石,39.308105,141.88909,2
mlit:st-890f1c29e5156b8e,station,菊名,35.510074,139.630773,2
mlit:st-8916a3a6f252d48d,station,越後寒川,38.448765,139.49005,2
mlit:st-8917348fc341c2cf,station,彩都西,34.85507,135.522865,2
mlit:st-8923b897003cb95c,station,朝日ヶ丘,35.480957,132.98778,2
mlit:st-8938a211487cc4f1,station,生見,31.307265,130.577605,2
mlit:st-893d0d9dbccf474b,station,河山,34.23628,131.98385,2
mlit:st-893d8bfcbdd2d743,station,紀伊長島,34.20933,136.339935,2
mlit:st-894a0dadc57bf5ff,station,神田（交通局前）,31.57304,130.540567,2
mlit:st-894b05c940a96801,station,戸出,36.684345,136.984105,2
mlit:st-8969c1d1f0442d4c,station,常陸大子,36.770705,140.35084,2
mlit:st-896fc6ad8505088b,station,鎧,35.651715,134.57524,2
mlit:st-89767df0704bdf92,station,伊予大洲,33.51855,132.54484,2
mlit:st-897748178a99d728,station,野辺地,40.855135,141.11964,2
mlit:st-898240b4806e8ea4,station,美濃赤坂,35.386605,136.582195,2
mlit:st-8985c7cfe962d87c,station,本俣賀,34.65262,131.82692,2
mlit:st-898656d51a0205f9,station,日根野,34.39073,135.331285,2
mlit:st-898ab855eb97c2b2,station,南郷,31.535915,131.3721,2
mlit:st-89923d2570034206,station,西小林,32.00947,130.921795,2
mlit:st-89982c3112ec9bcf,station,舟入南,34.374965,132.43722,2
mlit:st-899bf54d903f443d,station,上諸江,36.591013,136.64908,2
mlit:st-89a27484e507285a,station,千種,35.170792,136.930532,2
mlit:st-89b2185d21ff3657,station,相模沼田,35.292345,139.133905,2
mlit:st-89bb3466d1f783e4,station,伊予桜井,34.01204,133.035545,2
mlit:st-89bd0c939fb71682,station,会津越川,37.39869,139.46943,2
mlit:st-89bf0d8ae23911f6,station,上古沢,34.25733,135.54801,2
mlit:st-89c14c471c59a308,station,白石,43.04635,141.395705,2
mlit:st-89c9e30c863d96d6,station,武庫川団地前,34.704935,135.374855,2
mlit:st-89ccdd203015d97a,station,中山観音,34.81954,135.36929,2
mlit:st-89cd67acffe5262c,station,松井田,36.309155,138.797655,2
mlit:st-89d31528fa8833f7,station,蘭島,43.196535,140.854675,2
mlit:st-89d8bfdb029d6d4d,station,新伊勢崎,36.318085,139.201815,2
mlit:st-89da0c0ae138287b,station,柿ケ島,35.9725,136.5709,2
mlit:st-89e34be692466273,station,中洲通,31.579025,130.5427,2
mlit:st-89e34d58ea3615cf,station,猪苗代,37.54628,140.1033,2
mlit:st-89eae455bdb3e00b,station,余呉,35.533887,136.198267,2
mlit:st-8a00c496775df7e3,station,筑後吉井,33.340955,130.752825,2
mlit:st-8a026ec532488664,station,市大医学部,35.343905,139.65013,2
mlit:st-8a271c867f3a1e94,station,山下,34.89297,135.412297,2
mlit:st-8a2bd48afbf8143a,station,高城,33.242845,131.65572,2
mlit:st-8a4098e5c238ee50,station,河内永和,34.664245,135.57314,2
mlit:st-8a42a553cdee2a71,station,西鉄銀水,33.050955,130.458165,2
mlit:st-8a4a01365ac60277,station,石越,38.768825,141.15916,2
mlit:st-8a5a4ef1f16c8e37,station,四十九,34.748355,136.136968,2
mlit:st-8a5e35fe0540299e,station,横川,34.410391,132.450516,2
mlit:st-8a5fa5e3f80ecc18,station,浦田,33.65577,130.699305,2
mlit:st-8a5ff40c44980dc0,station,敷戸,33.188105,131.615125,2
mlit:st-8a60cb86e5aecc10,station,神明町,34.585525,135.48046,2
mlit:st-8a6d0cb8a4d6f300,station,名寄高校,44.331173,142.465483,2
mlit:st-8a6d3a0961349143,station,十日市場,35.53887,138.887465,2
mlit:st-8a6f1fa5fcd5f150,station,坂田,35.336125,136.28768,2
mlit:st-8a70b30a524e990d,station,朝来,33.696755,135.417595,2
mlit:st-8a7651eea495d035,station,波子,34.964085,132.151265,2
mlit:st-8a7e746ea43328dd,station,湘南海岸公園,35.3152,139.48332,2
mlit:st-8a8638d6be43c809,station,千厩,38.924855,141.345625,2
mlit:st-8a9aa924292b47fa,station,鵜住居,39.326735,141.887905,2
mlit:st-8a9ba5f0581a08f6,station,青海,35.6248,139.781315,2
mlit:st-8aa15299e4c60239,station,木津,34.735595,135.824775,2
mlit:st-8aaaab4f4a371ab8,station,賀来,33.21307,131.56262,2
mlit:st-8ab9cabe16751ba0,station,愛甲石田,35.41777,139.344155,2
mlit:st-8abd1754b04a73da,station,熊谷,36.139505,139.389643,2
mlit:st-8ac6aa7a58d5e5dc,station,浦ノ崎,33.335282,129.792515,2
mlit:st-8ad2788cbb3b19e2,station,三河安城,34.969751,137.060627,2
mlit:st-8ad8a55c917cec27,station,南岩国,34.13518,132.206035,2
mlit:st-8adb88d01005a105,station,舟入川口町,34.379665,132.43919,2
mlit:st-8ae030a3185fda0f,station,上社,35.17348,137.00659,2
mlit:st-8aec358c0948142f,station,鰍沢口,35.541415,138.47088,2
mlit:st-8aef22b23ec865e1,station,道川,39.560605,140.05707,2
mlit:st-8aef606f50e9fc16,station,鬼怒川温泉,36.822525,139.71668,2
mlit:st-8afa9d0658418d64,station,原向,36.61731,139.42053,2
mlit:st-8afed5466ef790ac,station,壬生川,33.92965,133.08558,2
mlit:st-8b0508011319123f,station,柳生橋,34.75488,137.38859,2
mlit:st-8b0f2cd8b6b57dcb,station,慶徳校前,32.797045,130.7025,2
mlit:st-8b0f7c864817b953,station,能町,36.768215,137.03982,2
mlit:st-8b144b1a54762f2c,station,宝積寺,36.631625,139.97952,2
mlit:st-8b1b2b0ed6cc288b,station,羽黒,35.35161,136.952525,2
mlit:st-8b24777e957fe5a3,station,東秋留,35.725935,139.311675,2
mlit:st-8b33df1bb4b13790,station,上野原,35.618445,139.115405,2
mlit:st-8b4aced273caeb41,station,八景水谷,32.841275,130.722985,2
mlit:st-8b4cde6efeb00751,station,東松江,34.247775,135.141125,2
mlit:st-8b4cfb184708332b,station,武川,36.142195,139.28174,2
mlit:st-8b4e7ffba7d411b1,station,三好ヶ丘,35.126995,137.111415,2
mlit:st-8b54f6064c3803d4,station,田野,33.430415,134.007605,2
mlit:st-8b5afa16429c9043,station,外川,35.699315,140.857345,2
mlit:st-8b6e160b97ad93b4,station,島氏永,35.271147,136.80087,2
mlit:st-8b6fb0978c3cf055,station,熱田神宮西,35.12765,136.90682,2
mlit:st-8b8ce2d329aef03e,station,扇田,40.229295,140.5725,2
mlit:st-8b98afd04049fb62,station,知寄町一丁目,33.558355,133.556715,2
mlit:st-8b9b23db051bd7eb,station,醍醐,34.950323,135.810557,2
mlit:st-8b9c0a51af5f914c,station,南福岡,33.54217,130.460355,2
mlit:st-8b9e0616ff1885a7,station,三木里,34.001475,136.20255,2
mlit:st-8bae9197a6a7f1d6,station,幸田,34.859653,137.164463,2
mlit:st-8baeb3d04679e85a,station,ロイズタウン,43.179714,141.43649,2
mlit:st-8bb1399114594285,station,喜志,34.522645,135.607245,2
mlit:st-8bb446fe04f8670d,station,郡元,31.56321,130.549505,2
mlit:st-8bb612dc5ff8b2aa,station,真駒内,42.99118,141.358545,2
mlit:st-8bb87ccaf2f76f2e,station,洲先,34.709,135.37796,2
mlit:st-8bc9c3a0421a2b28,station,北花田,34.582495,135.516395,2
mlit:st-8bd6e8216eefd646,station,小海,36.088675,138.482885,2
mlit:st-8be2989290c39717,station,鶯巣,35.267433,137.832667,2
mlit:st-8bf47e0585aef385,station,広川ビーチ,34.012815,135.163735,2
mlit:st-8bf91fa936bddc6c,station,茶屋ヶ坂,35.18466,136.962125,2
mlit:st-8bfe0e1411c41082,station,笠師保,37.079505,136.85775,2
mlit:st-8c07a7b6d07e237f,station,神代,33.998775,132.20925,2
mlit:st-8c0d3ace5a8f4811,station,美唄,43.330665,141.86213,2
mlit:st-8c19dddb4840ce54,station,竹岡,35.19759,139.83003,2
mlit:st-8c1a6f84cb1cc229,station,北松本,36.236898,137.9611,2
mlit:st-8c1bd89261ae6ca8,station,上鳥羽口,34.965015,135.75273,2
mlit:st-8c219952ab5aa824,station,鹿又,38.485855,141.283315,2
mlit:st-8c239d90d9e510bc,station,熊取,34.40629,135.341215,2
mlit:st-8c4ec3930e6f87b4,station,伊賀上津,34.68256,136.204305,2
mlit:st-8c508af823eb44e7,station,燕,37.66764,138.928485,2
mlit:st-8c5302387cd1750a,station,八景島,35.340895,139.64083,2
mlit:st-8c5474278042910f,station,仁賀保,39.289797,139.96466,2
mlit:st-8c58b2fa7f0e61d7,station,新田,38.711562,141.119522,2
mlit:st-8c67f7c135225a1a,station,道場南口,34.856135,135.22318,2
mlit:st-8c6ba2b9a658ed9e,station,大曲,39.46586,140.47954,2
mlit:st-8c79a635e42bc4ab,station,舞木,37.4167,140.43531,2
mlit:st-8c7b10bfd951f77e,station,太田部,36.22033,138.487775,2
mlit:st-8c7e7d38a65d241a,station,千綿,33.01307,129.945605,2
mlit:st-8c80eee1384f7be9,station,竈山,34.207225,135.207235,2
mlit:st-8c8504dcf34503e9,station,牛田,34.99928,137.06088,2
mlit:st-8c8ad333e3a64e04,station,駒ヶ岳,42.03879,140.610515,2
mlit:st-8c920db8e196eff4,station,尼崎,34.731855,135.43178,2
mlit:st-8c98c6761d04c90d,station,下吉田,35.497965,138.803765,2
mlit:st-8ca4a84a8c9dcd86,station,市場,34.82431,134.944565,2
mlit:st-8ca5176287cce1be,station,川渡温泉,38.73686,140.7792,2
mlit:st-8ca8f770cfa4468b,station,駒ヶ嶺,37.842367,140.92508,2
mlit:st-8ca904446df2599d,station,青塚,35.198705,136.766935,2
mlit:st-8cbf8d6852ceb430,station,新鎌ヶ谷,35.779808,139.99871,2
mlit:st-8ccb31db74e2f5bf,station,万博記念公園,34.80678,135.53016,2
mlit:st-8cd8a5a0e3ac972a,station,甲斐大島,35.32817,138.45214,2
mlit:st-8cd9b92e21c11e0e,station,守内かさ神,34.170325,132.135305,2
mlit:st-8ce0662c070dc495,station,姫,35.382,137.072115,2
mlit:st-8ce100a9beb9a4cc,station,あざみ野,35.568367,139.553851,2
mlit:st-8ce39fcc6de4c739,station,岩美,35.57417,134.33556,2
mlit:st-8ceb0f44b4fdfd58,station,県,36.290625,139.47236,2
mlit:st-8cef12217dbf2dac,station,西原,34.44333,132.47477,2
mlit:st-8cf79d277376cf13,station,倶知安,42.901685,140.74549,2
mlit:st-8cfc293797803036,station,深堀町,41.78712,140.76991,2
mlit:st-8d066c681e2c537d,station,内牧,32.94214,131.043755,2
mlit:st-8d07e453daf4f088,station,陸中門崎,38.91693,141.25122,2
mlit:st-8d09719da91efbf1,station,女学院前,34.398155,132.464905,2
mlit:st-8d0aa3c276dda880,station,天満町,34.39515,132.44104,2
mlit:st-8d0c300f09296065,station,土気,35.530903,140.26982,2
mlit:st-8d12e2a336bd5fef,station,東高円寺,35.697965,139.658295,2
mlit:st-8d1a1ea8deacef82,station,湯西川温泉,36.929545,139.68861,2
mlit:st-8d1b69cb5f5cf165,station,浜寺駅前,34.541555,135.443525,2
mlit:st-8d1b78e85560f49e,station,木造,40.8024,140.387945,2
mlit:st-8d1df8bb1453aab5,station,小幡,35.20007,136.97556,2
mlit:st-8d250cc44e54271b,station,本竜野,34.862685,134.55534,2
mlit:st-8d2cea300c22deba,station,宮口,34.83045,137.77375,2
mlit:st-8d336434d124bfee,station,鯉川,39.996345,140.07754,2
mlit:st-8d3492af6f23a0bd,station,石鎚山,33.8959,133.15761,2
mlit:st-8d46cbc5a7a96393,station,みなみ子宝温泉,35.627795,136.95066,2
mlit:st-8d5641b135beb187,station,村野,34.80186,135.664195,2
mlit:st-8d59830776978f54,station,北永野田,31.782075,130.87456,2
mlit:st-8d5ac1542e318fdc,station,小波渡,38.692415,139.64968,2
mlit:st-8d5c67283765512b,station,馬下,37.737577,139.260373,2
mlit:st-8d6346d9882acb58,station,安治川口,34.673385,135.44387,2
mlit:st-8d768f64c120ed4d,station,乙川,34.903357,136.94155,2
mlit:st-8d7a42f77623dbab,station,石橋,36.43624,139.86651,2
mlit:st-8d8435743b882104,station,上石見,35.112485,133.351605,2
mlit:st-8d871b1cb1b7efab,station,蛍池,34.794332,135.449321,2
mlit:st-8d87350407f5e9a9,station,南阿佐ヶ谷,35.699455,139.635575,2
mlit:st-8d942fab6955e761,station,志染,34.782485,135.00759,2
mlit:st-8da1173339e96b0e,station,六軒,35.401075,136.861575,2
mlit:st-8da4ccaa0a8e1f4c,station,久住,35.832185,140.33887,2
mlit:st-8db319f1c7a0e542,station,下深川,34.488715,132.524665,2
mlit:st-8dba32f5dab7f686,station,備後三日市,34.855095,132.99832,2
mlit:st-8dc494eb0ef8cad4,station,南林間,35.4956,139.448005,2
mlit:st-8dc61a4fa0bd3070,station,千城台,35.622355,140.188545,2
mlit:st-8dd8d0c5ebe16676,station,大牟田,33.02977,130.443768,2
mlit:st-8ddbf625924d4c48,station,小柳,40.81792,140.797657,2
mlit:st-8ded6cc673a0395e,station,上石神井,35.726195,139.59229,2
mlit:st-8def6d3a9d2796aa,station,八浜,34.532085,133.919515,2
mlit:st-8df5dc18b60a0199,station,中ノ沢,42.47794,140.346115,2
mlit:st-8e00c858ab2ad7ff,station,大久保,35.700635,139.697445,2
mlit:st-8e0ef19cd2e40d60,station,不破一色,35.332965,136.72191,2
mlit:st-8e1744394957119b,station,市城,36.57058,138.882387,2
mlit:st-8e1a934f8baf8a02,station,両国,35.696287,139.795388,2
mlit:st-8e2213edf1d4d48b,station,鴬の森,34.847745,135.418845,2
mlit:st-8e26981a965f8150,station,浦山口,35.96392,139.05814,2
mlit:st-8e2b8bdb30ee2182,station,新井口,34.375265,132.39124,2
mlit:st-8e35f2c9069214dc,station,為栗,35.311754,137.848576,2
mlit:st-8e3cf1a270e809ae,station,塩町,34.774235,132.91344,2
mlit:st-8e458afbce52ef16,station,鴨部,33.552085,133.496575,2
mlit:st-8e578d92070b7b40,station,下夜久野,35.3199,134.99883,2
mlit:st-8e5e281597441a8e,station,袋町,34.391105,132.456305,2
mlit:st-8e640e4672151869,station,福吉,33.501645,130.080425,2
mlit:st-8e66653f549227a3,station,宮ヶ浜,31.27714,130.619715,2
mlit:st-8e66dd606aa0781d,station,肥前七浦,33.07087,130.14526,2
mlit:st-8e6714249b71337b,station,長後,35.41225,139.465325,2
mlit:st-8e6c8e32405c04d8,station,地蔵橋,34.026475,134.547265,2
mlit:st-8e7b6d4ab06df423,station,南港東,34.6138,135.43832,2
mlit:st-8e7e6f4289bc17a6,station,天見,34.397625,135.595555,2
mlit:st-8e8feb248bd24313,station,浦幌,42.81043,143.651485,2
mlit:st-8e9352dbb0846779,station,南大塚,35.889695,139.45419,2
mlit:st-8e97c9bb7544e62d,station,再春医療センター前,32.880286,130.747934,2
mlit:st-8e9bd5a8ab035bcd,station,神前,34.282845,134.20892,2
mlit:st-8ea8b56fcc0dcf6f,station,前谷地,38.51209,141.194385,2
mlit:st-8eab2e74b4abf7b0,station,千旦,34.24165,135.245665,2
mlit:st-8eca6895623f7983,station,観月橋,34.92815,135.768955,2
mlit:st-8ecb0d8edfa0a9e5,station,草道,31.85441,130.23353,2
mlit:st-8edd34edb866ad7c,station,西衣山,33.85038,132.73401,2
mlit:st-8edfd665390afe09,station,名島,33.642515,130.431695,2
mlit:st-8ee989356440b1a5,station,新清水,35.017025,138.48747,2
mlit:st-8ef22192f60ea2b1,station,水城,33.517807,130.490203,2
mlit:st-8ef743f79fa46bbe,station,日羽,34.71563,133.690015,2
mlit:st-8efc5f5cd7e4c4e7,station,上桂,34.990025,135.69621,2
mlit:st-8effe9111dceaece,station,新正,34.956383,136.61843,2
mlit:st-8f01eb655206360c,station,福間,33.763755,130.48721,2
mlit:st-8f04318ac2d01729,station,新秋津,35.77831,139.493755,2
mlit:st-8f06ab820caba093,station,三河一宮,34.847947,137.414603,2
mlit:st-8f0719b630b427a4,station,木野山,34.825715,133.61435,2
mlit:st-8f099008cd70adec,station,浜川崎,35.510022,139.713657,2
mlit:st-8f13c3dd874d33ad,station,荻窪,35.704302,139.620002,2
mlit:st-8f17880e539b2bc8,station,甲州街道,35.67825,139.409155,2
mlit:st-8f1c650f892ea099,station,牧野,34.843773,135.665503,2
mlit:st-8f1f58da5910fac5,station,東青森,40.81052,140.78337,2
mlit:st-8f25a56f83c4e9e6,station,志布志,31.47314,131.09853,2
mlit:st-8f2c9039f061816f,station,幡屋,35.33468,132.939315,2
mlit:st-8f32b504387b40c4,station,弘前学院大前,40.58337,140.47066,2
mlit:st-8f3acde1a39c563e,station,問寒別,44.91232,142.025585,2
mlit:st-8f4b4258695abeec,station,野中,33.21171,129.708465,2
mlit:st-8f4ba6f019f3e428,station,下灘,33.65509,132.58914,2
mlit:st-8f54c83a69b1a7ef,station,加斗,35.480705,135.66618,2
mlit:st-8f556c500f716f25,station,上ノ太子,34.532945,135.63765,2
mlit:st-8f5bac4fd9e74ed0,station,八幡前,35.06617,135.792445,2
mlit:st-8f648f2cc798148c,station,三島広小路,35.119345,138.911215,2
mlit:st-8f709458bdb4337a,station,小佐越,36.80224,139.7065,2
mlit:st-8f787a56a9934068,station,柳生,36.20659,139.659955,2
mlit:st-8f7affa18b544674,station,仁木,43.154097,140.77082,2
mlit:st-8f7f186d6c18e9ee,station,東小泉,36.259715,139.42856,2
mlit:st-8f800977be96c168,station,家山,34.940075,138.07777,2
mlit:st-8f862156edb0c102,station,浜河内,33.95053,131.17959,2
mlit:st-8f8e4b0924c71751,station,日生中央,34.90639,135.393076,2
mlit:st-8f9083bbd6f6d8e4,station,嘉川,34.0665,131.37054,2
mlit:st-8f9b46032c3bfd0c,station,静間,35.195415,132.46804,2
mlit:st-8f9d99ac88744633,station,京成幕張本郷,35.67292,140.041675,2
mlit:st-8fa0dfd2694c7523,station,会津蒲生,37.381795,139.33333,2
mlit:st-8fa3855d9fc12d7a,station,四所,35.446193,135.290402,2
mlit:st-8fa9b28fe864bb22,station,挿頭丘,34.261995,133.97938,2
mlit:st-8fabaf1576dcfa03,station,萩浦小学校前,36.74804,137.228363,2
mlit:st-8facc8921914dcaa,station,富士山下,36.413995,139.315845,2
mlit:st-8fafd48a8657b76a,station,千歳船橋,35.647675,139.62453,2
mlit:st-8fbb8614e640911d,station,伊豆多賀,35.059483,139.06691,2
mlit:st-8fbe6417db4fc7bc,station,福俵,35.546165,140.341875,2
mlit:st-8fbe753864393831,station,矢作橋,34.961065,137.13997,2
mlit:st-8fcd2c8083f0b3a1,station,野蒜,38.378896,141.156575,2
mlit:st-8fd1b65e3fa12241,station,韮川,36.308224,139.402512,2
mlit:st-8fe0dc18ff220718,station,天拝山,33.48161,130.53058,2
mlit:st-8fe77bf28b689157,station,竜王,35.668675,138.51935,2
mlit:st-8fe9d326a146d8c1,station,星ヶ丘,34.807595,135.659825,2
mlit:st-90050ef1815df7aa,station,代々木公園,35.669123,139.68965,2
mlit:st-9005242da35e23db,station,生山,35.170705,133.321915,2
mlit:st-90105ae6bb8e805a,station,前橋,36.38347,139.07337,2
mlit:st-901f83015cf2b281,station,大磯,35.3115,139.31334,2
mlit:st-9039e5792ea5bbdb,station,新千葉,35.612465,140.108625,2
mlit:st-903d7678a5b81a9a,station,大戸瀬,40.759495,140.033765,2
mlit:st-9040d97caa99237f,station,志和口,34.55437,132.65815,2
mlit:st-90432fc77dd23670,station,味坂,33.35296,130.540595,2
mlit:st-9045601d95274988,station,大島,35.689766,139.834384,2
mlit:st-904840c4a7e43981,station,松ヶ崎,35.051592,135.776318,2
mlit:st-9048e9a3434efac8,station,抜里,34.953297,138.08773,2
mlit:st-905053e7a0cf05aa,station,神尾,34.883033,138.101733,2
mlit:st-9058021b764285be,station,和歌山市,34.236225,135.165893,2
mlit:st-905dd2cae19318a3,station,みなとみらい,35.457675,139.63246,2
mlit:st-9063b9c08268f457,station,稲戸井,35.92612,140.02269,2
mlit:st-9064d785bcb616d0,station,桑名川,36.975893,138.45797,2
mlit:st-9066b0bfd1be30db,station,延岡,32.589962,131.672528,2
mlit:st-9072133ec27e2a3b,station,神鉄六甲,34.78525,135.206165,2
mlit:st-907b5b5ca3458d7b,station,陶磁資料館南,35.17924,137.09705,2
mlit:st-9082e85108d4707e,station,川和町,35.528445,139.548975,2
mlit:st-909f64aa47ba7ce0,station,英賀保,34.813365,134.644775,2
mlit:st-90a0c0f794475d8d,station,恵庭,42.883105,141.58632,2
mlit:st-90b276cd677edcce,station,鮫,40.530255,141.554998,2
mlit:st-90b2bbf8eada2a88,station,初野,44.51281,142.33617,2
mlit:st-90b472c33e87284b,station,勾金,33.65166,130.84203,2
mlit:st-90be4e023c84dacb,station,畝傍御陵前,34.49277,135.794235,2
mlit:st-90c006ee775c940a,station,糒,33.664805,130.79917,2
mlit:st-90c7c15844e24455,station,玄武洞,35.588607,134.799337,2
mlit:st-90ddd0442061c08c,station,三沢,40.669917,141.353592,2
mlit:st-90e0a399c3e6c63d,station,阿波半田,34.04099,134.036247,2
mlit:st-90e8b5e1660a936e,station,根岸,35.41586,139.636095,2
mlit:st-90ec70fdff5c5393,station,京王多摩川,35.643942,139.536163,2
mlit:st-90fb92e4c013dac5,station,芦川,35.563075,138.511255,2
mlit:st-90fe5d160093411d,station,守山,35.050938,135.996464,2
mlit:st-91013ee9a4ff1dab,station,電車事業所前,43.03066,141.3377,2
mlit:st-910333b7d7c6f12a,station,八坂,35.74489,139.46775,2
mlit:st-9106c19c0b9cc975,station,新川,43.098575,141.323735,2
mlit:st-910f23066d0fcfbe,station,川井,35.813766,139.164306,2
mlit:st-91130cdb8cff9fed,station,藤が丘,35.5434,139.52758,2
mlit:st-91177eaafa245d02,station,美作千代,35.05849,133.906035,2
mlit:st-911d941796ff5351,station,田尻,38.59627,141.059035,2
mlit:st-912132d1fa95bfe9,station,花隈,34.686465,135.181245,2
mlit:st-912340a20d5e1610,station,日代,33.06613,131.91869,2
mlit:st-9126743ac564f042,station,中間,33.82776,130.709355,2
mlit:st-91270823a2a07ed0,station,信貴山下,34.600905,135.695175,2
mlit:st-913a88c2f56e0f7f,station,本郷,35.175325,137.01359,2
mlit:st-913b0567b702e580,station,朝倉,33.551149,133.48699,2
mlit:st-914893d07432002b,station,新小平,35.730943,139.470507,2
mlit:st-914b84d36a732bdb,station,東海神,35.70596,139.980555,2
mlit:st-91558e25ad30cbb6,station,北長岡,37.468825,138.86242,2
mlit:st-915cf3c3f369d369,station,県庁通り,34.662675,133.930505,2
mlit:st-9169a32de1a48820,station,烏山,36.65041,140.1551,2
mlit:st-916a6874ad45237b,station,競馬場前,41.78455,140.775635,2
mlit:st-916bace016ef3609,station,八千代緑が丘,35.72894,140.073205,2
mlit:st-916e131b31fa0d9b,station,高鍋,32.122655,131.533935,2
mlit:st-91771c6f3bf98edd,station,萱町六丁目,33.85178,132.75622,2
mlit:st-9188a1e79ac78fee,station,深江,34.72257,135.29145,2
mlit:st-918c7bb8a7b64aa4,station,本郷台,35.367855,139.550115,2
mlit:st-9198e3d5819e562e,station,築地市場,35.66496,139.76675,2
mlit:st-919edfeab8b48c79,station,佐原,35.89493,140.49377,2
mlit:st-91a773e8fbf072ea,station,飛山城跡,36.54834,139.963416,2
mlit:st-91b1032e43c0ecc0,station,川根小山,35.141725,138.14104,2
mlit:st-91c4da94b625f584,station,西大路,34.98099,135.731493,2
mlit:st-91c60cf60d249a91,station,一武,32.21456,130.83994,2
mlit:st-91cc7314c06fbd39,station,筑前庄内,33.616345,130.73865,2
mlit:st-91cd311ba06a3f13,station,東金井,38.27693,140.30277,2
mlit:st-91e07da9cc98b47d,station,弥彦,37.699195,138.83178,2
mlit:st-91eeb42e3f607d33,station,東野尻,36.61864,136.94351,2
mlit:st-91f140393c0b39f1,station,池上,35.571945,139.702842,2
mlit:st-91fc2e30cbb426b4,station,津守,34.647085,135.483235,2
mlit:st-92023c02f57f7441,station,金剛,34.495245,135.559425,2
mlit:st-920fba21ad05bf55,station,滝の茶屋,34.631235,135.07292,2
mlit:st-922515f11e650204,station,文の里,34.63583,135.518285,2
mlit:st-922bb1408f9c3141,station,原,34.326515,134.16367,2
mlit:st-923c99265483c24b,station,新大工町,32.7522,129.88644,2
mlit:st-9243815467d38ac9,station,下小代,36.651115,139.713948,2
mlit:st-924b05a1c02392d8,station,中根,36.367452,140.562095,2
mlit:st-924c638350b01ab2,station,北山田,33.28202,131.100925,2
mlit:st-924ffe407e88d099,station,北海道医療大学,43.2311,141.55014,2
mlit:st-92541448b71b1003,station,春日野道,34.701344,135.206839,2
mlit:st-926e3bda98cefcbc,station,尼ヶ辻,34.681105,135.783525,2
mlit:st-927cd94fd91099f5,station,長島,35.09817,136.695655,2
mlit:st-92837cae6fce8b6c,station,八鹿,35.414555,134.781705,2
mlit:st-9289ca6fa1ae2434,station,日向和田,35.788645,139.229535,2
mlit:st-929696a56f080868,station,江口,34.037145,133.973685,2
mlit:st-929bc6ce8506accc,station,さっぽろ,43.06605,141.352275,2
mlit:st-92a1e9f4755c5a78,station,新丸子,35.58046,139.66194,2
mlit:st-92a7833612215bae,station,高松,34.35056,134.045335,2
mlit:st-92aecf091fe9f12a,station,高橋,33.208095,130.042375,2
mlit:st-92bb3e380bac88b2,station,空港第2ビル,35.77296,140.38761,2
mlit:st-92bcdac5f35e4bac,station,ゆいの杜東,36.567628,139.997775,2
mlit:st-92cf44ded54c29a7,station,馬流,36.10184,138.485985,2
mlit:st-92d404d98f8e877f,station,東日本橋,35.69171,139.784779,2
mlit:st-92d46bf43f2caf51,station,藤森,34.95688,135.77022,2
mlit:st-92d5db991c4b9d19,station,新井,37.026735,138.25563,2
mlit:st-92d6a9b62d048d78,station,井の頭公園,35.697295,139.58312,2
mlit:st-92d7760780f55950,station,青物横丁,35.60919,139.743135,2
mlit:st-92ddd65a43de3956,station,新須屋,32.85387,130.732388,2
mlit:st-92ebbb7ed0900e95,station,長島ダム,35.168935,138.157135,2
mlit:st-92ec59a5b2f6ae7c,station,光の森,32.85742,130.786035,2
mlit:st-92ef1a32de2c43d5,station,宮原,35.94053,139.60952,2
mlit:st-92f19bca66e7be55,station,長者町,35.29626,140.38481,2
mlit:st-92f62f63129239db,station,千代ヶ岡,43.643745,142.451115,2
mlit:st-93005f02e64ad082,station,運動公園,31.81969,131.44249,2
mlit:st-9308500b86c087b8,station,豊幌,43.136485,141.624765,2
mlit:st-930b0c9703f434e3,station,轟,36.08684,136.3611,2
mlit:st-931254a5e1355c53,station,桜新町,35.6317,139.645367,2
mlit:st-931cecddc4500809,station,千曳,40.804703,141.152807,2
mlit:st-93200b25df7c3f57,station,三ツ松,34.411035,135.38342,2
mlit:st-932c50f6f55c3cf2,station,春日川,34.34101,134.08383,2
mlit:st-932cb1a03bb83588,station,陸中山田,39.46359,141.9513,2
mlit:st-932d8b09c722b765,station,漆山,38.31433,140.347667,2
mlit:st-93449799491d3510,station,立木,35.27428,135.33725,2
mlit:st-9352d76b0af3f9d0,station,西笠松,35.368825,136.75777,2
mlit:st-935f966f444cd436,station,箱崎,33.618025,130.42655,2
mlit:st-9363e309fdc5c1fc,station,横尾,34.521487,133.36332,2
mlit:st-937051b4a8a1b741,station,おりはた,38.066455,140.122465,2
mlit:st-937b8818bbd5d249,station,流山,35.8558,139.90183,2
mlit:st-937befe42b244602,station,恵那,35.45509,137.407795,2
mlit:st-938761289bc76275,station,ふるさと公園,37.24327,139.859025,2
mlit:st-9389971b24d09990,station,伊予宮野下,33.288805,132.605855,2
mlit:st-938a6556ec3671bd,station,伊予平野,33.49561,132.518115,2
mlit:st-93950a5c9af1f7b2,station,安和,33.367057,133.259043,2
mlit:st-939a529b147afeaa,station,市塙,36.53812,140.110195,2
mlit:st-939c08fc264e6815,station,押部谷,34.756577,135.03939,2
mlit:st-939cf913054d5679,station,福島町,34.39483,132.43406,2
mlit:st-93a16df805744b65,station,古市,35.02196,135.15495,2
mlit:st-93a18931a099b4ea,station,山東,34.205765,135.262185,2
mlit:st-93acbdac490eb3ab,station,向原,35.728765,139.724805,2
mlit:st-93adf1462c433582,station,泊,34.940405,136.598475,2
mlit:st-93b1670e36bb0910,station,日向大束,31.510605,131.248725,2
mlit:st-93b4a3e4e735cedd,station,新井薬師前,35.715802,139.672497,2
mlit:st-93b97ea5e4f8a51f,station,中松江,34.24873,135.13295,2
mlit:st-93bba4b82f5a46a6,station,西堀端,33.8403,132.758085,2
mlit:st-93bc2f4de8cd63c8,station,坪尻,34.053865,133.82388,2
mlit:st-93bf906a23536506,station,羽沢横浜国大,35.481229,139.586135,2
mlit:st-93d8659ad3082382,station,新金谷,34.82574,138.13765,2
mlit:st-93db7def352e9257,station,高鷲,34.57149,135.584515,2
mlit:st-93dc6ca399413b7d,station,小野屋,33.185165,131.452605,2
mlit:st-93e4bae0d687edc2,station,大多喜,35.286535,140.24384,2
mlit:st-93ea5324336345b9,station,横山,34.87702,135.22007,2
mlit:st-93eacbd003b9dbd5,station,本川越,35.913675,139.48113,2
mlit:st-93efaef581f7c2b1,station,田井ノ浜,33.77281,134.58417,2
mlit:st-93f0b7aae179a4f3,station,西桑名,35.06539,136.683795,2
mlit:st-93f95d274cbbcfba,station,二木島,33.939405,136.18083,2
mlit:st-93fe01665003f462,station,金浦,39.256267,139.920767,2
mlit:st-94011d026bfddab7,station,築地,35.667985,139.772548,2
mlit:st-940646ca5215af45,station,産業振興センター,35.353425,139.646325,2
mlit:st-94099c0915408314,station,姶良,31.715245,130.623235,2
mlit:st-9414e9cf37a0ca81,station,能登川,35.179955,136.166015,2
mlit:st-94155cbdb9a9e722,station,千代川,35.04844,135.54842,2
mlit:st-9431071c1ab2c9ff,station,三河塩津,34.825427,137.201503,2
mlit:st-943d3935a4c1e7e0,station,駒沢大学,35.633035,139.660965,2
mlit:st-94415c2b7ba3d4e9,station,一戸,40.210374,141.297388,2
mlit:st-944caa9180be2a4b,station,みどり台,35.625295,140.097325,2
mlit:st-945085bea4af65a9,station,中畑,34.582305,133.193065,2
mlit:st-94525da808151fd0,station,栗山,43.05816,141.7756,2
mlit:st-94635489db1e95ad,station,新中野,35.697475,139.66951,2
mlit:st-9465f40e773607ba,station,西鉄渡瀬,33.086717,130.458803,2
mlit:st-9466138c6a305b40,station,大岩,35.56685,134.308565,2
mlit:st-946bcfbe847c9a2f,station,新長田,34.657706,135.145564,2
mlit:st-947d5d78dfb7e24d,station,吉野町,35.43539,139.618567,2
mlit:st-948495782bea68ff,station,中伏木,36.78794,137.06148,2
mlit:st-948a77c28fa6ccc6,station,安芸,33.5048,133.906435,2
mlit:st-948a89ffc819ca7f,station,大川野,33.3074,129.976665,2
mlit:st-948fd22e33485807,station,釜淵,38.93299,140.26398,2
mlit:st-94af309a9ac4ecfa,station,有田,33.18374,129.88186,2
mlit:st-94b6b23265f7de85,station,中村橋,35.73667,139.63717,2
mlit:st-94ccc67487f219d2,station,岩手上郷,39.284555,141.58584,2
mlit:st-94d9580a021041b0,station,吉野口,34.420885,135.750575,2
mlit:st-94dd2a916c2321e3,station,二上山,34.538677,135.686577,2
mlit:st-94dd8c99832d02ea,station,我孫子道,34.600285,135.48875,2
mlit:st-94dea18ef3019b91,station,池田,34.8216,135.42563,2
mlit:st-94e59209eb4c0e3f,station,北品川,35.622426,139.73931,2
mlit:st-94f1b8613929eaae,station,広電廿日市,34.356975,132.33647,2
mlit:st-95072edf68e3affe,station,福井口,36.071495,136.2334,2
mlit:st-950906b3bc321078,station,市役所前,33.83995,132.764625,2
mlit:st-95200ff4042e1a9e,station,栗林,34.33233,134.053387,2
mlit:st-95227ed94f6665bb,station,富士見町,35.4346,133.336695,2
mlit:st-9527a783b958552c,station,愛宕,35.950615,139.864625,2
mlit:st-95345daf0d72492d,station,西塩釜,38.311955,141.01837,2
mlit:st-953c694d0d8b3b26,station,北伊丹,34.801147,135.419487,2
mlit:st-954b94e80d473bda,station,東鷲宮,36.089635,139.679695,2
mlit:st-954e21fa2b74de0a,station,下市田,35.544157,137.87634,2
mlit:st-9557980b07ddb8bc,station,善通寺,34.229965,133.78927,2
mlit:st-955ace053737ea3c,station,錦糸町,35.697218,139.814787,2
mlit:st-956b16ac6f901f6c,station,柏の葉キャンパス,35.893315,139.952525,2
mlit:st-958fdb6143a8e79e,station,国縫,42.43871,140.320455,2
mlit:st-9593704020b8fd68,station,前沢,39.049242,141.126248,2
mlit:st-9597aa02b44b8794,station,松塚,34.52059,135.761195,2
mlit:st-95997dbee8c62ed8,station,上牧,34.872035,135.6617,2
mlit:st-95a18d5892551439,station,余子,35.52128,133.236555,2
mlit:st-95b1fea0e6132664,station,岸里玉出,34.628395,135.495215,2
mlit:st-95b920ff244e5469,station,藤沢本町,35.34821,139.47584,2
mlit:st-95bd4fc4c6df61ff,station,保田,36.06992,136.451653,2
mlit:st-95c01449a350060a,station,五反野,35.765905,139.80963,2
mlit:st-95c5404b92286775,station,元山上口,34.640605,135.700795,2
mlit:st-95cd024e277029c3,station,緑が丘,35.606475,139.67915,2
mlit:st-95dcc24d665b4be7,station,北伊予,33.787335,132.748795,2
mlit:st-95dec38950f07f7e,station,いこいの村,32.936555,131.09443,2
mlit:st-95e42da2a538421a,station,天童,38.360057,140.36943,2
mlit:st-95ef1796d0ce7829,station,内野西が丘,37.84614,138.926725,2
mlit:st-95fce1ae7fd2f418,station,金沢文庫,35.343263,139.621777,2
mlit:st-95ff81c48db8b8c5,station,北新地,34.69837,135.497103,2
mlit:st-9608d187808abcbe,station,松尾,35.636355,140.458075,2
mlit:st-960bf792548a055a,station,末広,40.229895,140.73732,2
mlit:st-9612f8b4e678d181,station,養老,35.286769,136.556841,2
mlit:st-9612f93c460a5acc,station,府中競馬正門前,35.668355,139.485165,2
mlit:st-9613f83e885ffc4b,station,立川北,35.699525,139.412665,2
mlit:st-9615ba2b1ac0bf88,station,武蔵引田,35.72969,139.270085,2
mlit:st-96221696f2600d17,station,川辺宿,34.63241,133.71502,2
mlit:st-9623da65d312f384,station,薬師堂,39.36808,140.048845,2
mlit:st-962403143c16ac91,station,五十鈴川,34.476435,136.7273,2
mlit:st-9625d7625c27a44b,station,掛澗,42.119247,140.64611,2
mlit:st-9640ac075a3a6a23,station,東山公園,35.43077,133.35182,2
mlit:st-96415096d36b29d6,station,大佐倉,35.72993,140.25072,2
mlit:st-9641a5690834fcc0,station,梶が谷,35.593785,139.605717,2
mlit:st-96454018d6f527ff,station,飯田,35.51972,137.821265,2
mlit:st-96476817e43785d3,station,烏森,35.152815,136.86381,2
mlit:st-965223dd0de4d7ed,station,五稜郭,41.803525,140.73356,2
mlit:st-965f6367b90ae106,station,海浦,32.32797,130.48869,2
mlit:st-9677ebab0b207e5c,station,すすきの,43.055473,141.352942,2
mlit:st-967d600aefeca338,station,大野台,40.186915,140.340605,2
mlit:st-96851df246b45e86,station,文化の森,34.044375,134.543325,2
mlit:st-9692fcf9df58153f,station,俵田,35.314625,140.061415,2
mlit:st-969584e4b96563de,station,大濠公園,33.589955,130.379615,2
mlit:st-96989e19b323a973,station,新木,33.562235,133.58672,2
mlit:st-96a4d26240c60f72,station,近鉄下田,34.541395,135.70438,2
mlit:st-96a551d2981a25e7,station,伊上,34.37034,131.01133,2
mlit:st-96bb4c695bf15812,station,尾白内,42.111215,140.613425,2
mlit:st-96bfb80a4ad58c3a,station,十条,34.973995,135.75246,2
mlit:st-96d126a74645b9e0,station,中山平温泉,38.72652,140.66802,2
mlit:st-96dacbb2de11446a,station,銀山町,34.393163,132.467233,2
mlit:st-96def3fa5dfb85d5,station,萩原,33.86114,130.74917,2
mlit:st-96e5dfa7e9f03017,station,今川河童,33.703045,130.965585,2
mlit:st-96e7f37e18863fd7,station,五十猛,35.19281,132.440935,2
mlit:st-96e8df761d894d40,station,甲奴,34.70364,133.081265,2
mlit:st-96ed2fa9040612f7,station,木花,31.83111,131.437035,2
mlit:st-96f0b2b74ee092d0,station,飛騨国府,36.21112,137.21577,2
mlit:st-970363ea09135efb,station,東新潟,37.908785,139.108655,2
mlit:st-9709712657edd970,station,藤崎宮前,32.80901,130.71325,2
mlit:st-970ed274fe870377,station,備後庄原,34.862355,133.01621,2
mlit:st-9716c26c02c1bb1a,station,広戸,40.67462,139.955715,2
mlit:st-971c1fccccb9bbf3,station,向島,34.914725,135.76977,2
mlit:st-9721a65485e91760,station,半田,34.89411,136.93043,2
mlit:st-9727ac7c0a01343e,station,緋牛内,43.8805,143.999705,2
mlit:st-972ec74257368951,station,白沢,34.95508,136.91538,2
mlit:st-972ee9cc7211f41f,station,稲荷町,35.711403,139.78212,2
mlit:st-9731a84d91973a2d,station,武蔵境,35.702,139.54391,2
mlit:st-97349a17fc37fc85,station,上小田井,35.2233,136.877015,2
mlit:st-974f2f788bc6a12c,station,熱田神宮伝馬町,35.120875,136.91044,2
mlit:st-97500047cce2e5cf,station,江木,36.4072,139.133395,2
mlit:st-97560b31583103aa,station,白滝,43.88447,143.180817,2
mlit:st-975f51b5ee3387a7,station,寺内,36.4109,139.980115,2
mlit:st-976a54250110a08b,station,新富町,35.670457,139.773773,2
mlit:st-976cad15becd9750,station,藤江,34.663395,134.947595,2
mlit:st-9772fc049fdf74da,station,お台場海浜公園,35.629805,139.77853,2
mlit:st-977735b1881d3563,station,西神楽,43.68224,142.39366,2
mlit:st-97822ea55f411d32,station,天神川,34.389755,132.49747,2
mlit:st-97867ae5258d18b2,station,西添田,33.573375,130.84715,2
mlit:st-97871d4be5c9bb71,station,額田,34.675195,135.651115,2
mlit:st-9789c86bdcc3feaa,station,舞岡,35.402535,139.551265,2
mlit:st-9790d8edbe6c8c4f,station,鶴崎,33.242815,131.686925,2
mlit:st-979238c796c3d4f3,station,高野,35.080475,134.065945,2
mlit:st-979545e5858ee462,station,高井田中央,34.678827,135.572395,2
mlit:st-9795d8b9e67d3b72,station,陸中大橋,39.280435,141.718515,2
mlit:st-979bd0d436b4c52c,station,蒲池,34.915275,136.825655,2
mlit:st-97adc89169afddc4,station,姫路,34.82705,134.690689,2
mlit:st-97b2116314c3ad9d,station,横川,36.33597,138.7379,2
mlit:st-97ba6bf22ae1d701,station,府中,34.074285,134.48298,2
mlit:st-97ca4a0ab171010f,station,西院,35.003383,135.733119,2
mlit:st-97e4ac6ed923c5f5,station,江見,35.0625,140.06114,2
mlit:st-97e8b6345ff67065,station,八日市場,35.699295,140.552395,2
mlit:st-97f22031358346c3,station,京成金町,35.76845,139.87035,2
mlit:st-97fb5368b73c6eac,station,社台,42.579055,141.41778,2
mlit:st-97fd242406be4dae,station,関目,34.712625,135.546985,2
mlit:st-98099721f7d17bbd,station,巌根,35.414785,139.933805,2
mlit:st-980d0f2a1d4234ff,station,伊東,34.974835,139.092105,2
mlit:st-98223716c9106b33,station,呼人,43.963785,144.218955,2
mlit:st-982b89696e8ade40,station,宮ノ越,35.888478,137.763934,2
mlit:st-9835ef5959602296,station,津南,37.023502,138.63938,2
mlit:st-983afa3cfd46cc99,station,磯分内,43.37953,144.554175,2
mlit:st-9841c15a3f8ab3b3,station,北久米,33.81927,132.798685,2
mlit:st-9858e0e1ab8f52e2,station,参宮橋,35.678605,139.693585,2
mlit:st-9861109e3853a720,station,西鷹巣,40.22478,140.357985,2
mlit:st-9862d9d43f8b184f,station,余目,38.844365,139.911315,2
mlit:st-98718cbed8065eb7,station,土合,36.829887,138.962265,2
mlit:st-987292f2376c7777,station,北金ヶ沢,40.746115,140.09508,2
mlit:st-987461dc07ed7a0c,station,市岡,34.96625,133.346585,2
mlit:st-987970baf5356f84,station,浦和,35.858565,139.657145,2
mlit:st-987d5f8795cffa83,station,東滑川,36.787975,137.37786,2
mlit:st-988f76722f37ee81,station,富貴,34.829325,136.916765,2
mlit:st-98935c6f3cd19fc6,station,笠幡,35.90758,139.40626,2
mlit:st-9894314c533598e4,station,竹下,33.56864,130.431655,2
mlit:st-98a362ec1712e764,station,弁天町,34.669258,135.46203,2
mlit:st-98b0bf9a3c82a845,station,土佐穴内,33.77926,133.69609,2
mlit:st-98c5deab4697e51e,station,大平台,35.239065,139.07386,2
mlit:st-98c837a4ad9b4e12,station,鈴鹿市,34.88391,136.58279,2
mlit:st-98ca4778dc66eaf1,station,原谷,34.808465,137.954985,2
mlit:st-98d3241d7555efc2,station,二郎,34.84884,135.22697,2
mlit:st-98d701ccb4408f05,station,勝田台,35.71539,140.126045,2
mlit:st-98d886e4ea368035,station,柳瀬,34.257375,131.976795,2
mlit:st-98e0221e15eaeebe,station,新馬場,35.616662,139.741498,2
mlit:st-98e291d33eb07837,station,信濃森上,36.71098,137.871835,2
mlit:st-98eab181870f5926,station,検見川浜,35.63717,140.059085,2
mlit:st-98eb14adb9d5985f,station,会津柳津,37.538675,139.723875,2
mlit:st-98ef32b63a402b22,station,榴ヶ岡,38.25875,140.8938,2
mlit:st-98ef6dc1455b2555,station,桶川,35.998435,139.564215,2
mlit:st-98f61a4c7e2ffe05,station,日向北方,31.48305,131.24311,2
mlit:st-98fd4402624a6999,station,谷峨,35.36647,139.038347,2
mlit:st-98fff2ebdebce758,station,府中,35.67219,139.4801,2
mlit:st-9915b37c20fe6b8c,station,相生,35.715085,136.95051,2
mlit:st-99238de5a65e58da,station,成城学園前,35.640135,139.59908,2
mlit:st-992a10787a782bce,station,会津大塩,37.39279,139.413153,2
mlit:st-992cfaa574d3f12d,station,安城,34.96044,137.08642,2
mlit:st-992f80ac3f8ca2ec,station,山家,35.29375,135.318545,2
mlit:st-9935b28f80299993,station,北野,33.34538,130.582767,2
mlit:st-9939edcb2cc6a82c,station,蒔田,35.43031,139.61053,2
mlit:st-994d765c792c8249,station,禅昌寺,35.849137,137.225213,2
mlit:st-9954e10071153833,station,兜,37.895392,140.64652,2
mlit:st-995755ef902a6fc2,station,高崎新田,31.875885,131.06265,2
mlit:st-9958cf1989e08923,station,三郷中央,35.824485,139.87837,2
mlit:st-996392a0d8fdd916,station,和渕,38.525885,141.220465,2
mlit:st-9963c64b8a8fb348,station,北12条,43.0747,141.348495,2
mlit:st-996cb2e6d77955df,station,駒ヶ谷,34.545693,135.622077,2
mlit:st-996dbf11ad2528bf,station,屋代,36.532422,138.1282,2
mlit:st-996ef6422d1ca312,station,美作落合,35.02336,133.760245,2
mlit:st-9972acab2e88bf93,station,善師野,35.3898,136.980055,2
mlit:st-9979abce231a7f15,station,伊予白滝,33.57844,132.526535,2
mlit:st-997c3548d86fc801,station,本吉原,35.16197,138.69281,2
mlit:st-9985461ef976c819,station,坊城,34.49346,135.765155,2
mlit:st-998f454c3f524c39,station,天王町,35.45401,139.60253,2
mlit:st-999135ea27fc77d6,station,ししぶ,33.720925,130.457335,2
mlit:st-99a3a19e9dd9ac62,station,若松,33.900325,130.80519,2
mlit:st-99a94cbd7e3e1fb1,station,三宅八幡,35.062375,135.79619,2
mlit:st-99aa4831bfeecd92,station,天橋立,35.557375,135.182875,2
mlit:st-99aed8ef70c1e2a5,station,帯広,42.91807,143.202105,2
mlit:st-99b07cc53810ee89,station,赤羽橋,35.65497,139.744195,2
mlit:st-99b3d23c954cf6d7,station,後免町,33.574505,133.650747,2
mlit:st-99b41d106f1fdb45,station,和田岬,34.657717,135.174905,2
mlit:st-99caa3dba0d46ae2,station,新町,36.273002,139.105536,2
mlit:st-99d5b4eb661fce7d,station,新大平下,36.33897,139.701865,2
mlit:st-99dcf60634d8bdde,station,藤沢,35.33822,139.487007,2
mlit:st-99e22ce4299bcd8a,station,清川口,41.82463,140.652975,2
mlit:st-99e695cda16592b8,station,植松,34.55081,133.828005,2
mlit:st-99e6fc6912dea95f,station,高松築港,34.35073,134.04936,2
mlit:st-99fad67dc3e72e4d,station,学園前,35.560468,140.1584,2
mlit:st-9a177ff580a4f711,station,荒町,36.69149,137.215775,2
mlit:st-9a18e5f413666371,station,桜沢,36.12872,139.20824,2
mlit:st-9a1c1645d2ff2657,station,高田,34.51634,135.74464,2
mlit:st-9a29a24b954a4016,station,岡地,34.812307,137.66571,2
mlit:st-9a338d4e406d5e9f,station,鶴見緑地,34.71097,135.58071,2
mlit:st-9a49a89d7cb2366d,station,錦,34.997625,135.88577,2
mlit:st-9a4c52db460d2ffd,station,西大寺町・岡山芸術創造劇場ハレノワ前,34.65865,133.930575,2
mlit:st-9a681237aa266181,station,五泉,37.73437,139.179793,2
mlit:st-9a689fcd5fef63fc,station,小牛田,38.54066,141.064415,2
mlit:st-9a6ccaf26c5a030c,station,五百川,37.482445,140.38774,2
mlit:st-9a7616ec61262e69,station,竜ヶ崎,35.908555,140.17889,2
mlit:st-9a7a607dab4ded12,station,芳養,33.74724,135.355355,2
mlit:st-9a8313cf05d93e96,station,明見橋,33.57468,133.617935,2
mlit:st-9a887804add6384c,station,神代,39.622675,140.627485,2
mlit:st-9a9145aeff7e43d0,station,陸中大里,40.158545,140.79345,2
mlit:st-9a9358c407891732,station,滝谷不動,34.48139,135.586685,2
mlit:st-9ac1049b3cf5e278,station,恵美須町,34.654558,135.505276,2
mlit:st-9ad3b8e5a6943d33,station,西有田,33.20991,129.850015,2
mlit:st-9ada398a77066dc0,station,矢吹,37.205562,140.328245,2
mlit:st-9ae3c22074a1157c,station,豊前大熊,33.67261,130.780355,2
mlit:st-9ae48cfd593f4c0e,station,長沼,35.64278,139.36588,2
mlit:st-9aeac3db1902b969,station,吾妻（雲仙市役所前）,32.840375,130.18992,2
mlit:st-9b056f7ed918c461,station,立場,35.41438,139.5007,2
mlit:st-9b152af545da5d54,station,遠州森,34.831115,137.92427,2
mlit:st-9b170151eed926d9,station,さくらんぼ東根,38.42861,140.38076,2
mlit:st-9b1a219d36184d9c,station,上北町,40.733225,141.26449,2
mlit:st-9b3a35711e9a8374,station,甲子園口,34.73906,135.37439,2
mlit:st-9b4b5c04e4483cc8,station,片岡,36.75468,139.94554,2
mlit:st-9b509b04830c65a7,station,荒川遊園地前,35.75065,139.757453,2
mlit:st-9b60b0d3c6681148,station,呉服町,32.79555,130.6969,2
mlit:st-9b6c358d165077c1,station,伊勢崎,36.32665,139.194132,2
mlit:st-9b72a627d6b0c7dd,station,別保,42.99429,144.469665,2
mlit:st-9b72fb7d27a940b4,station,鷹島口,33.35383,129.761705,2
mlit:st-9b76f03eeb212022,station,城下,36.392465,138.242645,2
mlit:st-9b7c0362a47564df,station,東岸和田,34.449325,135.385825,2
mlit:st-9b819723386a7973,station,桔梗が丘,34.641185,136.11276,2
mlit:st-9b8db27369d56190,station,可部,34.511987,132.51077,2
mlit:st-9b939e5506bfd421,station,木津用水,35.366835,136.926015,2
mlit:st-9b9efc3a4ebeaa26,station,海老名,35.453539,139.390877,2
mlit:st-9ba28eddff0a5b7b,station,舞子,34.633245,135.034235,2
mlit:st-9ba6680d4b67f2df,station,東郡家,35.429155,134.259825,2
mlit:st-9ba67969b45179ad,station,似内,39.406855,141.140945,2
mlit:st-9bab3631683cd8ae,station,長坂,35.82743,138.36665,2
mlit:st-9bb45e3e9fc732dd,station,御岳堂,38.60574,141.26474,2
mlit:st-9bb93fe9d25a1a69,station,二上,34.546565,135.68812,2
mlit:st-9bc3cbdab7a00a1c,station,鶴見,35.50824,139.676024,2
mlit:st-9bc84f5356f5f800,station,東新川,36.421975,139.26769,2
mlit:st-9bd12aeba22c73e5,station,曽根田,37.760317,140.45949,2
mlit:st-9bd61da0d45bbaf6,station,大中,35.853795,136.86845,2
mlit:st-9bd6df5dc29338c2,station,陸中中野,40.30507,141.78776,2
mlit:st-9bd81dbac91f0c52,station,三口,36.606375,136.64754,2
mlit:st-9bdd700e1cf93a69,station,北長瀬,34.652935,133.88497,2
mlit:st-9bdf00a5e5bc0eb4,station,下総松崎,35.807775,140.27755,2
mlit:st-9beb45c0dbecec39,station,舟入幸町,34.383355,132.44128,2
mlit:st-9bf495620bf70090,station,鎌取,35.562713,140.178675,2
mlit:st-9bfe7543d3d5f896,station,相良藩願成寺,32.218365,130.769635,2
mlit:st-9c01743b37ac8622,station,佐伯区役所前,34.36548,132.361785,2
mlit:st-9c0407f33fb66463,station,津川,37.688185,139.446965,2
mlit:st-9c0749ff1df96d19,station,落合川,35.52532,137.530057,2
mlit:st-9c07daff6d5b4d2f,station,蒲生四丁目,34.700775,135.547022,2
mlit:st-9c0a9fcfdc392037,station,池尻,33.613005,130.805805,2
mlit:st-9c0dc3836d502eb6,station,下油井,35.63327,137.183115,2
mlit:st-9c14cf3cb35ecdae,station,花崎,36.109945,139.633595,2
mlit:st-9c156716140b1081,station,白島,34.410995,132.46281,2
mlit:st-9c1e3618d72b6807,station,球場前,33.50269,133.89157,2
mlit:st-9c1ef20c69e33f03,station,熊本,32.78972,130.688666,2
mlit:st-9c2cebd2e77914aa,station,狐ヶ崎,35.01143,138.459745,2
mlit:st-9c3593ed6572d996,station,長者原,33.613155,130.478039,2
mlit:st-9c4b8b57757b58c7,station,吉野原,35.95701,139.620905,2
mlit:st-9c4fb45a482d0229,station,近鉄名古屋,35.16936,136.88375,2
mlit:st-9c4fd5d72cb101e3,station,横堀,39.064705,140.451535,2
mlit:st-9c5354df1b8ceeb8,station,益子,36.462855,140.088535,2
mlit:st-9c54b9f3d64fd465,station,伊勢中原,34.614735,136.49794,2
mlit:st-9c59341adf6f8cba,station,本城,33.875047,130.722993,2
mlit:st-9c5d081717e27ccb,station,西新井大師西,35.78116,139.77014,2
mlit:st-9c83247ca6546c22,station,新木場,35.645868,139.826683,2
mlit:st-9ca070235add229f,station,八丁畷,35.523048,139.691413,2
mlit:st-9ca18d11e06506bc,station,遠州小林,34.808345,137.79555,2
mlit:st-9ca20af4c75bc564,station,入野,34.460736,132.85157,2
mlit:st-9ca40d8e1062f1c3,station,国会議事堂前,35.674194,139.744198,2
mlit:st-9cb2ffbb7369a046,station,東須磨,34.655215,135.127485,2
mlit:st-9cb65f610a3c783f,station,丹波口,34.99655,135.74227,2
mlit:st-9cb679e3437092a9,station,正丸,35.9383,139.181485,2
mlit:st-9cb817fb1602ef85,station,柳原,36.66342,138.258285,2
mlit:st-9cbf6af44a59e4c1,station,沢目,40.29606,140.03779,2
mlit:st-9cc163ffe88b3952,station,彦山,33.50073,130.86904,2
mlit:st-9cc6a59d09f712b3,station,旭ヶ丘,36.763315,137.03189,2
mlit:st-9cc7dcbe28f41792,station,三ノ宮,34.694795,135.19504,2
mlit:st-9cd17ca7f73e21d8,station,和泉大宮,34.46796,135.38502,2
mlit:st-9cd9b53310f1af80,station,くぬぎ山,35.78233,139.975675,2
mlit:st-9cf87baa22531908,station,伊那本郷,35.665395,137.93249,2
mlit:st-9cfa3d148fe2617d,station,下郡,35.35499,140.05541,2
mlit:st-9d146b17d5d271fc,station,旧居留地・大丸前,34.689523,135.19046,2
mlit:st-9d31b5583efa2625,station,上伊集院,31.59416,130.458827,2
mlit:st-9d3f4d9cf4c65199,station,長,34.896415,134.825725,2
mlit:st-9d474699a05b4dec,station,玉桂寺前,34.885235,136.06928,2
mlit:st-9d5fa90506649e7a,station,三俣,36.393725,139.0892,2
mlit:st-9d7348951a7cabf9,station,中公園,34.673095,135.20752,2
mlit:st-9d753ef3305e12fc,station,門島,35.375355,137.81407,2
mlit:st-9d7d2d4cb99c6726,station,美留和,43.55536,144.437675,2
mlit:st-9d8b5fac9733cee6,station,八代通,33.552255,133.456285,2
mlit:st-9d9ca5e745bb4f9e,station,西大洲,33.508175,132.527125,2
mlit:st-9d9ca8b3d8e9fc87,station,大原,35.123905,134.327825,2
mlit:st-9d9db70a6970fdd9,station,中田,40.787585,140.364745,2
mlit:st-9daa8729e2b33a08,station,宇田郷,34.571865,131.54879,2
mlit:st-9db1d75bb03686d6,station,佳景山,38.497973,141.239643,2
mlit:st-9dc45f5849ca0774,station,狭山,34.51665,135.54818,2
mlit:st-9dcac852913086c9,station,牛浜,35.734335,139.33379,2
mlit:st-9dcedef3d75022c3,station,長門本山,33.94299,131.173285,2
mlit:st-9dd86cc7904088a2,station,佐用,35.00368,134.356655,2
mlit:st-9ddfc8053694aa61,station,八千代町,32.754605,129.87042,2
mlit:st-9dec4ba7876af7ba,station,岡田浦,34.384515,135.27691,2
mlit:st-9dec664e090fc9b2,station,西飾磨,34.803045,134.65122,2
mlit:st-9df49595dbff886e,station,来宮,35.09872,139.06557,2
mlit:st-9df4aee002d6edf9,station,末広町,35.70284,139.77177,2
mlit:st-9e07528e7b1daee5,station,八幡,34.71707,137.73599,2
mlit:st-9e0879a1a53bc5dd,station,湯檜曽,36.80299,138.98588,2
mlit:st-9e0a21bbb65d14c4,station,観音町,36.09183,136.28969,2
mlit:st-9e0ccbcbb94b9323,station,撮影所前,35.015685,135.702697,2
mlit:st-9e12719361a1ef5c,station,新田,37.83776,140.593025,2
mlit:st-9e1aca717065af42,station,土佐上川口,33.04289,133.056035,2
mlit:st-9e1b30016fe3c1f1,station,伊比井,31.71106,131.45614,2
mlit:st-9e1cec1d47224edb,station,西山天王山,34.912895,135.688554,2
mlit:st-9e2a052e86a3a770,station,紀伊市木,33.82801,136.05543,2
mlit:st-9e2b4b026f810bc1,station,野跡,35.075325,136.85419,2
mlit:st-9e31199552c43272,station,伏見,34.94602,135.76149,2
mlit:st-9e35b2708f9bb371,station,鹿沼,36.57119,139.762995,2
mlit:st-9e399c9c6895c9b8,station,入生田,35.24078,139.12106,2
mlit:st-9e3e580386237c33,station,南越谷,35.876047,139.791363,2
mlit:st-9e43ffa07dc04317,station,松尾大社,35.000175,135.688285,2
mlit:st-9e4f017de45fa951,station,田子,33.4903,135.67753,2
mlit:st-9e54927c2d8e205d,station,穴太,35.0556,135.864885,2
mlit:st-9e5e7791af4bb995,station,南鹿児島,31.5548,130.5436,2
mlit:st-9e6282e894a4ebbd,station,飯田橋,35.701512,139.744607,2
mlit:st-9e683895f844a1f5,station,犀潟,37.2101,138.30496,2
mlit:st-9e7085f3327edab7,station,飛騨萩原,35.874408,137.21397,2
mlit:st-9e77df0276fe0f3f,station,京成中山,35.71695,139.94438,2
mlit:st-9e93ef078e86bca1,station,御殿場,35.299947,138.93422,2
mlit:st-9e9ac3d262abfad9,station,新豊橋,34.76226,137.383375,2
mlit:st-9ea07e1093023c2e,station,瀬谷,35.4704,139.48259,2
mlit:st-9ea980d1c65d8a00,station,東八森,40.332115,140.0325,2
mlit:st-9ec85d71bb3eab2a,station,比立内,39.90498,140.453205,2
mlit:st-9ecbae794800fabb,station,依那古,34.715415,136.1531,2
mlit:st-9ed674adba9860d2,station,海尻,36.04131,138.47356,2
mlit:st-9ee49b53e1897768,station,苫小牧,42.639407,141.596137,2
mlit:st-9ee4f8d43e934f99,station,網代,35.04351,139.081069,2
mlit:st-9ee5df60e8f123cf,station,五所川原,40.80881,140.447985,2
mlit:st-9ee8c8613c71c7a2,station,市立病院前,26.227335,127.71027,2
mlit:st-9eea1af088e74b3a,station,上林,34.69522,136.161068,2
mlit:st-9ef17dd0ce39b11e,station,鶴橋,34.665545,135.530002,2
mlit:st-9f032e82f4e7ff91,station,柳川,34.66554,133.92533,2
mlit:st-9f0e605c762a960f,station,河合,36.50823,140.517185,2
mlit:st-9f12735db0dc6820,station,名電各務原,35.402555,136.90103,2
mlit:st-9f17dd69a80dffec,station,西田井,36.45333,140.048645,2
mlit:st-9f1b832a89530d4f,station,南若松,37.459038,139.914447,2
mlit:st-9f1cdcc5f02154c1,station,城野,33.858045,130.88637,2
mlit:st-9f1ee60d29310d0b,station,会津高田,37.47081,139.841305,2
mlit:st-9f20b370483e7d0e,station,水窪,35.163335,137.8705,2
mlit:st-9f28f93dc7e76bf4,station,丹後由良,35.515803,135.27948,2
mlit:st-9f387377dd3eb020,station,太子堂,38.217633,140.883697,2
mlit:st-9f3984776574f344,station,黒姫,36.80732,138.19711,2
mlit:st-9f4b13c8e2016f32,station,桑野,33.87469,134.613345,2
mlit:st-9f564f5abada3c26,station,西18丁目,43.05724,141.330405,2
mlit:st-9f5a405fe7b12090,station,羽前沼沢,38.02879,139.872495,2
mlit:st-9f5ae67c120cccc9,station,豊浜,34.08039,133.644535,2
mlit:st-9f5e50b97a1ced8b,station,諏訪,32.92391,129.960085,2
mlit:st-9f60ea5669d71bf2,station,用賀,35.62658,139.634247,2
mlit:st-9f67bec3db7e5fe8,station,JR五位堂,34.5273,135.71885,2
mlit:st-9f6e1f455d9e32c5,station,高儀,36.606585,136.9361,2
mlit:st-9f705dac4315c522,station,加茂,37.658845,139.048955,2
mlit:st-9f76e84c693fe3b8,station,東海通,35.113475,136.886045,2
mlit:st-9f789d2b41201e02,station,藤浪,35.18883,136.738915,2
mlit:st-9f78bf56a56d44a5,station,東粉浜,34.61823,135.49259,2
mlit:st-9f7ac02165d0cb09,station,大手町,35.685512,139.764577,2
mlit:st-9f7f995276b55faf,station,浜小清水,43.93403,144.45313,2
mlit:st-9f7fd408673c65da,station,蒲郡競艇場前,34.825425,137.20212,2
mlit:st-9f8ac762a07f2932,station,高槻市,34.849825,135.623145,2
mlit:st-9f9f979d69231d51,station,手柄,34.81992,134.681395,2
mlit:st-9fa9475f5cc9c123,station,新水前寺駅前,32.79331,130.72727,2
mlit:st-9fb13023cdcf6773,station,須津,35.16047,138.73392,2
mlit:st-9fb26e9ea6b82067,station,湯の川温泉,41.780105,140.785015,2
mlit:st-9fb466341c087876,station,糠南,44.920792,142.000902,2
mlit:st-9fb76909c07b6bd3,station,新河岸,35.89102,139.4973,2
mlit:st-9fc47e1edfc9bc46,station,高田,33.414205,130.63402,2
mlit:st-9fc5976ea0acda4e,station,柴田,35.072825,136.90908,2
mlit:st-9fca93b2e7a91259,station,市役所前,33.889605,135.15298,2
mlit:st-9fe2dcde0d88178c,station,真菅,34.51959,135.772795,2
mlit:st-9fe3e416d279eb76,station,木津川台,34.746696,135.796054,2
mlit:st-9fe3f08698f52f28,station,宮島ボートレース場,34.31438,132.304972,2
mlit:st-9fec35c865243c68,station,土佐白浜,33.05695,133.097345,2
mlit:st-9ff4e27023013014,station,永尾,33.193395,129.980435,2
mlit:st-a0001d41bebb9cfb,station,六渡寺,36.788825,137.06597,2
mlit:st-a006bf1a900e426b,station,あしかがフラワーパーク,36.315166,139.518456,2
mlit:st-a01f089e69bf9f87,station,八栗口,34.339075,134.136805,2
mlit:st-a025772f71223bd4,station,下田,40.591975,141.407735,2
mlit:st-a028794435120780,station,相武台前,35.49936,139.408545,2
mlit:st-a0294a0c7f5c4367,station,西金沢,36.55314,136.621124,2
mlit:st-a030ba40e92e7ef4,station,仁井田,33.245115,133.16124,2
mlit:st-a033bf284292ff20,station,藤井寺,34.571515,135.594,2
mlit:st-a03419f2e500a6aa,station,高横須賀,35.00965,136.893735,2
mlit:st-a0406d2052c8ca79,station,虹,34.72701,135.21236,2
mlit:st-a04704841bf2c0ae,station,山陽曽根,34.775507,134.773173,2
mlit:st-a04f1cde4f0a9993,station,東栄,35.02897,137.713855,2
mlit:st-a052bd717f1b05e4,station,常陸津田,36.404137,140.482923,2
mlit:st-a0542df58e965654,station,沢ノ町,34.606325,135.496875,2
mlit:st-a05de11bee303da8,station,薩摩今和泉,31.290685,130.598945,2
mlit:st-a05f42bfe8ca435c,station,小梨,38.93247,141.38421,2
mlit:st-a06133330070275a,station,船橋法典,35.73052,139.966684,2
mlit:st-a067aabc64fb1790,station,松前,33.78591,132.705,2
mlit:st-a06843b25d27d7d7,station,名鉄名古屋,35.17044,136.88387,2
mlit:st-a06a735ea0a18a86,station,大河内,34.031085,131.934315,2
mlit:st-a0701b09ea004bb6,station,荒田八幡,31.573832,130.552995,2
mlit:st-a0764a3e5f427537,station,有年,34.829271,134.39556,2
mlit:st-a086787ca44a53b6,station,水戸,36.370929,140.477201,2
mlit:st-a0976eb7bb050482,station,田園調布,35.59729,139.667285,2
mlit:st-a09be14cf2b95dc5,station,目白,35.72039,139.70628,2
mlit:st-a09f3e18f0a736d3,station,南大嶺,34.161475,131.1852,2
mlit:st-a0bd483e7935cc67,station,温泉津,35.09127,132.350765,2
mlit:st-a0bdffa3c7d47f33,station,北浜,34.691215,135.507098,2
mlit:st-a0c0feaafbeb63b5,station,駅前大通,34.763095,137.38606,2
mlit:st-a0c8fcde850b2443,station,隼人,31.743765,130.74021,2
mlit:st-a0d040b0cd2901ee,station,上下,34.69467,133.11776,2
mlit:st-a0d0e87bb0f943e4,station,下浦,34.067625,134.4212,2
mlit:st-a0d2091e787345b5,station,上沢,34.673505,135.158775,2
mlit:st-a0d30ee7e335e4da,station,村井,36.17433,137.956057,2
mlit:st-a0d52057e8ee151c,station,中島,34.500345,132.513165,2
mlit:st-a0e7d43c0f095667,station,粟島（大阪屋ショップ前）,36.719145,137.22482,2
mlit:st-a0f111554a60fd6d,station,羽後飯塚,39.898965,140.07338,2
mlit:st-a0fa779bb9474837,station,東水巻,33.840165,130.708097,2
mlit:st-a0fe1628b0eadd15,station,後台,36.42404,140.490165,2
mlit:st-a102cd3c41100524,station,能登二宮,36.984815,136.917393,2
mlit:st-a1101a759fbaef08,station,肥後伊倉,32.913265,130.586775,2
mlit:st-a111d8d2023aaf2f,station,奥浜名湖,34.795005,137.54587,2
mlit:st-a11a9bc3067b509f,station,東館,36.87042,140.423307,2
mlit:st-a120005e1270223b,station,院庄,35.058985,133.95752,2
mlit:st-a122486e6c5b7961,station,花月総持寺,35.500325,139.67286,2
mlit:st-a133f84c51929d07,station,東向島,35.724355,139.819335,2
mlit:st-a13431fe3cb8902d,station,醒ヶ井,35.327705,136.34519,2
mlit:st-a1344c0053813e20,station,巻向,34.545367,135.840887,2
mlit:st-a13525992680d01e,station,坂城,36.46198,138.18145,2
mlit:st-a1478019eabf2f54,station,勝間田,35.03587,134.118748,2
mlit:st-a15bc27562c3c20e,station,中三田,34.513588,132.609384,2
mlit:st-a168eacfad29c3bc,station,四辻,34.080045,131.44784,2
mlit:st-a170eb4a70742b44,station,藤野,35.615995,139.15133,2
mlit:st-a17bfa308d580291,station,南生駒,34.665505,135.70887,2
mlit:st-a17d26289d2dbb1b,station,南河内,34.165945,132.10338,2
mlit:st-a1820f1dd97cb393,station,合川,40.1613,140.33013,2
mlit:st-a18509873e8c301a,station,東山公園,35.16063,136.97264,2
mlit:st-a18c195f54558c2f,station,志比堺,36.09777,136.311005,2
mlit:st-a1933dcb57df4638,station,青山一丁目,35.672864,139.724057,2
mlit:st-a1980435f62b648d,station,静和,36.31653,139.68493,2
mlit:st-a1a8fe147fee4e0d,station,白沢渓谷,35.21593,136.9785,2
mlit:st-a1ac974dda64e84c,station,宮田町,33.84392,132.75261,2
mlit:st-a1cf87ad09270ede,station,茅野,35.994763,138.15195,2
mlit:st-a1cfe966ea6e3bbd,station,松阪,34.576997,136.535932,2
mlit:st-a1d03d6f99b3fe31,station,人見,33.687425,130.770965,2
mlit:st-a1d6115f0ae51e2f,station,栄生,35.18379,136.873065,2
mlit:st-a1d679922507578f,station,栗東,35.037485,135.980105,2
mlit:st-a1dd763706da4a6b,station,丸山下,36.41681,139.32131,2
mlit:st-a20308a0423e1b0e,station,久米川,35.749525,139.472695,2
mlit:st-a20756b64ccb3f37,station,馬道,35.06061,136.676405,2
mlit:st-a209b7fce9cd141d,station,道法寺,36.48426,136.61354,2
mlit:st-a20acbcfb8bf5e10,station,踊場,35.40555,139.518577,2
mlit:st-a20c2e52203a2956,station,平田,35.110185,136.14664,2
mlit:st-a2148b18979173b0,station,祖師ヶ谷大蔵,35.643265,139.609795,2
mlit:st-a22437742402a635,station,油島,38.797105,141.17572,2
mlit:st-a22b5be9cfdaaf52,station,京急東神奈川,35.477555,139.634925,2
mlit:st-a236e153ca872546,station,広島,34.397568,132.475687,2
mlit:st-a2374ef252dc2606,station,野田城,34.889295,137.47789,2
mlit:st-a243f40335571761,station,四条,35.00281,135.759675,2
mlit:st-a24aa7946703702b,station,一貴山,33.534305,130.168315,2
mlit:st-a24aaf949c9625c3,station,穴山,35.751027,138.413887,2
mlit:st-a259199456738294,station,川根両国,35.11681,138.14059,2
mlit:st-a26a436091ac6c1f,station,東池袋四丁目,35.7255,139.720735,2
mlit:st-a2796090fd9e503c,station,青井,35.772,139.820245,2
mlit:st-a28eb9369ae6b420,station,高松,35.710045,139.413275,2
mlit:st-a292a0e7fcfb7840,station,北殿,35.87951,137.984065,2
mlit:st-a295a573ea6338e7,station,中荒井,37.180235,139.750935,2
mlit:st-a2992c5ad4c22ae6,station,小網町,34.394455,132.444495,2
mlit:st-a2a653b8f5e98829,station,阿田和,33.80474,136.04241,2
mlit:st-a2afe0de1cae216d,station,小杉,36.72074,137.092575,2
mlit:st-a2b6fa6d3d2a5daa,station,瀬田,32.8726,130.913915,2
mlit:st-a2c131fd4b78e29a,station,市ノ川,32.92807,131.00761,2
mlit:st-a2c144cf7f5efbfa,station,小手指,35.800585,139.43804,2
mlit:st-a2c4182c2e677344,station,富士フイルム前,35.317703,139.10951,2
mlit:st-a2d29ff11c59c8bd,station,左石,33.20891,129.722015,2
mlit:st-a2d86303db766bed,station,鹿王院,35.017045,135.68525,2
mlit:st-a2fff9a5a596fa93,station,備前福河,34.7467,134.331685,2
mlit:st-a30013426264c1fb,station,沼ノ端,42.671955,141.69304,2
mlit:st-a30938f476c39666,station,花園町,34.644205,135.49655,2
mlit:st-a318348a70a28824,station,菅尾,33.01442,131.616675,2
mlit:st-a324f538152e8626,station,中島公園通,43.045905,141.350145,2
mlit:st-a333de4c555701c1,station,阿漕,34.703105,136.50451,2
mlit:st-a3355a8d3132e4f8,station,千丈,33.465435,132.45734,2
mlit:st-a337c4334788ce72,station,志賀,35.202246,135.92482,2
mlit:st-a341631377669c54,station,上今井,36.753352,138.31947,2
mlit:st-a34fe184c88964f6,station,羽前椿,38.03862,139.99428,2
mlit:st-a3513b45aa7313d2,station,豊四季,35.866535,139.93928,2
mlit:st-a3586fe607ac4566,station,湯田村,34.55188,133.371455,2
mlit:st-a358ae99665e0cb1,station,妙高高原,36.872305,138.212185,2
mlit:st-a35a5f3603c98d25,station,日前宮,34.22642,135.20186,2
mlit:st-a35d373693c7fef7,station,三河八橋,35.010945,137.07724,2
mlit:st-a36065bd92f02608,station,鵜の木,35.575385,139.68055,2
mlit:st-a36454837aeaddfd,station,いずえ,34.587975,133.450645,2
mlit:st-a366a392447d1291,station,茂辺地,41.766545,140.60064,2
mlit:st-a36b277dca65d13f,station,替佐,36.7693,138.324145,2
mlit:st-a36c55ad70e759d9,station,上堀,36.653377,137.23022,2
mlit:st-a36d6d287a72a081,station,市ヶ谷,35.692099,139.736544,2
mlit:st-a37080f45c971880,station,大溝,33.22694,130.44979,2
mlit:st-a3749253575ce8e0,station,高田の鉄橋,36.352491,140.580203,2
mlit:st-a38001888bcc0b23,station,西田辺,34.62165,135.515175,2
mlit:st-a38ef2e994c39273,station,鈴鹿サーキット稲生,34.8411,136.555215,2
mlit:st-a3918e8b01871324,station,蓬田,40.969165,140.65451,2
mlit:st-a394aca5fd3cbbcb,station,袋井,34.741435,137.925995,2
mlit:st-a39b276f91ddb15c,station,天和,34.74906,134.351415,2
mlit:st-a3a09308ca78d114,station,安国,43.993325,143.535785,2
mlit:st-a3a6aa79d66bf316,station,整備場,35.5551,139.75336,2
mlit:st-a3ab47f0699ef291,station,木ノ下,35.90083,137.988005,2
mlit:st-a3b573c25dd4bf6a,station,富士山,35.48359,138.794835,2
mlit:st-a3c2d3dea37aeaf7,station,向井原,33.735895,132.69569,2
mlit:st-a3c8c4a3a2f97a73,station,新町,32.79959,130.697338,2
mlit:st-a3dd9f8638b61dad,station,偕楽園,36.37303,140.45634,2
mlit:st-a3e13be6721310a4,station,赤碕,35.512315,133.634505,2
mlit:st-a3ea871bd94b79b0,station,世田谷代田,35.658355,139.6616,2
mlit:st-a3efa37ed2ca2e4e,station,敷浪,36.848085,136.77349,2
mlit:st-a3f5a087a77b6773,station,崇福寺,32.74112,129.882585,2
mlit:st-a3fe48e3d6bd16e2,station,北柏,35.875675,139.988035,2
mlit:st-a40177d2ccf32b5e,station,下井阪,34.26201,135.340195,2
mlit:st-a402c219bf1e0c44,station,呉羽,36.71888,137.164875,2
mlit:st-a40ba42858a992d2,station,東枇杷島,35.18994,136.870315,2
mlit:st-a40ecd928a4184bc,station,博多,33.589745,130.420554,2
mlit:st-a41694f71fa70e9f,station,市役所前,35.606973,140.10759,2
mlit:st-a41bfd5066245b17,station,西野尻,35.16404,136.48793,2
mlit:st-a42f650651807715,station,信濃吉田,36.66744,138.22092,2
mlit:st-a430f7193bcabde5,station,光明池,34.4744,135.47501,2
mlit:st-a444235fa1b2f38f,station,上熊本,32.817798,130.699448,2
mlit:st-a452c3705c767ecf,station,筑豊中間,33.81691,130.71684,2
mlit:st-a45629dc6a7e7d9b,station,植村,31.890035,130.724195,2
mlit:st-a45c3eb7252fdf20,station,八次,34.802285,132.87885,2
mlit:st-a45cba17fcf3bd43,station,橋本,34.881993,135.68422,2
mlit:st-a46858d9ff91dcc9,station,王子神谷,35.76509,139.7357,2
mlit:st-a46bed3268a0c615,station,美濃高田,35.3091,136.563649,2
mlit:st-a475157679b67619,station,北高崎,36.33841,139.002657,2
mlit:st-a475b1004aba9b4b,station,笠寺,35.095317,136.926227,2
mlit:st-a48b3b29b4f4342f,station,遠州小松,34.78423,137.77784,2
mlit:st-a48c1019649a5710,station,東高崎,31.84097,131.06502,2
mlit:st-a4a918e17375a8f8,station,南羽生,36.149625,139.556955,2
mlit:st-a4b64ddce82135d6,station,市波,36.019855,136.330495,2
mlit:st-a4ce55663ea70492,station,下久野,35.26487,132.99247,2
mlit:st-a4d0f12ff63eac8c,station,高円寺,35.705325,139.649718,2
mlit:st-a4d1910844de4f4c,station,菊水,43.05726,141.372755,2
mlit:st-a4db18384a352561,station,西鉄小郡,33.396365,130.553645,2
mlit:st-a4f11a1d9f199e9a,station,福井,34.57,133.74447,2
mlit:st-a4f6fed32b9a77fe,station,吹田,34.759605,135.517295,2
mlit:st-a4fb8e75d69f3328,station,高浜港,34.92153,136.98938,2
mlit:st-a5001258ea051b22,station,新黒部,36.873049,137.481214,2
mlit:st-a50ba83657e5fc02,station,すずかけ台,35.517097,139.481747,2
mlit:st-a51c6732de7148c4,station,ゆいの杜西,36.567185,139.986254,2
mlit:st-a528027876c167be,station,櫛ヶ浜,34.03091,131.82914,2
mlit:st-a52a645125e7b009,station,矢加部,33.173865,130.415875,2
mlit:st-a5452ad3590fb665,station,善導寺,33.320025,130.60874,2
mlit:st-a548debf0d1f7b87,station,岡本,34.27032,133.98958,2
mlit:st-a54daeba3b8e6922,station,中岡崎,34.95634,137.15278,2
mlit:st-a57341c11e30efcd,station,五位野,31.475235,130.504085,2
mlit:st-a5744a4bd9a67313,station,高浜,33.883445,132.70219,2
mlit:st-a5816b83d49d90be,station,新白河,37.123035,140.188286,2
mlit:st-a581f9caec4fa97c,station,田窪,33.79275,132.865735,2
mlit:st-a589848fc4a8e8aa,station,呉,34.244637,132.557557,2
mlit:st-a58c86d26821276a,station,白沢,31.25687,130.35665,2
mlit:st-a5a0b1335234fb39,station,宇佐,33.531445,131.41231,2
mlit:st-a5a0ed3c9facfca3,station,御所,34.465075,135.733795,2
mlit:st-a5a1cd4cb5147225,station,飯島,35.67759,137.928995,2
mlit:st-a5a39ea4db66f31b,station,中野新橋,35.691697,139.674005,2
mlit:st-a5ac2905267d07e9,station,祖谷口,33.972725,133.78042,2
mlit:st-a5b2217c16c9d8e9,station,高知,33.56692,133.54326,2
mlit:st-a5b25f4380cd9373,station,二軒茶屋,35.07803,135.765815,2
mlit:st-a5b804129db56b74,station,鷲別,42.35952,141.042658,2
mlit:st-a5c2d6eb01ed8f8e,station,つきのわ,36.043515,139.345565,2
mlit:st-a5c49cd830bd5046,station,浮孔,34.49801,135.75486,2
mlit:st-a5d06dcee9907170,station,郡家,35.41281,134.250835,2
mlit:st-a5d28809a70502fb,station,東名,38.375284,141.143933,2
mlit:st-a5d5f3d3315fbeb7,station,笹谷,37.78735,140.43973,2
mlit:st-a5daace0f4bbf268,station,南条,35.8318,136.193535,2
mlit:st-a5dfea1433119318,station,櫛原,33.319505,130.52433,2
mlit:st-a5e33ce5a91ef7ee,station,川南,32.19236,131.553305,2
mlit:st-a5e519dd27d1c43c,station,土崎,39.758905,140.07345,2
mlit:st-a5eedfa467be8ac2,station,桂,34.978728,135.703185,2
mlit:st-a5fafdf209446bda,station,阿木,35.399595,137.45913,2
mlit:st-a5ff664ac5dcf9ba,station,蘭留,43.925015,142.473465,2
mlit:st-a607a74c112bc266,station,旭ヶ丘,32.52847,131.68134,2
mlit:st-a61fc4adc6f09f8b,station,鈴蘭台西口,34.72653,135.140765,2
mlit:st-a621c4e5d8da8dc9,station,新相ノ木,36.703161,137.342323,2
mlit:st-a6281f5b46a0b43e,station,神谷町,35.662625,139.744725,2
mlit:st-a62835800c40cfe8,station,伊野駅前,33.54859,133.429855,2
mlit:st-a63352a32a8b838e,station,塩崎,35.68779,138.487756,2
mlit:st-a634fc34a6204ce4,station,東下条,37.736707,139.321967,2
mlit:st-a640a7ee321ae6e4,station,今津,34.731417,135.351677,2
mlit:st-a642fc156d933766,station,女子大,35.73814,140.155155,2
mlit:st-a64bb4aef54c7e6b,station,安塚,36.485645,139.83562,2
mlit:st-a64d87330e73b1a2,station,池田,42.92207,143.45312,2
mlit:st-a64f5294b20c2017,station,三好町,36.39168,138.23554,2
mlit:st-a65205638fc626fc,station,浅草,35.710569,139.797559,2
mlit:st-a6579565dea20c31,station,北綾瀬,35.77689,139.832095,2
mlit:st-a66df78ac1dcf634,station,鴻野山,36.666445,140.051685,2
mlit:st-a672c2d2c798604d,station,在良,35.06071,136.643525,2
mlit:st-a68d07a570606c7d,station,美濃川合,35.4441,137.045392,2
mlit:st-a68d83db2be1e1e6,station,石田,33.832185,130.889145,2
mlit:st-a6963c8a10a7b0b3,station,川奈,34.950885,139.124835,2
mlit:st-a69b74cb161966d9,station,新改,33.649645,133.695805,2
mlit:st-a6a8a24e177f5f5a,station,上郡,34.866146,134.353278,2
mlit:st-a6affffdfd951a45,station,福川,34.07208,131.73852,2
mlit:st-a6c6798edcf54b13,station,長者ヶ浜潮騒はまなす公園前,36.03129,140.618855,2
mlit:st-a6c95b56493393e1,station,西線11条,43.044955,141.33587,2
mlit:st-a6ccb291ec806a75,station,川口元郷,35.79996,139.729863,2
mlit:st-a6d08a8b14d4fde2,station,北堀之内,37.25574,138.896315,2
mlit:st-a6ea2780c36bf817,station,信濃国分寺,36.37832,138.273835,2
mlit:st-a6ede4d8eeae9418,station,ほくほく大島,37.147005,138.509545,2
mlit:st-a6f6ec731003dabe,station,比延,34.988775,134.99574,2
mlit:st-a70bd365ce6a30a6,station,佐那具,34.804195,136.163155,2
mlit:st-a70d13b5b3cf0998,station,えびの,32.04227,130.81617,2
mlit:st-a719877e750887f5,station,恵比須,34.797755,134.998575,2
mlit:st-a71d44871ff62c34,station,庭坂,37.77155,140.38983,2
mlit:st-a71e83f70121a690,station,新白岡,36.03825,139.67189,2
mlit:st-a727e9971b998d96,station,生駒,34.693078,135.698107,2
mlit:st-a72c3094d10d8c12,station,原ノ町,37.63796,140.97111,2
mlit:st-a735a1ff9003f31a,station,京急蒲田,35.561699,139.724329,2
mlit:st-a73b8caeaa048d7d,station,垂水,34.62909,135.053855,2
mlit:st-a7429713a90cb10d,station,富合,32.713701,130.672837,2
mlit:st-a74bbce8526f7644,station,太秦,35.016955,135.700625,2
mlit:st-a7555f87bb0d5420,station,市場,33.708055,130.759335,2
mlit:st-a756a8127de313cb,station,下野大沢,36.68644,139.7324,2
mlit:st-a757b5d3c7a5f7e7,station,武蔵野台,35.664135,139.511305,2
mlit:st-a76b70123be6d563,station,六甲,34.719475,135.2337,2
mlit:st-a77ef746281ac7a1,station,グランドプラザ前,36.688899,137.21375,2
mlit:st-a785ba26145f3d42,station,住之江公園,34.609062,135.472585,2
mlit:st-a793a25ee7564d24,station,居能,33.96664,131.22805,2
mlit:st-a79714d84ddc1156,station,北郷,31.67836,131.373885,2
mlit:st-a79cc5c6a987b3e4,station,若宮,37.53541,139.8283,2
mlit:st-a7a211d3e52dc9e5,station,美作滝尾,35.123585,134.071405,2
mlit:st-a7a475ebceb0b17b,station,宮内,34.347585,132.32524,2
mlit:st-a7c276445b583dff,station,陸前赤井,38.432417,141.239003,2
mlit:st-a7c3858586e8a157,station,霊丘公園体育館,32.782578,130.374193,2
mlit:st-a7c588c4731eb5b7,station,東大垣,35.37539,136.64662,2
mlit:st-a7ccadd875f7cf0c,station,人丸前,34.647545,135.0026,2
mlit:st-a7d2b1aaeb939579,station,別所温泉,36.3532,138.16188,2
mlit:st-a7dd375a2b6cf946,station,八柱,35.791417,139.937497,2
mlit:st-a7ddb8f7f6c2ae3d,station,芦原温泉,36.21541,136.235195,2
mlit:st-a7df2c7057c1f2a5,station,滝,34.94879,134.962405,2
mlit:st-a7e10728e75c9a6e,station,愛大医学部南口,33.798095,132.87895,2
mlit:st-a7fa1ee30e6dec4c,station,京成稲毛,35.63725,140.08571,2
mlit:st-a805b04d57a402e5,station,藤島,38.768635,139.89407,2
mlit:st-a805cac77924f1e5,station,黒部宇奈月温泉,36.874064,137.481126,2
mlit:st-a807fed4cbd03360,station,北与野,35.890765,139.628547,2
mlit:st-a82535e192172e22,station,湘南深沢,35.332975,139.51891,2
mlit:st-a82affffc6263b7c,station,内海,34.744685,136.875245,2
mlit:st-a82d7ad79951b32d,station,平野,34.621183,135.54853,2
mlit:st-a845ebea462f3c40,station,大池,34.781015,135.198895,2
mlit:st-a85015af5d301e51,station,浅海井,33.04357,131.91921,2
mlit:st-a855783a86af0fac,station,八川,35.14939,133.089445,2
mlit:st-a86007010148ad1d,station,神杉,34.78076,132.9028,2
mlit:st-a867dfdcf4d3e3d2,station,神楽岡,43.745052,142.358252,2
mlit:st-a867fefa66bbd6d4,station,上芦別,43.488535,142.211075,2
mlit:st-a86cee2ebc6a2da7,station,船堀,35.683785,139.863855,2
mlit:st-a86fd58a043a6217,station,和田河原,35.315947,139.11822,2
mlit:st-a872b76af0ac78c9,station,魚沼丘陵,37.09612,138.877565,2
mlit:st-a873388006f96a62,station,吉野神宮,34.390185,135.84817,2
mlit:st-a876949c345b927f,station,鍼灸大学前,35.179527,135.489523,2
mlit:st-a877177d5605b63d,station,地名,34.985993,138.087293,2
mlit:st-a89340d529c54d95,station,西那須野,36.88381,139.986443,2
mlit:st-a8934158c3f15c7c,station,浄心,35.192095,136.89079,2
mlit:st-a893c6f078a76ee6,station,緑町,35.25927,139.15861,2
mlit:st-a8a548c67ab8bddd,station,東釧路,42.9951,144.411375,2
mlit:st-a8ad0b8f530bd0f0,station,仙崎,34.38778,131.199015,2
mlit:st-a8b38508b5914882,station,車折神社,35.016755,135.689045,2
mlit:st-a8b78bce8eeae3c5,station,上本郷,35.78938,139.915835,2
mlit:st-a8b95b6afdbff911,station,京成上野,35.71131,139.77351,2
mlit:st-a8d43bf870bbd177,station,清水川,40.921963,141.024363,2
mlit:st-a8f0104c36596c17,station,吉浜,39.15115,141.836435,2
mlit:st-a8f3bd7659d6b02b,station,上三緒,33.62223,130.71387,2
mlit:st-a8ffb1c44be2197a,station,豊橋,34.762275,137.382292,2
mlit:st-a910b067cf99af75,station,小禄,26.19655,127.66703,2
mlit:st-a913aa1134f67d31,station,田浦,35.29284,139.637525,2
mlit:st-a91ce982a329e7de,station,湯河原,35.146125,139.1022,2
mlit:st-a9250a107d1ce73b,station,野里,34.85619,134.711335,2
mlit:st-a92a4a270c193381,station,御幸橋,34.375955,132.459335,2
mlit:st-a92ebf90fd36ee5e,station,蚊爪,36.62519,136.643085,2
mlit:st-a931466c902a90b4,station,高久,36.99651,140.08735,2
mlit:st-a9316a26c86cc3d1,station,氏家,36.681607,139.962133,2
mlit:st-a93409f6237b1913,station,桟橋通二丁目,33.54908,133.54691,2
mlit:st-a93da4c402e2ab86,station,長谷野,35.09558,136.18757,2
mlit:st-a93f3038f8093e11,station,湊川,34.67928,135.166115,2
mlit:st-a953bf4df6628904,station,十弗,42.8558,143.50084,2
mlit:st-a95da75395799746,station,稲荷町,34.392625,132.47113,2
mlit:st-a965ee696dcf6f69,station,五日市,34.36684,132.36773,2
mlit:st-a967d1733df2b04f,station,下津,34.108885,135.14573,2
mlit:st-a969da914155f6c3,station,肥前浜,33.09541,130.11679,2
mlit:st-a975adcb21a3c3e7,station,東門前,35.53659,139.734325,2
mlit:st-a97b64e7d0a18b3c,station,万石浦,38.428863,141.36873,2
mlit:st-a97c2d570fbe7794,station,桃園,34.66338,136.477465,2
mlit:st-a9810a43a4378ae6,station,萩ノ茶屋,34.64559,135.49905,2
mlit:st-a982dc89c2c15d99,station,行波,34.163325,132.087095,2
mlit:st-a9835b562b44794e,station,瓦町,34.339075,134.052938,2
mlit:st-a9850ee02ee76ede,station,堅田,35.121015,135.9151,2
mlit:st-a993af709f9ba0c9,station,陸中八木,40.345365,141.76671,2
mlit:st-a998a0551c0667b8,station,曽根,34.79325,134.769923,2
mlit:st-a998d13ea7a2d35d,station,三溝,36.212655,137.89131,2
mlit:st-a9cc8c057136d126,station,日当山,31.763525,130.74974,2
mlit:st-a9d03b4dbbc37bb2,station,荻川,37.83258,139.11163,2
mlit:st-a9d99d90fd7d6d20,station,吹上,36.10285,139.453692,2
mlit:st-a9d9aeba200bdfc6,station,久下田,36.376,139.97163,2
mlit:st-a9dcc53e73995ea5,station,中新湊,36.775,137.088885,2
mlit:st-a9e23ea827c63a59,station,水橋,36.743445,137.29843,2
mlit:st-a9e272904c1dd64a,station,県庁前,34.690994,135.184012,2
mlit:st-a9e3af13b307d69a,station,元町・中華街,35.442305,139.65074,2
mlit:st-a9e6badc018b124a,station,千歳,42.82819,141.65194,2
mlit:st-a9f1ab341338a756,station,会津横田,37.392375,139.435895,2
mlit:st-aa03c5492af2b03a,station,浜寺公園,34.541345,135.444685,2
mlit:st-aa0a06a13627b469,station,富沢,38.214145,140.8706,2
mlit:st-aa0bd4080958d083,station,石神井公園,35.74364,139.606555,2
mlit:st-aa1ef2f617be11b1,station,大原,35.250847,140.391033,2
mlit:st-aa2293523c923b0b,station,浄水,35.121285,137.137315,2
mlit:st-aa2fb2f7ef89478b,station,石川プール前,40.54317,140.550465,2
mlit:st-aa3347cc58bf1d34,station,江の浦,33.108985,130.44661,2
mlit:st-aa3620fada2d73c4,station,幕張,35.659475,140.0579,2
mlit:st-aa3da33746658737,station,村山,38.4771,140.38642,2
mlit:st-aa3dcf260cb3fcf5,station,西大橋,34.675535,135.49372,2
mlit:st-aa42d018a1e46cea,station,桜川,35.064945,136.18758,2
mlit:st-aa49a0814d41ee96,station,石田,34.94055,135.803875,2
mlit:st-aa52a19fe883c4cf,station,山陽須磨,34.643575,135.112315,2
mlit:st-aa643dadb895958c,station,幕張本郷,35.67281,140.042187,2
mlit:st-aa66258fcb8d2c6a,station,谷汲口,35.527243,136.64217,2
mlit:st-aa69cb55383cd810,station,三縄,34.00683,133.787445,2
mlit:st-aa827fbaf6a937af,station,津ノ森,35.46635,132.91905,2
mlit:st-aa896b3256617a06,station,山口,35.197895,137.101702,2
mlit:st-aa8a60a66f360b03,station,住吉町,34.9021,136.92574,2
mlit:st-aa8e6ece98a0c8db,station,長太ノ浦,34.89152,136.62635,2
mlit:st-aa8f124b6f4ad278,station,本山,34.14676,133.6865,2
mlit:st-aa92637dae54bc4c,station,千船,34.712255,135.44535,2
mlit:st-aa92e461381e065e,station,美乃坂本,35.479255,137.450355,2
mlit:st-aa9ceeca6e18b1ba,station,台原,38.288178,140.878172,2
mlit:st-aaa0ddc30aa613f7,station,今宮,34.65415,135.492615,2
mlit:st-aaa339aa55684731,station,光明寺,36.08842,136.34455,2
mlit:st-aaabd091d33b26ed,station,グリーンスタジアム前,36.555797,139.982475,2
mlit:st-aaacf3dcbd0488fe,station,令和コスタ行橋,33.717599,130.973792,2
mlit:st-aaae56ea9db94b6b,station,海部,33.59342,134.351985,2
mlit:st-aab750ec8228a35f,station,南阿蘇水の生まれる里白水高原,32.834215,131.040085,2
mlit:st-aac055a1d9161c70,station,越後赤塚,37.816,138.908175,2
mlit:st-aae3c08f6530cb43,station,星ヶ丘,35.16277,136.98589,2
mlit:st-aae9e6a121dc2839,station,貝塚,33.632114,130.425616,2
mlit:st-aaf237a1333872af,station,福田町,38.274976,140.958334,2
mlit:st-aafa042455abefc4,station,三ヶ山口,34.40717,135.38504,2
mlit:st-aaff7bd266943dcb,station,筑前植木,33.77708,130.70804,2
mlit:st-ab00b09e9853c4f1,station,韓々坂,32.82408,130.70183,2
mlit:st-ab0245f7642a497b,station,松井山手,34.83319,135.72757,2
mlit:st-ab0f1a69ec443e6e,station,小竹向原,35.743395,139.67952,2
mlit:st-ab158cb0c4c9e7d2,station,東舞鶴,35.46858,135.39479,2
mlit:st-ab23c414973908e3,station,ソシオ流通センター,36.136506,139.424511,2
mlit:st-ab24d41fe0d3ec1d,station,甲斐大和,35.639424,138.781452,2
mlit:st-ab2ea849e29b0080,station,小原,34.968225,133.962055,2
mlit:st-ab2f94daa1f12b41,station,日向市,32.42592,131.62783,2
mlit:st-ab33b72c1d93e93d,station,勢野北口,34.6061,135.701015,2
mlit:st-ab37c7188b1c737a,station,鹿児,33.567005,133.597105,2
mlit:st-ab394a4a251393f4,station,和気,34.79726,134.15285,2
mlit:st-ab3fe07873e20a02,station,小倉,34.893005,135.78188,2
mlit:st-ab496e547a91a963,station,二十四軒,43.07045,141.313605,2
mlit:st-ab4dd457f8ddfaa5,station,四天王寺前夕陽ヶ丘,34.65841,135.514185,2
mlit:st-ab54a34d24d67e51,station,ささしまライブ,35.162015,136.88192,2
mlit:st-ab5b80a0e1d77306,station,勝木,38.49027,139.51747,2
mlit:st-ab628f7b7515a351,station,甲斐大泉,35.896325,138.40967,2
mlit:st-ab6dace48fd98dfb,station,溝口,34.92792,134.74239,2
mlit:st-ab72e46bea6301ae,station,宝町,35.675666,139.772092,2
mlit:st-ab73b9ff68d3484c,station,平林,38.150095,139.459025,2
mlit:st-ab91a89ea70afbfb,station,北18条,43.081645,141.346755,2
mlit:st-ab93441d0804d974,station,近鉄長島,35.09763,136.69608,2
mlit:st-ab9d502a660c529c,station,内船,35.28221,138.46503,2
mlit:st-ab9f14e65c5fd990,station,小台,35.75049,139.761735,2
mlit:st-aba6ed1cc91744e1,station,割出,36.602885,136.64843,2
mlit:st-aba9e92a537e2d03,station,西線9条旭山公園通,43.048265,141.33546,2
mlit:st-abb219ed1deabcd3,station,新市,34.554233,133.269617,2
mlit:st-abb36c7dcebe8194,station,滝井,34.7279,135.557445,2
mlit:st-abb39c9209844797,station,滋野,36.34232,138.363907,2
mlit:st-abb544ec5a6951b7,station,松尾八幡平,39.96924,141.043935,2
mlit:st-abc7e1840e59c346,station,孝子,34.29067,135.151035,2
mlit:st-abc9452612ba8e2f,station,伊豆仁田,35.078755,138.941565,2
mlit:st-abc9e2e587791074,station,つきみ野,35.510517,139.458557,2
mlit:st-abd719fa1612007e,station,道場,34.867275,135.255805,2
mlit:st-abde5b96f0b54562,station,津久田,36.56103,139.042865,2
mlit:st-abde69b4f546ed9a,station,柴原阪大前,34.800333,135.458686,2
mlit:st-abe2f401bfb56774,station,野馳,34.915053,133.31703,2
mlit:st-abe3be5b4df35040,station,茂林寺前,36.22635,139.527045,2
mlit:st-abf5f0d93b0d9176,station,福崎,34.961045,134.751045,2
mlit:st-abfc9dbfe1eaf3f2,station,都島,34.708944,135.525926,2
mlit:st-ac03239d35c755cd,station,東陽町,35.66959,139.81768,2
mlit:st-ac0f0f9b11f4d80e,station,西川口,35.815515,139.70436,2
mlit:st-ac1299fa26e375bc,station,乃木,35.445945,133.048715,2
mlit:st-ac2477d8f3d90d36,station,越前花堂,36.03886,136.21826,2
mlit:st-ac3280d49a185801,station,名張,34.621615,136.095745,2
mlit:st-ac36502d957ef9f8,station,城野,33.85845,130.879625,2
mlit:st-ac386a267f20d6eb,station,尺土,34.508545,135.72081,2
mlit:st-ac38a6d3a589fef6,station,魚住,34.69644,134.90611,2
mlit:st-ac39eb529174c994,station,中村,32.984545,132.94405,2
mlit:st-ac407667d396f734,station,久喜,36.06568,139.677493,2
mlit:st-ac44cc36692902cc,station,中田,35.411155,139.51122,2
mlit:st-ac54408392933f64,station,伊勢上野,34.800335,136.54248,2
mlit:st-ac578c8771462c2a,station,片野,33.865475,130.88009,2
mlit:st-ac57998794f12c15,station,三瀬,38.699458,139.6734,2
mlit:st-ac5a7d705d47808b,station,名越,34.42144,135.375065,2
mlit:st-ac5ce0902cb17ba8,station,寺泊,37.62027,138.814465,2
mlit:st-ac5eccbb36bbf17a,station,安針塚,35.286682,139.642822,2
mlit:st-ac74f7d58d8b1e4a,station,向ヶ丘遊園,35.61728,139.56461,2
mlit:st-ac76755828b95c8d,station,磯山,34.81265,136.568875,2
mlit:st-ac76c2801c24da21,station,陣場,40.399015,140.607635,2
mlit:st-ac7db12a16aca953,station,豊栄,37.919547,139.215627,2
mlit:st-ac86952c484ed3cd,station,西観音町,34.39394,132.43686,2
mlit:st-ac915f1f94e30f9a,station,羽後四ツ屋,39.50161,140.512,2
mlit:st-ac972005e6a7c5fb,station,海岸寺,34.2537,133.72975,2
mlit:st-ac9806b30b42a20b,station,鹿児島中央駅前,31.583645,130.54352,2
mlit:st-ac9b758d7ae9a07a,station,中央区役所前,43.057515,141.341975,2
mlit:st-aca4958da41f8f42,station,勝田,36.393802,140.524317,2
mlit:st-aca692ac112d2d75,station,南酒出,36.47705,140.498285,2
mlit:st-acaca88ddf10171f,station,浜名湖佐久米,34.789235,137.59925,2
mlit:st-acaf3ec443ce24a8,station,砂田橋,35.188742,136.95442,2
mlit:st-acb05505ad4cdbab,station,十川,33.2349,132.85594,2
mlit:st-acc081447d30487d,station,新下関,34.006508,130.948655,2
mlit:st-acc18eb23b5fc0f7,station,横河原,33.80342,132.88422,2
mlit:st-acd22074ea1c50d9,station,有明,35.63455,139.79334,2
mlit:st-acdac6af09affb7c,station,夜ノ森,37.365785,140.992015,2
mlit:st-acdd465d02c6b8da,station,西青山,34.67634,136.238135,2
mlit:st-aceb628f1cbddb8b,station,陣原,33.868088,130.743462,2
mlit:st-acebfee0b89769c6,station,栄町,43.11302,141.367145,2
mlit:st-acfa14954ea5115c,station,昭和町通,32.790535,129.860705,2
mlit:st-acfbd76bfdaa2472,station,井田川,34.868265,136.492585,2
mlit:st-acffa243f0166f14,station,古河,36.194415,139.709715,2
mlit:st-ad01ee24b9b3633e,station,四ツ木,35.731715,139.834655,2
mlit:st-ad197f96fe7e6085,station,松川,37.653505,140.484165,2
mlit:st-ad1ed4f424227e6b,station,玉柏,34.71696,133.96452,2
mlit:st-ad1fc59412b9fdf3,station,筑紫,33.46281,130.55296,2
mlit:st-ad33fd026ae325ef,station,石巻あゆみ野,38.436031,141.25922,2
mlit:st-ad37072cf1dadffe,station,泉佐野,34.411065,135.317375,2
mlit:st-ad3d3a34543b4b37,station,二俣本町,34.8594,137.812765,2
mlit:st-ad4bb25e83424d28,station,新柴又,35.75135,139.87982,2
mlit:st-ad52c7d7e1e7bcc2,station,奈井江,43.42401,141.88927,2
mlit:st-ad57dba9a7cbeffd,station,仙川,35.66237,139.585223,2
mlit:st-ad5f8eb0d053a911,station,中富良野,43.405725,142.420915,2
mlit:st-ad60b266cfec62a4,station,黒井,37.184027,138.26817,2
mlit:st-ad6addd7290ce6ce,station,帝塚山三丁目,34.62056,135.50075,2
mlit:st-ad71679d5891b907,station,宇品二丁目,34.36634,132.46465,2
mlit:st-ad717cf11b480f9d,station,海瀬,36.15578,138.485935,2
mlit:st-ad752f3f39338d5c,station,磯崎,36.37775,140.617934,2
mlit:st-ad781082af703c8b,station,竜田口,32.820497,130.747007,2
mlit:st-ad78caed1662deb0,station,日下,33.53342,133.371305,2
mlit:st-ad78d6cd89a72b2c,station,内部,34.925533,136.58695,2
mlit:st-ad805d302c7e6754,station,新清洲,35.21146,136.83536,2
mlit:st-ad8394cd24ddb597,station,鉄道博物館,35.920265,139.617825,2
mlit:st-ad842acbee95ddbf,station,梅山,35.549695,136.91795,2
mlit:st-ad8a37f196c6fca1,station,波久礼,36.126805,139.15812,2
mlit:st-ad8ba3cac62864d7,station,七井,36.491795,140.094335,2
mlit:st-ad942a2faf994c8d,station,安房小湊,35.128635,140.18977,2
mlit:st-ad99be433f335146,station,小田,35.28477,132.630235,2
mlit:st-ada0bff9277ff76a,station,紀伊山田,34.312985,135.58411,2
mlit:st-ada56445e0828795,station,蚕桑,38.161477,140.046777,2
mlit:st-adad5e986575a310,station,台場,35.62587,139.771375,2
mlit:st-adb00ae206d7a767,station,東照宮,38.277268,140.88672,2
mlit:st-adb32de917a53f16,station,東武日光,36.748087,139.61993,2
mlit:st-adbdc1568a6789b2,station,賢島,34.308385,136.819435,2
mlit:st-adc1dfb9884b7991,station,峠,37.812063,140.23586,2
mlit:st-adcfa8df78f13860,station,佐良山,35.032072,133.960876,2
mlit:st-addcfa0f747fc860,station,大岡山,35.607135,139.684842,2
mlit:st-ade0bd81cba6ebd2,station,修学院,35.050005,135.7903,2
mlit:st-aded844727034271,station,国定,36.359005,139.242455,2
mlit:st-adefaeee2090abc2,station,下総中山,35.714285,139.94307,2
mlit:st-adf3055bde70252f,station,高擶,38.33071,140.35883,2
mlit:st-ae03a2f521700a24,station,渋木,34.31169,131.1967,2
mlit:st-ae048a36183fda93,station,北34条,43.100105,141.34213,2
mlit:st-ae0dd4eb93857e23,station,豊田町,34.712085,137.8198,2
mlit:st-ae1281e603e7a296,station,武里,35.94908,139.77071,2
mlit:st-ae1724a8b4b8f730,station,郡元,31.56564,130.541985,2
mlit:st-ae1ef61296949e20,station,西線6条,43.05157,141.335035,2
mlit:st-ae2a94382014e630,station,西太子堂,35.64452,139.66635,2
mlit:st-ae2cfa72187a9d68,station,打越,32.82373,130.713825,2
mlit:st-ae30f4ff58e9f1d9,station,桜岡,43.80194,142.487037,2
mlit:st-ae3411030ba6d0e7,station,松戸,35.784537,139.900828,2
mlit:st-ae3af53000d386fe,station,国吉,35.280425,140.31399,2
mlit:st-ae3cb4e76213de90,station,すえたちばな,33.31651,129.61386,2
mlit:st-ae41307e73e7d5a3,station,三河島,35.733353,139.777287,2
mlit:st-ae4e8515c8515c29,station,朝倉,34.99386,136.863455,2
mlit:st-ae5bc03817ee258c,station,播磨徳久,34.99045,134.38568,2
mlit:st-ae616c929d81fe3a,station,大学,33.189395,129.66703,2
mlit:st-ae62665ab6d72124,station,三里,35.10725,136.53833,2
mlit:st-ae64310fc8ea79cf,station,見附,37.54015,138.904825,2
mlit:st-ae6544873979dbcb,station,上尾,35.97302,139.58881,2
mlit:st-ae7a3a6ece843a2c,station,三枚橋,36.3134,139.354965,2
mlit:st-ae7e107907613b3f,station,根室,43.326795,145.58304,2
mlit:st-ae835e2a371deaba,station,新西脇,34.97792,134.97758,2
mlit:st-ae838359bd73277f,station,別府,33.27947,131.500255,2
mlit:st-ae83e586135aaeb1,station,杉本町,34.59301,135.50302,2
mlit:st-ae8507716366579b,station,上前津,35.157428,136.906653,2
mlit:st-ae89a91f7ead1a1e,station,中菅谷,36.44573,140.49268,2
mlit:st-ae8ea76d1709488d,station,荒砥,38.188035,140.09742,2
mlit:st-ae92256302dd62ac,station,阿字ヶ浦,36.383434,140.612345,2
mlit:st-ae971501ba394abf,station,東羽衣,34.535005,135.4428,2
mlit:st-aea49a55727d4f7c,station,新浦安,35.64952,139.91253,2
mlit:st-aeb1760d5a72c6dc,station,北24条,43.08961,141.344825,2
mlit:st-aeb17a8ad817c196,station,松ヶ崎,34.596427,136.518947,2
mlit:st-aeb1a43b8a495d09,station,松尾,34.432565,136.84006,2
mlit:st-aeba2bec654fcbfa,station,盛岡,39.701337,141.136437,2
mlit:st-aebe76072a8065bb,station,西大路御池,35.010961,135.730617,2
mlit:st-aec19b4746d25f08,station,諏訪川原,36.692315,137.20655,2
mlit:st-aec90ee6ef20726b,station,鬼瀬,33.195715,131.48547,2
mlit:st-aed1fc976574b5f7,station,五香,35.797285,139.96577,2
mlit:st-aed2e08494b19c59,station,富士宮,35.2212,138.615482,2
mlit:st-aed958b9bdb5a825,station,板倉東洋大前,36.222205,139.648625,2
mlit:st-aedbec68a102600f,station,原野,35.871265,137.74153,2
mlit:st-aee22fbea5364696,station,三厩,41.18541,140.444455,2
mlit:st-aee27cd873fb78de,station,安芸津,34.318008,132.818243,2
mlit:st-aef6dd7830057636,station,行田市,36.14363,139.4588,2
mlit:st-aefcd64e99a0096b,station,波野,32.938495,131.195255,2
mlit:st-af059c7a3e4a0b5a,station,名古屋,35.170921,136.881953,2
mlit:st-af0c7a6fb5891fe1,station,富吉,35.12349,136.76937,2
mlit:st-af10169bf7e54d49,station,浦宿,38.436515,141.42146,2
mlit:st-af1368073b51b280,station,扇町,35.50174,139.72242,2
mlit:st-af22d577d0afce8a,station,脇田,31.54455,130.53784,2
mlit:st-af23884305082b69,station,倶利伽羅,36.672483,136.791607,2
mlit:st-af24585a68426b2c,station,駒場車庫前,41.78323,140.77917,2
mlit:st-af27c4219bde3eae,station,都農,32.25108,131.568455,2
mlit:st-af290f8a31170e0b,station,倉敷,34.601682,133.76554,2
mlit:st-af291de780e2092b,station,箕浦,34.048025,133.61951,2
mlit:st-af2b1402e7bfb99b,station,金谷川,37.68071,140.452005,2
mlit:st-af32bc8a327d0e65,station,川治湯元,36.895205,139.702767,2
mlit:st-af3e409da0cb5516,station,西木場,33.355735,129.638605,2
mlit:st-af42e66a5bfb4fe6,station,島越,39.915725,141.939665,2
mlit:st-af44702b30d37e8a,station,吉永,34.812245,134.204415,2
mlit:st-af4c814da50800ff,station,羽床,34.2411,133.90183,2
mlit:st-af559c0c2cd6a112,station,北浦湖畔,36.120465,140.536815,2
mlit:st-af55e404c018817c,station,東部市場前,34.63809,135.53768,2
mlit:st-af609a995da6b40f,station,御嵩口,35.43131,137.121735,2
mlit:st-af65cb72e1e353ee,station,田奈,35.535922,139.504593,2
mlit:st-af68d1cd8c066c17,station,自由ヶ丘,35.17539,136.966805,2
mlit:st-af6958eb4ef3a285,station,西金,36.69549,140.38652,2
mlit:st-af6c0419d2b21a1c,station,大学前,35.08778,136.184675,2
mlit:st-af7988e35e390fde,station,計算科学センター,34.65481,135.221535,2
mlit:st-af79e3861f60e8d3,station,播磨町,34.716675,134.86813,2
mlit:st-af877722b3e5a4dd,station,駿河小山,35.35924,138.997582,2
mlit:st-af8bc99ee9b85b3f,station,出雲神西,35.325265,132.70271,2
mlit:st-af99c0ffb1624fa8,station,木古内,41.677889,140.433991,2
mlit:st-af9bd4c686ed8ed1,station,三国,34.737477,135.48295,2
mlit:st-afaa33a982380b80,station,羽黒下,36.166395,138.489645,2
mlit:st-afb2c4b87cfe1285,station,高崎,36.322035,139.012553,2
mlit:st-afb35f92f3116925,station,篠ノ井,36.576957,138.138073,2
mlit:st-afb86214c71391f8,station,三川,42.94505,141.80079,2
mlit:st-afbf2421312a7b7a,station,影野,33.275957,133.173573,2
mlit:st-afc727a712f3004e,station,浜金谷,35.168195,139.82226,2
mlit:st-afdf42fcb63fea3c,station,末広町,36.744485,137.013445,2
mlit:st-afe418483bcf6cd3,station,桟橋車庫前,33.541285,133.552235,2
mlit:st-afe88bdd293ee2b1,station,横手,39.31028,140.560435,2
mlit:st-afe97597a093a309,station,気賀,34.8072,137.65195,2
mlit:st-afe988bcdd7b9f45,station,生野,35.16322,134.78913,2
mlit:st-aff74a029e6b4562,station,ケーブル八幡宮山上,34.880932,135.699869,2
mlit:st-affdf77e9ec6d90b,station,球泉洞,32.26796,130.608165,2
mlit:st-afffb633e3eccdb9,station,小川原,40.709795,141.299945,2
mlit:st-b0093302aa75a35d,station,御茶ノ水,35.69988,139.764822,2
mlit:st-b00a346dc5633f5c,station,薬水,34.407775,135.74329,2
mlit:st-b00ce8d6dcdb5ff1,station,豊後荻,32.92692,131.29762,2
mlit:st-b01201d71ceeab56,station,芦野公園,40.912235,140.45165,2
mlit:st-b0373380850d0263,station,新大阪,34.733621,135.500498,2
mlit:st-b044a9a4ceefd85b,station,村山,36.659285,138.280265,2
mlit:st-b047479a595f6120,station,槻木,38.07914,140.810183,2
mlit:st-b04f793099472572,station,家庭裁判所前,34.401315,132.465875,2
mlit:st-b05fba5f3d12c497,station,新木曽川,35.342045,136.779385,2
mlit:st-b0618d0299a70652,station,佐和,36.43047,140.54051,2
mlit:st-b06481fac6b24603,station,東宿郷,36.558329,139.903016,2
mlit:st-b06db2586f18821f,station,上浜,39.16469,139.9029,2
mlit:st-b072a4c6c46e6398,station,表木山,31.796085,130.745175,2
mlit:st-b074619f1b9fe5fe,station,古川,38.570674,140.967782,2
mlit:st-b077d3b45952f815,station,阿波海南,33.606341,134.350931,2
mlit:st-b078a655e0d02b4a,station,小木津,36.63664,140.675295,2
mlit:st-b07e6cad77a5e000,station,東刈谷,34.977355,137.043635,2
mlit:st-b07fa097a8066e18,station,倉賀野,36.300233,139.049622,2
mlit:st-b086600f6e87ae8e,station,岩槻,35.95025,139.69313,2
mlit:st-b08bb1e294de7afb,station,水成川,31.257155,130.43056,2
mlit:st-b08e0b4705cb8ab3,station,稲毛,35.637715,140.092277,2
mlit:st-b091130d8a8496aa,station,荏原町,35.60381,139.707545,2
mlit:st-b0996bdc8fde696d,station,県総合運動場,34.993415,138.430205,2
mlit:st-b0a00376f2b3b8b0,station,東村山,35.759965,139.46586,2
mlit:st-b0a867009cc4a1d2,station,国府多賀城,38.301084,140.99474,2
mlit:st-b0abf3fe5f779842,station,赤坂,36.397235,139.11734,2
mlit:st-b0afb875f01c4d71,station,熊野市,33.889645,136.098775,2
mlit:st-b0cab57410201d29,station,磐田,34.710215,137.85227,2
mlit:st-b0d75c6ddd9ec1b4,station,東海学園前,32.811275,130.74266,2
mlit:st-b0d8052511d95d39,station,六本木一丁目,35.665075,139.7389,2
mlit:st-b0dd6162c213065d,station,テクノさかき,36.44058,138.1882,2
mlit:st-b0ddd0afa5d624e1,station,中八木,34.6708,134.93616,2
mlit:st-b0f3678de4d09d7d,station,大倉山,34.6847,135.174675,2
mlit:st-b0fe2436121898fc,station,皆実町二丁目,34.377395,132.466015,2
mlit:st-b1040dc522d8b2ef,station,泉,36.955575,140.854085,2
mlit:st-b104cb939db825b6,station,小菅,35.758685,139.81265,2
mlit:st-b10c2721c0bf5200,station,宇奈月,36.81516,137.58563,2
mlit:st-b11482cecff207ed,station,茶志内,43.369805,141.873355,2
mlit:st-b1225d58cc118e5c,station,尼子,35.214025,136.24618,2
mlit:st-b131a5aa06cac7e0,station,東福間,33.773855,130.510705,2
mlit:st-b1366858332703a2,station,米原,35.314396,136.289869,2
mlit:st-b139ef2e43c3e593,station,木尾,35.606325,136.938545,2
mlit:st-b13d2cf7dc4df4f6,station,淀江,35.457035,133.429805,2
mlit:st-b1609fd4873c817e,station,半家,33.20179,132.79196,2
mlit:st-b1646403c3e1ac0f,station,西京極,34.992537,135.71852,2
mlit:st-b17f628b4d915524,station,西黒崎,33.86633,130.76168,2
mlit:st-b182b5b5c2074a75,station,幕張豊砂,35.658161,140.027073,2
mlit:st-b1848abd859a791c,station,江迎鹿町,33.30678,129.627095,2
mlit:st-b191475d4ecd67d6,station,大歳,34.14697,131.43265,2
mlit:st-b194d79ba6d77626,station,豊前長洲,33.564641,131.383237,2
mlit:st-b1a2901b86e4e382,station,比土,34.676245,136.160627,2
mlit:st-b1a2d414a70e61cc,station,箕谷,34.756905,135.155755,2
mlit:st-b1ac675394c91336,station,久ノ浜,37.14247,140.995775,2
mlit:st-b1b7afbcfe7c23db,station,金島,36.529513,138.976512,2
mlit:st-b1b7cdf997de0689,station,ゆだ高原,39.30108,140.73717,2
mlit:st-b1b94eaed02a64e3,station,青堀,35.330565,139.85888,2
mlit:st-b1bb7e8cadea388f,station,健軍交番前,32.77946,130.757465,2
mlit:st-b1bc0f5da569e5c6,station,岩波,35.21513,138.919258,2
mlit:st-b1c11dbf7fda8a42,station,神町,38.41231,140.37849,2
mlit:st-b1c7b6e678d7e70b,station,伊勢若松,34.869495,136.61679,2
mlit:st-b1c7e7686b416501,station,北大曲,39.489495,140.498065,2
mlit:st-b1ccaf6597331c3b,station,内野,37.858487,138.936882,2
mlit:st-b1d32d6b7e7166f2,station,長町南,38.224715,140.87699,2
mlit:st-b1d3f8b192652b9b,station,味鋺,35.222814,136.936269,2
mlit:st-b1e9f69ea7f36391,station,池袋,35.730046,139.710597,2
mlit:st-b1eaf3733b03a7e9,station,白久,35.958915,138.99328,2
mlit:st-b1eb3c6a031d38f3,station,小島,34.050265,134.10715,2
mlit:st-b1ecb397219a75be,station,御井,33.312665,130.56266,2
mlit:st-b1f46023687c5a2c,station,青島,31.799525,131.46702,2
mlit:st-b1f60e4e524fe826,station,巻,37.756985,138.889595,2
mlit:st-b1fb35c334df2b1c,station,東福生,35.745748,139.335888,2
mlit:st-b1fd2cbfd809080d,station,門戸厄神,34.757045,135.35824,2
mlit:st-b1ff271b70c1f7db,station,木上,32.224275,130.85891,2
mlit:st-b20803a915540fbb,station,平和公園,32.77449,129.86201,2
mlit:st-b21baa2aa76cc384,station,松ノ浜,34.508863,135.414623,2
mlit:st-b22106ae769d5e17,station,赤坂,35.672113,139.73644,2
mlit:st-b2216cd6c2e8e239,station,長崎駅前,32.752555,129.87182,2
mlit:st-b22289a34fbe261f,station,備中高松,34.686305,133.82258,2
mlit:st-b232c22987268427,station,美乃浜学園,36.372109,140.616912,2
mlit:st-b25e66e4b6ef4b42,station,摩耶ケーブル,34.72009,135.216005,2
mlit:st-b265aeaa408445fb,station,種市,40.410385,141.715195,2
mlit:st-b268a2863efd19fb,station,秋川,35.72805,139.28675,2
mlit:st-b26edbcc173d36c2,station,永田町,35.678214,139.740035,2
mlit:st-b281aa61bd5060e6,station,筑前岩屋,33.43078,130.88156,2
mlit:st-b28de3a677e5abcd,station,磯子,35.400575,139.61847,2
mlit:st-b28f3b0fa4298799,station,板谷,37.81133,140.26816,2
mlit:st-b291523434b4b8ef,station,北中込,36.25491,138.4767,2
mlit:st-b2b9c98b65fc5347,station,日赤病院前,34.38074,132.455935,2
mlit:st-b2c406d28effbab0,station,大城,33.35099,130.607815,2
mlit:st-b2c5d0c4b1485003,station,八多喜,33.56245,132.540775,2
mlit:st-b2cb1753c8180b8e,station,松ヶ浦,31.25889,130.394665,2
mlit:st-b2d1a9bbc7102958,station,あきた白神,40.38649,139.98803,2
mlit:st-b2d23b4faf021ed8,station,南桜井,34.906007,137.076937,2
mlit:st-b2de22cb657dfbf8,station,洋光台,35.37881,139.596937,2
mlit:st-b2e7cf9ee0a5c8cb,station,香椎,33.659627,130.444142,2
mlit:st-b2ea6abf3236750c,station,五箇荘,35.15484,136.19725,2
mlit:st-b2ebf9364f3f21c8,station,鵜飼,34.568,133.24455,2
mlit:st-b2f00af86aa870cf,station,岡見,34.77181,131.912615,2
mlit:st-b301ddf21c33b541,station,公園上,35.249123,139.043297,2
mlit:st-b305cf528e151b13,station,新田,35.85411,139.795425,2
mlit:st-b30720b3a31f60e8,station,宍喰,33.56693,134.30072,2
mlit:st-b310ee7359d2ead4,station,石原,36.14756,139.369005,2
mlit:st-b31833e0ef9b0b9b,station,竜田,37.282308,141.002772,2
mlit:st-b31a64fd480228ca,station,芦ヶ久保,35.976405,139.136,2
mlit:st-b31c978994284dcc,station,陸前原ノ町,38.266093,140.91085,2
mlit:st-b322985b2c3b8cbd,station,高知商業前,33.55836,133.49756,2
mlit:st-b32aa16a6b63049f,station,Jヴィレッジ,37.242072,141.007538,2
mlit:st-b32fe91fa0b2efc2,station,越中泉,36.69989,137.327285,2
mlit:st-b332daa117762921,station,中深川,34.481095,132.533385,2
mlit:st-b33d3d2aec64e9ed,station,貝田,37.90811,140.58098,2
mlit:st-b33e09a27c82d729,station,滝宮,34.24817,133.9224,2
mlit:st-b345547b3fc0418b,station,新吉野,42.778245,143.608295,2
mlit:st-b348333bca5c6962,station,長万部,42.512638,140.375222,2
mlit:st-b34d774a291be8a8,station,ケーブル八瀬,35.066925,135.808905,2
mlit:st-b3584419d0a4cf21,station,北春日部,35.98994,139.74432,2
mlit:st-b35fe0407da1af57,station,本川町,34.396785,132.450495,2
mlit:st-b360999d475665c4,station,地福,34.362755,131.674205,2
mlit:st-b36b2d977fdb9dc8,station,帯解,34.643215,135.8262,2
mlit:st-b370a927f3d066e9,station,横屋,35.38693,136.65956,2
mlit:st-b380762b6186946e,station,日進,35.11839,137.048775,2
mlit:st-b39921ef0e2515d4,station,伊予市,33.75556,132.702605,2
mlit:st-b3a275358cf7266f,station,都電雑司ヶ谷,35.724067,139.717817,2
mlit:st-b3a7e3bdfe7a7a8c,station,追分,42.87328,141.8107,2
mlit:st-b3ab1449d472b86d,station,本八幡,35.7221,139.927143,2
mlit:st-b3b1761c5470f32a,station,上桧木内,39.81803,140.582545,2
mlit:st-b3bdd9c45e2967f5,station,武蔵藤沢,35.82085,139.412755,2
mlit:st-b3c1950481f40c47,station,吾桑,33.430275,133.295665,2
mlit:st-b3c74f712948f3b9,station,西羽生,36.176585,139.52446,2
mlit:st-b3ca8ce695569b80,station,越前野中,36.08289,136.376877,2
mlit:st-b3cc333c22da4600,station,下ノ江,33.158683,131.811113,2
mlit:st-b3cc991deb06866f,station,南鳥海,38.98743,139.898715,2
mlit:st-b3f1838ae46f9a37,station,八丁堀,34.394298,132.463407,2
mlit:st-b3f349577f175fea,station,京セラ前,35.07484,136.180405,2
mlit:st-b3f682bbd19b3da3,station,羽黒,36.3553,140.143005,2
mlit:st-b4025864467eadc6,station,逗子,35.297406,139.578354,2
mlit:st-b406ff547e01f591,station,江戸川,35.737835,139.895872,2
mlit:st-b40f1db938d0f79b,station,河内堅上,34.574363,135.663183,2
mlit:st-b41a706fc4bf49ef,station,矢倉,36.55272,138.78435,2
mlit:st-b4201f1673bf9868,station,端岡,34.30505,133.96807,2
mlit:st-b42a720b2f179bab,station,瀬戸市,35.225913,137.078443,2
mlit:st-b42b9abe88979fc3,station,大神宮下,35.693967,139.99137,2
mlit:st-b432f71f8a20521a,station,坪井川公園,32.82142,130.719055,2
mlit:st-b4345112f6c81153,station,六田,34.39008,135.822985,2
mlit:st-b43840db7ed86102,station,宝塚,34.810775,135.340878,2
mlit:st-b4482e71f68e86b4,station,西相知,33.34749,129.99045,2
mlit:st-b44c401ae5dd6eda,station,村上,38.21988,139.463315,2
mlit:st-b44d826efa3e5bc6,station,伊予小松,33.8976,133.116515,2
mlit:st-b456060a7c23c8cb,station,神ノ木,34.61583,135.49674,2
mlit:st-b45b856995b481f2,station,柏農高校前,40.601865,140.56445,2
mlit:st-b45cb657cac0a188,station,桐生球場前,36.41918,139.297873,2
mlit:st-b464b7a4400dcdd2,station,小舟渡,36.075533,136.434053,2
mlit:st-b467050179b223c5,station,伊集院,31.63016,130.39581,2
mlit:st-b477447317ed5139,station,港南中央,35.40123,139.591215,2
mlit:st-b48aa7a8f49e3144,station,上栄町,35.00518,135.86019,2
mlit:st-b48f701fdcea8fe4,station,十川,40.81754,140.457055,2
mlit:st-b491ec0cac187302,station,豊原,37.054968,140.155085,2
mlit:st-b49448860cb63402,station,大網,35.522702,140.311308,2
mlit:st-b499f091e0c2f4be,station,越後鹿渡,37.04809,138.671595,2
mlit:st-b4a2e5c23d4bb6d9,station,江南,35.334697,136.872057,2
mlit:st-b4a718cbd8958bd4,station,平和通一丁目,33.847715,132.77445,2
mlit:st-b4ad3795a20de0b1,station,立野,33.41255,130.539283,2
mlit:st-b4b3b732ff171b8d,station,新八日市,35.110475,136.192085,2
mlit:st-b4bcf76bcebc7cc6,station,公文明,34.26663,134.16234,2
mlit:st-b4bd4f2e6644c3ef,station,上牧,36.73563,138.984565,2
mlit:st-b4da0d7427b449a4,station,大谷地,43.02793,141.453145,2
mlit:st-b4da865215b99a9d,station,刈谷市,34.984683,136.99394,2
mlit:st-b4dba3da84c358b9,station,上総鶴舞,35.381305,140.165063,2
mlit:st-b4e5265cba4112d9,station,上福岡,35.87387,139.51187,2
mlit:st-b4ec1d0a1aedd4e9,station,大阪城公園,34.687912,135.534402,2
mlit:st-b4f1835404583d5a,station,多摩湖,35.765785,139.442715,2
mlit:st-b5074c153bbb54f3,station,北河内,33.74322,134.53522,2
mlit:st-b5141441f5653433,station,名立,37.155695,138.092337,2
mlit:st-b51a8461389a1de8,station,谷地頭,41.753205,140.716545,2
mlit:st-b522b839aad98976,station,薩摩塩屋,31.25714,130.3762,2
mlit:st-b534b0ef542dac19,station,領石通,33.57382,133.607915,2
mlit:st-b53d23b5b92f96a3,station,九頭竜湖,35.90449,136.66147,2
mlit:st-b5413dea53d1da6e,station,新鳥栖,33.370109,130.490984,2
mlit:st-b542f879c9293c75,station,上二田,39.868975,140.004085,2
mlit:st-b54978f7829569cb,station,熊本高専前,32.878212,130.746284,2
mlit:st-b55794c5130e3b55,station,蓮,36.80884,138.349185,2
mlit:st-b5618079babf9025,station,粕川,36.41681,139.21091,2
mlit:st-b56f41c6b81d54c3,station,津軽中里,40.964885,140.44101,2
mlit:st-b578f26410658bc3,station,南日永,34.949905,136.601025,2
mlit:st-b578f9bb07395869,station,志摩横山,34.333975,136.81836,2
mlit:st-b57f08e4d044488b,station,上大井,35.32179,139.16363,2
mlit:st-b581ee3c2d7f5148,station,筑前深江,33.51543,130.139805,2
mlit:st-b58597c337524fde,station,総元,35.24057,140.24036,2
mlit:st-b592645c0da72c33,station,市役所前,31.597265,130.55814,2
mlit:st-b5940c1acfebe7ef,station,南桑,34.20947,132.02097,2
mlit:st-b59589051f2948cf,station,栗丘,43.08559,141.744387,2
mlit:st-b59989518643abc6,station,比良,35.2286,136.90293,2
mlit:st-b59a7e493fc47d54,station,糸崎,34.391737,133.105127,2
mlit:st-b59c275c7be47632,station,電鉄出雲市,35.361145,132.757805,2
mlit:st-b59dc43eedaf9104,station,衣摺加美北,34.638432,135.567124,2
mlit:st-b59eaa8a74e28dca,station,関下有知,35.513525,136.91458,2
mlit:st-b5ab9ae68969f7be,station,出島,32.743903,129.871808,2
mlit:st-b5b07c6462b9bbe8,station,麻植塚,34.075105,134.37638,2
mlit:st-b5b6e1133cab8f35,station,上市場,35.050195,137.752415,2
mlit:st-b5b908bb93ee45d5,station,薬園台,35.7091,140.036705,2
mlit:st-b5bad03244dd559e,station,東青梅,35.789815,139.272805,2
mlit:st-b5c568bd6914b001,station,紀伊中ノ島,34.24285,135.19019,2
mlit:st-b5d2adb8c007cd26,station,山河内,33.71512,134.485295,2
mlit:st-b5d4a27df3ca2792,station,相模金子,35.333883,139.150432,2
mlit:st-b5dbf6df7153d11b,station,大阪難波,34.667057,135.49903,2
mlit:st-b5ddca221d08c6d4,station,石橋,32.73448,129.872395,2
mlit:st-b5e4870c41905884,station,東岡崎,34.95203,137.16745,2
mlit:st-b5e91e20508b2234,station,磐梯町,37.557367,139.993432,2
mlit:st-b5ee9f769953af22,station,横田,35.386205,140.02013,2
mlit:st-b5f0f522dcaad6c8,station,杭瀬,34.71831,135.43868,2
mlit:st-b607657683b71f63,station,五十崎,33.538075,132.636355,2
mlit:st-b612d443f146d936,station,角川,36.299905,137.113355,2
mlit:st-b61a1a07172c6d8b,station,スクリーン,35.233305,136.267175,2
mlit:st-b61a78671fdc1b6e,station,近鉄八田,35.149525,136.854338,2
mlit:st-b6290d0fa8b096b4,station,検見川,35.65251,140.06676,2
mlit:st-b63a5ff1d3a56b1a,station,八王子みなみ野,35.63126,139.330965,2
mlit:st-b6444bdc859ce6a5,station,伊予出石,33.59636,132.49885,2
mlit:st-b656e24956b9b55f,station,浅香山,34.589433,135.491003,2
mlit:st-b657d9e0d1b691c0,station,紀伊新庄,33.720985,135.40236,2
mlit:st-b65b5984c36e63f6,station,ちはら台,35.53369,140.170122,2
mlit:st-b65f375368819719,station,海浜幕張,35.6484,140.041995,2
mlit:st-b666fb7c90e90652,station,天塩川温泉,44.665075,142.25872,2
mlit:st-b6723413ebbfce1a,station,伊勢治田,35.132755,136.514745,2
mlit:st-b673999a83202127,station,早雲山,35.24646,139.035825,2
mlit:st-b67528ff395f2744,station,上滝,36.60955,137.29569,2
mlit:st-b68648ba9e972f4a,station,有畑,41.132005,141.2765,2
mlit:st-b687b78e793b17a8,station,南町田グランベリーパーク,35.511515,139.47044,2
mlit:st-b6a40810e4851cfe,station,竹芝,35.654065,139.762015,2
mlit:st-b6b00c2322c6a0cd,station,帯織,37.573005,138.92856,2
mlit:st-b6b5e85bc166c917,station,希望ヶ丘,35.46054,139.513475,2
mlit:st-b6b953c69d21b6fd,station,海山道,34.943317,136.62296,2
mlit:st-b6cb47ec8051843a,station,広木,31.57699,130.503453,2
mlit:st-b6d4524d85ed24b7,station,井倉,34.93173,133.51624,2
mlit:st-b6d935465c8b1411,station,箱根ヶ崎,35.771695,139.346735,2
mlit:st-b6da2b74291ddcdd,station,宮町,34.497845,136.698565,2
mlit:st-b6e36d658b8908d1,station,新屋,36.4137,139.19659,2
mlit:st-b6e5791fd0f9188e,station,大麻,43.072177,141.49658,2
mlit:st-b6eeb3f541c7fde8,station,山本,33.39326,129.98127,2
mlit:st-b6f6150ac78be5fd,station,門出,34.850119,138.119378,2
mlit:st-b70f910d043f4fff,station,けやき台,33.434115,130.53336,2
mlit:st-b710a9a15cc270d1,station,姥堂,37.615997,139.880987,2
mlit:st-b718fbbeef8e70bd,station,油須原,33.612745,130.88431,2
mlit:st-b71f1e30521130eb,station,つくば,36.082425,140.110545,2
mlit:st-b72738f5f9b2be95,station,平井,35.706573,139.842582,2
mlit:st-b72a461bdb8d435e,station,直江,35.38371,132.807625,2
mlit:st-b72e48cf620b057a,station,備前片岡,34.544245,133.86123,2
mlit:st-b737dfca265b569e,station,下野花岡,36.649985,140.008675,2
mlit:st-b73bb810f25b4813,station,篠原,35.09928,136.07176,2
mlit:st-b73dd27e9a0839a8,station,竜野,34.82546,134.52196,2
mlit:st-b74402d2ba73560f,station,新郷,36.17126,139.510495,2
mlit:st-b746ae09bdf72302,station,南石井,36.89471,140.41693,2
mlit:st-b747e4c960652f46,station,碧南中央,34.88731,136.98944,2
mlit:st-b74e03fcce181254,station,苗穂,43.068597,141.373705,2
mlit:st-b75c7f74feca0af2,station,一橋学園,35.722105,139.480065,2
mlit:st-b75e3d1672ce60fe,station,小針,37.8895,138.991125,2
mlit:st-b7694d4260fe1740,station,藤阪,34.81444,135.70275,2
mlit:st-b7698dd696a6bc52,station,尾上高校前,40.626653,140.577027,2
mlit:st-b76f8bc58b03e00f,station,河佐,34.58995,133.16673,2
mlit:st-b77ae66a67a938c5,station,小田急永山,35.629897,139.448133,2
mlit:st-b780a02db7987b0a,station,江部乙,43.62763,141.93592,2
mlit:st-b78c565337c0d613,station,鶴ヶ島,35.93679,139.42391,2
mlit:st-b79265e7b28b6e8f,station,隅田,34.32809,135.655575,2
mlit:st-b7955b9bfd48433f,station,荒川一中前,35.73369,139.788805,2
mlit:st-b799806bb7c0eb4d,station,棚方,33.201595,129.651795,2
mlit:st-b7a0d3dc5e4b1a4b,station,甲斐常葉,35.444685,138.47697,2
mlit:st-b7a3cb20b7814993,station,西寒河江,38.379583,140.266587,2
mlit:st-b7a6d0298650f70c,station,陸中野田,40.116075,141.81909,2
mlit:st-b7ab007878c56857,station,関富岡,35.478535,136.944935,2
mlit:st-b7ade81db2527871,station,馬橋,35.81189,139.917178,2
mlit:st-b7af26dd297e40f5,station,高水,34.055435,131.973,2
mlit:st-b7bc48324eb80fa4,station,衣笠,35.25711,139.66099,2
mlit:st-b7bde128fb9df512,station,有明テニスの森,35.63998,139.788895,2
mlit:st-b7be6decd8327cc1,station,虎ノ門ヒルズ,35.66733,139.747775,2
mlit:st-b7bee1ff60d74c18,station,宮崎神宮,31.938685,131.430635,2
mlit:st-b7c0fd31419bab47,station,東長原,37.566525,139.948125,2
mlit:st-b7c6d643ccc74abf,station,厚内,42.80952,143.814445,2
mlit:st-b7cfc6620d650f60,station,蓮池町通,33.562115,133.54316,2
mlit:st-b7d56530b9de5c6c,station,植苗,42.713615,141.735285,2
mlit:st-b7d94b9781b9c0a5,station,東中山,35.71442,139.952635,2
mlit:st-b7ec480b53ffa1ad,station,北習志野,35.721508,140.04232,2
mlit:st-b7ec63cc8eb1d015,station,桜川,34.668355,135.488401,2
mlit:st-b7ff6e73d87e3a95,station,名寄,44.349353,142.465415,2
mlit:st-b807f587090d7cb7,station,いわき,37.05822,140.892355,2
mlit:st-b809086b3167f804,station,杉田,35.383905,139.61561,2
mlit:st-b80c6d2e4af100c6,station,咥内,33.552525,133.47111,2
mlit:st-b810f76b45572c2a,station,相模原,35.581487,139.370623,2
mlit:st-b820fdf72e8c0f60,station,千里丘,34.79144,135.55142,2
mlit:st-b82e5c20aa940a7e,station,朝日大塚,35.05099,136.19358,2
mlit:st-b83314956e0fab5f,station,卸町,37.795455,140.47948,2
mlit:st-b838f3e72da54297,station,草津,34.381495,132.40392,2
mlit:st-b83be12bbc7c7102,station,東湊,34.564815,135.4627,2
mlit:st-b84536bde1bb0ca7,station,島原港,32.768638,130.370109,2
mlit:st-b8474d234d777790,station,常陸青柳,36.383537,140.484463,2
mlit:st-b84e7b3a9acd18d6,station,旭駅前通,33.555955,133.509645,2
mlit:st-b8538593167b4452,station,南桜井,35.9806,139.808395,2
mlit:st-b85bed851c384a95,station,内宿,36.013805,139.59998,2
mlit:st-b85dbc56073d20e9,station,東名古屋港,35.08909,136.899185,2
mlit:st-b85e9a8cb0dc7a6b,station,北宇智,34.382286,135.714467,2
mlit:st-b87e3f879da8621d,station,田沢湖,39.700443,140.722292,2
mlit:st-b8890d5685be5475,station,周防高森,34.090645,132.04558,2
mlit:st-b89d5d43d980087e,station,西熊本,32.762507,130.683057,2
mlit:st-b8a09ca65a2217a2,station,福岡,36.708285,136.932075,2
mlit:st-b8a1ee41926d1906,station,勾当台公園,38.26673,140.8712,2
mlit:st-b8a9bb5b685020a8,station,大久保,34.87463,135.77706,2
mlit:st-b8b502da9c98eb97,station,日向住吉,31.99105,131.45788,2
mlit:st-b8bba67e9ad45d2d,station,羽貫,36.00716,139.60852,2
mlit:st-b8cb85ff52950155,station,三見,34.397215,131.33018,2
mlit:st-b8d45a102c1935a6,station,水田,34.30305,134.092535,2
mlit:st-b8de7887b5dfca5e,station,明大前,35.668721,139.650465,2
mlit:st-b8e6ac2d391ac45b,station,泊,36.95192,137.55601,2
mlit:st-b8eeafef69f99c31,station,三室戸,34.89896,135.80637,2
mlit:st-b8fbe60d2be55e24,station,小佐野,39.26457,141.83647,2
mlit:st-b8fe6fa724f8e637,station,栗林公園,34.32852,134.05108,2
mlit:st-b90566051b234530,station,岐南,35.38978,136.769245,2
mlit:st-b90e88b0da868d74,station,二ノ瀬,35.097625,135.762985,2
mlit:st-b914143ec034c3d8,station,朝潮橋,34.660765,135.448695,2
mlit:st-b916707368e543b5,station,三崎口,35.178218,139.633358,2
mlit:st-b91710f31506f704,station,牧落,34.82347,135.4659,2
mlit:st-b91c6ea518b6aa1a,station,渕高,35.213945,136.727355,2
mlit:st-b91fd5962e162e56,station,水郷,35.885455,140.570175,2
mlit:st-b9219821353b2c91,station,福,34.699825,135.442735,2
mlit:st-b92227bbc568390d,station,甘露寺前,34.213295,135.30137,2
mlit:st-b92282065b44882b,station,ベル前,36.033485,136.213865,2
mlit:st-b93293aec4001f04,station,戸田小浜,34.673035,131.73785,2
mlit:st-b939f606b84e6ca0,station,旭川四条,43.76401,142.37582,2
mlit:st-b93c1cdf6c5ffa98,station,交野市,34.786915,135.67564,2
mlit:st-b947a3bf5ec71385,station,大手町,33.839745,132.75523,2
mlit:st-b9611e33ae07c97e,station,大森,34.737868,137.509702,2
mlit:st-b96428b6902ae426,station,白糠,42.95617,144.0769,2
mlit:st-b973e7a40ad12b02,station,長崎,32.752433,129.868886,2
mlit:st-b9778e7ccef8b4fb,station,勅旨,34.893665,136.07313,2
mlit:st-b97d6dfa27a635d9,station,紀伊,34.269255,135.246265,2
mlit:st-b97ea2b09949bb9c,station,旦過,33.88062,130.88019,2
mlit:st-b97ec0fd8729b373,station,よしかわ,33.54596,133.71041,2
mlit:st-b97fd25821294b9a,station,中学校,35.740125,140.14846,2
mlit:st-b9802bb329a6afd0,station,えちご押上ひすい海岸,37.048244,137.878404,2
mlit:st-b980e2897c440dc3,station,栗平,35.60575,139.481295,2
mlit:st-b99257db0e066ad9,station,直方,33.748113,130.724805,2
mlit:st-b997db0d98c2e222,station,新田,34.87434,135.78073,2
mlit:st-b99a0544632b224b,station,羽衣,34.53431,135.44172,2
mlit:st-b99ab7da310ca688,station,滝山,34.843085,135.42114,2
mlit:st-b9a7e1e5517f86f1,station,鮎喰,34.077455,134.50624,2
mlit:st-b9aacfaca2ca136f,station,霞ヶ浦,34.993433,136.636917,2
mlit:st-b9adcdf7a3fe8f6c,station,東中央町,34.65466,133.926255,2
mlit:st-b9b3334f0c5a325b,station,津幡,36.65788,136.730735,2
mlit:st-b9b61f8c372c974d,station,五稜郭公園前,41.78926,140.752085,2
mlit:st-b9b9e0237ee602be,station,神泉,35.65718,139.693252,2
mlit:st-b9bc9619f3d01d24,station,牟礼,36.753217,138.24681,2
mlit:st-b9c353eb152957ca,station,川西池田,34.82489,135.40981,2
mlit:st-b9c6645196eefcb9,station,市川塩浜,35.666232,139.923525,2
mlit:st-b9ca7d2fe1832b00,station,府中,34.571525,133.236465,2
mlit:st-b9d0cc148d219f46,station,米山,37.316857,138.43146,2
mlit:st-b9d31cefa2644c10,station,茂吉記念館前,38.17136,140.29827,2
mlit:st-b9d73496f8f4cc0c,station,梶田,34.71089,133.05944,2
mlit:st-b9d773db7d9811fa,station,群馬八幡,36.33766,138.95749,2
mlit:st-b9e0c39974680d18,station,鳥居本,35.284775,136.283035,2
mlit:st-b9e1cbeeb02a4802,station,庄内緑地公園,35.215025,136.886615,2
mlit:st-b9e68707c908f974,station,入曽,35.832385,139.427185,2
mlit:st-b9ec1201e5a4707c,station,信州中野,36.744647,138.364927,2
mlit:st-b9f4128624c6d084,station,羽前長崎,38.33291,140.27307,2
mlit:st-b9f8431abf4ed016,station,中原,33.34629,130.44012,2
mlit:st-b9fa0d31ed0783ed,station,寸座,34.790137,137.612587,2
mlit:st-ba09886529af9973,station,内灘,36.63323,136.634184,2
mlit:st-ba0a11896d3fa231,station,石蟹,34.95473,133.479555,2
mlit:st-ba1bf05376430faa,station,東所沢,35.79489,139.51454,2
mlit:st-ba1f0235d658bce1,station,南大分,33.21401,131.586285,2
mlit:st-ba246d16b1dccc1b,station,八橋,35.503097,133.673587,2
mlit:st-ba3b238be0995efd,station,段,32.46818,130.645765,2
mlit:st-ba3e7d81747ae7c8,station,くびき,37.198145,138.361635,2
mlit:st-ba40bbb4b91602da,station,下妻,36.182285,139.96448,2
mlit:st-ba4dd215f2e8afd7,station,小中野,40.51878,141.5101,2
mlit:st-ba4ea241e78f0b5d,station,西佐川,33.512635,133.28667,2
mlit:st-ba54ba8bcb4838d3,station,下伊田,33.652095,130.806755,2
mlit:st-ba58312cc74db6f6,station,原当麻,35.528995,139.375365,2
mlit:st-ba5ca8fe18a34ec4,station,観音,35.728905,140.839845,2
mlit:st-ba626b316df32824,station,桜島,34.662143,135.43238,2
mlit:st-ba7809ec7676f030,station,心斎橋,34.67488,135.49971,2
mlit:st-ba79c9bb19aa56ee,station,屋島,34.336765,134.10958,2
mlit:st-ba804bad4e8a7252,station,南郷13丁目,43.035725,141.422965,2
mlit:st-ba8815e2b756eac7,station,おごと温泉,35.096895,135.894563,2
mlit:st-ba8877fb1f9d4320,station,草薙,35.001854,138.441794,2
mlit:st-ba8ef2ae5bab84fe,station,京橋,35.676797,139.77017,2
mlit:st-ba95bf6973872649,station,旭前,35.214155,137.01975,2
mlit:st-ba9bc2fbdc049d29,station,西阿知,34.58579,133.72792,2
mlit:st-bac1d775b2b584e5,station,川合高岡,34.656405,136.43677,2
mlit:st-bac300cbdd07db1f,station,竹松,32.94006,129.95303,2
mlit:st-bad58f1252a6de79,station,中条,38.04989,139.398,2
mlit:st-bad9903ecb5e175a,station,上境,36.937985,138.41904,2
mlit:st-badd2ac8a2f72741,station,宇都宮,36.559461,139.898526,2
mlit:st-bae10642629ce880,station,宮内,37.422128,138.840115,2
mlit:st-bae5e7fd3dc292b8,station,港町,35.535065,139.71262,2
mlit:st-bae95776b22c9f97,station,八色,37.191755,138.93511,2
mlit:st-baf83fcdd8a4c381,station,県庁前,33.84117,132.766345,2
mlit:st-bafde51fcd1d35c0,station,千川,35.738175,139.6894,2
mlit:st-bb04b8bef54b58af,station,大浦天主堂,32.736255,129.870967,2
mlit:st-bb14aff087568cd3,station,電鉄富山,36.70052,137.21474,2
mlit:st-bb1b4d335465b669,station,室生口大野,34.566127,136.015277,2
mlit:st-bb1ca8feb148aff3,station,かるが浜,34.264142,132.517158,2
mlit:st-bb2f0d9dbb5a70cf,station,鹿島サッカースタジアム,35.993065,140.63591,2
mlit:st-bb46b82bda3ce4ba,station,黒江,34.1709,135.210075,2
mlit:st-bb4772f595042dcb,station,宮ノ前,35.749885,139.765765,2
mlit:st-bb543a05cbc04a73,station,東水戸,36.361907,140.515783,2
mlit:st-bb5515d30bc7c73f,station,芝山千代田,35.75402,140.39961,2
mlit:st-bb5868cea80df40e,station,陸奥柳田,40.741035,140.1246,2
mlit:st-bb5a2f1684f2efd9,station,大館,40.28808,140.555785,2
mlit:st-bb5e5748df26e167,station,鳴尾・武庫川女子大前,34.719683,135.370387,2
mlit:st-bb621015a17e0102,station,西府,35.670935,139.45739,2
mlit:st-bb6dca2424940e39,station,南太田,35.43689,139.613635,2
mlit:st-bb701eee75b32a27,station,伊勢八太,34.647335,136.44701,2
mlit:st-bb7b0539e647e20c,station,北鴻巣,36.085495,139.476955,2
mlit:st-bb7e80c930832fe6,station,川之江,34.014755,133.576135,2
mlit:st-bb8d22e7a244b0ec,station,大町,41.770185,140.70914,2
mlit:st-bb904c47d61ff53d,station,小田井,35.221275,136.880925,2
mlit:st-bb93d71617caf850,station,三河三谷,34.818568,137.247753,2
mlit:st-bb94790d7f53236e,station,荷稲,33.13303,133.11607,2
mlit:st-bb9ccace7fcb9e8f,station,名古屋港,35.093205,136.881915,2
mlit:st-bba5e9cde2b456e2,station,日野春,35.790727,138.394278,2
mlit:st-bbaef7e3d2e5e1d4,station,姫松,34.6241,135.50317,2
mlit:st-bbb14ccd7c50e79c,station,新田原,33.695125,131.008335,2
mlit:st-bbb213a510cbe04f,station,五社,34.80613,135.216355,2
mlit:st-bbb216ae2017899c,station,釧路湿原,43.100465,144.44781,2
mlit:st-bbb42e4dedb6baeb,station,上磯,41.8196,140.64063,2
mlit:st-bbb722269645ca93,station,大阿太,34.3884,135.76643,2
mlit:st-bbba472b7b14968d,station,折居,34.826385,131.98682,2
mlit:st-bbcc0bc85848987c,station,肥前鹿島,33.113395,130.09805,2
mlit:st-bbda0e32c2284ba6,station,太田川,35.020305,136.89257,2
mlit:st-bbda62ae196b08a1,station,開明,35.31927,136.774105,2
mlit:st-bbdf5f0810fc5fae,station,湯里,35.10656,132.375535,2
mlit:st-bbe49ad44a7684bd,station,厨川,39.74408,141.12886,2
mlit:st-bbe82d33c7a61d93,station,大久保,34.681985,134.939175,2
mlit:st-bbf517c6de7e5911,station,銭函,43.143415,141.159925,2
mlit:st-bbfa30b6be94070d,station,出戸,34.609025,135.56544,2
mlit:st-bc02a19fd260431f,station,千石,35.727965,139.744745,2
mlit:st-bc0301ae12e5434d,station,赤,33.618455,130.871665,2
mlit:st-bc09b6a806f23295,station,柳本,34.559195,135.838605,2
mlit:st-bc0adcc2e17c5f2b,station,兵庫,34.667888,135.164439,2
mlit:st-bc14738ee83bc119,station,北府,35.910105,136.166595,2
mlit:st-bc1ee549d36d1588,station,信太山,34.50026,135.432965,2
mlit:st-bc22a3b8b37a50aa,station,東津山,35.058707,134.03205,2
mlit:st-bc2ebecb5fc9ee25,station,北常盤,40.67061,140.54373,2
mlit:st-bc309011a609eae8,station,上州富岡,36.26051,138.891935,2
mlit:st-bc31aee10f8bdfc0,station,小古曽,34.928675,136.592245,2
mlit:st-bc39b6d51ac63bb5,station,初石,35.88384,139.91791,2
mlit:st-bc4244858b8c42cd,station,元山,34.310375,134.083765,2
mlit:st-bc4626b5180b8844,station,儀保,26.224495,127.719295,2
mlit:st-bc466e8ca4848d10,station,茶山・京都芸術大学,35.038395,135.78465,2
mlit:st-bc4f9ea5d7b18d13,station,永原,35.498935,136.122493,2
mlit:st-bc56454e1e4c6f68,station,常陸多賀,36.552143,140.63275,2
mlit:st-bc5d863ed2bc9aa4,station,十三,34.720691,135.482306,2
mlit:st-bc66846297f62b0a,station,京都市役所前,35.01091,135.76895,2
mlit:st-bc6b13153b804fa7,station,相武台下,35.492775,139.38632,2
mlit:st-bc72d9ba71c47571,station,伊勢柏崎,34.299556,136.395724,2
mlit:st-bc78d004d8cb3d71,station,西ヶ方,33.18745,132.76716,2
mlit:st-bc7d5ba9b4eacef4,station,中名,31.39378,130.53505,2
mlit:st-bc7f5b0093e20192,station,戸沢,39.859065,140.581225,2
mlit:st-bc80206a6bddc459,station,守山自衛隊前,35.19619,136.95757,2
mlit:st-bc841659f0994ed1,station,秋津,35.778492,139.496843,2
mlit:st-bc8908b7f4ef6616,station,平泉,38.987903,141.117807,2
mlit:st-bc95950612db993d,station,吉礼,34.20332,135.23594,2
mlit:st-bc9b02eaf7d0c291,station,西武立川,35.72618,139.369655,2
mlit:st-bc9cb181368628b0,station,樽見,35.635165,136.6158,2
mlit:st-bca2215cb420dea6,station,須磨,34.642265,135.112655,2
mlit:st-bca5856542faf2cc,station,大阪城北詰,34.694505,135.525362,2
mlit:st-bca62ba9af5a930c,station,稲荷,34.966747,135.77074,2
mlit:st-bcb198ac98a72c22,station,西桐生,36.414093,139.332835,2
mlit:st-bcb78e54ee3bbc81,station,芦花公園,35.670547,139.608403,2
mlit:st-bcbc26f4e7d63584,station,大谷,34.2986,135.49385,2
mlit:st-bcc2d0ccc8644f6d,station,十勝清水,43.013015,142.879725,2
mlit:st-bcdad22f803879fe,station,西川緑道公園,34.66554,133.923285,2
mlit:st-bce4a15943573c82,station,坂本,32.435125,130.657955,2
mlit:st-bcfaaf83a2c25a73,station,野矢,33.240385,131.2519,2
mlit:st-bd03a4811e76dd53,station,葭川公園,35.608865,140.120075,2
mlit:st-bd0e478f98fc5400,station,上永谷,35.40137,139.57279,2
mlit:st-bd1c37a550a97a30,station,小林,34.78938,135.352335,2
mlit:st-bd46f2d6f6e2795f,station,道後山,35.01088,133.17827,2
mlit:st-bd479fad0b3b9f85,station,東園,32.846975,129.96246,2
mlit:st-bd4c077a9d958da4,station,はなみずき通,35.17752,137.03547,2
mlit:st-bd5a293f29c11c7a,station,服部,34.691194,133.775504,2
mlit:st-bd61a1fec21e36a9,station,楡木,36.50688,139.74527,2
mlit:st-bd6534fdd5fe128f,station,新古河,36.1927,139.687015,2
mlit:st-bd79c80fe67725ba,station,連坊,38.251138,140.893236,2
mlit:st-bd7d768a65597c47,station,和銅黒谷,36.04676,139.101695,2
mlit:st-bd8153cd8d82c62b,station,永田,36.13538,139.25951,2
mlit:st-bd831f1a4147d95c,station,四ツ倉,37.102283,140.980858,2
mlit:st-bd84fb9828436001,station,石生,35.15275,135.06375,2
mlit:st-bd882d6122fbe23d,station,江崎,34.638238,131.662037,2
mlit:st-bd995ba8cb317cc0,station,土浦,36.078595,140.20624,2
mlit:st-bd9a0857d412646a,station,稲子,35.230535,138.536935,2
mlit:st-bda8064244052396,station,中舟生,36.645535,140.39224,2
mlit:st-bdba8b3d89621204,station,前之浜,31.343035,130.557285,2
mlit:st-bdbc8c7ef570f5ab,station,船戸,34.248305,135.31124,2
mlit:st-bdbf492db5dacd0f,station,萱島,34.7474,135.610997,2
mlit:st-bdc42b205c815ea2,station,筑前垣生,33.818445,130.702375,2
mlit:st-bdc7fbef7b376ee6,station,浪花,35.222635,140.379135,2
mlit:st-bdcfd5e8c9cac0de,station,横磯,40.62997,139.890905,2
mlit:st-bdd15eca3e044b64,station,小谷松,35.268975,140.25104,2
mlit:st-bdd438469b0cebcf,station,鎌手,34.751663,131.878308,2
mlit:st-bde20b67c8dd9340,station,金蔵寺,34.248155,133.77751,2
mlit:st-bde2e89b3d380919,station,平山,35.274295,140.064655,2
mlit:st-bde3531ef7d95cee,station,北長野,36.66507,138.22265,2
mlit:st-bde6d450551d24ff,station,八家,34.784035,134.72259,2
mlit:st-bde6f0e34a77eef5,station,御崎公園,34.65472,135.165265,2
mlit:st-bded218079979e1b,station,不二越,36.687865,137.23246,2
mlit:st-bdefd7a0efc62da1,station,河内花園,34.662735,135.61843,2
mlit:st-bdf03ef31b13fdd1,station,新広,34.23202,132.614445,2
mlit:st-bdf41296a3f6bfbb,station,木曽川堤,35.36501,136.770505,2
mlit:st-bdf6ea3598977bfe,station,JR長瀬,34.649965,135.570335,2
mlit:st-be09e8ff983877e3,station,本星崎,35.087475,136.937335,2
mlit:st-be12596b7d98833f,station,保内,37.639305,139.014685,2
mlit:st-be1300e10f267493,station,自然園前,35.770235,136.931275,2
mlit:st-be17db865729d9ed,station,奈半利,33.425235,134.01825,2
mlit:st-be18c1af267da507,station,東柏崎,37.374048,138.565914,2
mlit:st-be1a9058d449acbc,station,赤十字病院前,33.848115,132.77238,2
mlit:st-be2264559114adea,station,高田,35.54955,139.62059,2
mlit:st-be288499fbd5cb95,station,長門三隅,34.36617,131.236415,2
mlit:st-be3b6bc9c4aeec78,station,梅林,34.48072,132.49413,2
mlit:st-be3ca41d9e48ce57,station,亀戸水神,35.699945,139.83339,2
mlit:st-be428ae9f57b6668,station,豊洲,35.654417,139.795727,2
mlit:st-be4648bf3cb0abf3,station,大隅大川原,31.772785,130.92428,2
mlit:st-be493521fae712f4,station,和歌山大学前,34.276383,135.14698,2
mlit:st-be5095c27e8f935f,station,羽前千歳,38.287375,140.34214,2
mlit:st-be646ce420c00f5f,station,佐久,44.74417,142.048683,2
mlit:st-be66b913ec689922,station,新栃木,36.39006,139.74235,2
mlit:st-be6c61ffbc0a857f,station,津島,35.17803,136.73107,2
mlit:st-be6f8898a1c4135c,station,伊豆稲取,34.774555,139.03737,2
mlit:st-be77622693298298,station,京終,34.669953,135.828593,2
mlit:st-be7b50be0db6847c,station,鳥取ノ荘,34.35128,135.23182,2
mlit:st-be7ebacc0ce2986c,station,羽生田,37.693645,139.060695,2
mlit:st-be85af5f1610bd35,station,小歩危,33.923355,133.75874,2
mlit:st-be8a3faf9af03579,station,唐津,33.445922,129.968697,2
mlit:st-be94909e14f640fa,station,柴崎,35.65399,139.566625,2
mlit:st-beb012d8cc62d654,station,三河内,33.150307,129.829097,2
mlit:st-beb06e40c53bc14f,station,玖波,34.255398,132.22819,2
mlit:st-beb3fae8417abeed,station,越谷,35.88753,139.786235,2
mlit:st-beb8166c6fff4a41,station,柳橋,36.80336,137.59201,2
mlit:st-bec2073972b2f65c,station,久地,35.610105,139.593075,2
mlit:st-bece2f1cd78cc26f,station,渕東,36.19519,137.83994,2
mlit:st-becfcd1d235e4843,station,美深,44.4829,142.350655,2
mlit:st-bed2a29440950d63,station,上町四丁目,33.55727,133.51982,2
mlit:st-bedda32a5e2aa973,station,早戸,37.470077,139.593583,2
mlit:st-bee5357729d472ad,station,荒井,38.244894,140.948406,2
mlit:st-bee92543e9c8bb0d,station,近江今津,35.398198,136.032302,2
mlit:st-bf01451f6c2c008b,station,植木,32.88007,130.680895,2
mlit:st-bf02061f1746f1ea,station,京急新子安,35.48722,139.65585,2
mlit:st-bf10dd7d1cf5d61e,station,高茶屋,34.66728,136.51262,2
mlit:st-bf16e56ca815ef93,station,田添,36.67978,137.317775,2
mlit:st-bf1fdb5ec021a616,station,岡場,34.821775,135.22248,2
mlit:st-bf211780b728e984,station,有明,36.36001,137.878247,2
mlit:st-bf297ab7c0389ad3,station,足羽山公園口,36.057775,136.215065,2
mlit:st-bf2bd018a9cb8e67,station,青山,37.89857,139.000875,2
mlit:st-bf30dadaa759acc6,station,猪谷,36.471805,137.237845,2
mlit:st-bf312297bd687df4,station,北条,37.338295,138.636995,2
mlit:st-bf37dc1d8a9a3ae0,station,上麻生,35.541303,137.118785,2
mlit:st-bf39d141d2557ee2,station,新屋,39.677437,140.087745,2
mlit:st-bf3a6a754a80027c,station,新居浜,33.948045,133.29476,2
mlit:st-bf4359bbc40ea6fc,station,東貝塚,34.44005,135.373035,2
mlit:st-bf435d6a46264dfd,station,鼠ヶ関,38.55559,139.548807,2
mlit:st-bf4f52e0000417a9,station,南角田,37.964895,140.769615,2
mlit:st-bf55227a929ef61e,station,田辺島通,33.566085,133.592755,2
mlit:st-bf55583aaafe56c5,station,礼拝,37.459,138.66356,2
mlit:st-bf590b2c1f5c049b,station,運動公園前,40.5894,140.50302,2
mlit:st-bf59c094f88883b6,station,蓮沼,35.56396,139.7086,2
mlit:st-bf5f00e14507c243,station,河内天美,34.586057,135.535437,2
mlit:st-bf6631af8b5c8da6,station,前川,37.401765,138.8239,2
mlit:st-bf672479751231c8,station,城北公園通,34.723702,135.530601,2
mlit:st-bf6aab560518d5c4,station,新小金井,35.69592,139.526745,2
mlit:st-bf74838f347a049b,station,武佐,42.99177,144.42566,2
mlit:st-bf8e5ff414fa69b9,station,西線14条,43.04064,141.336435,2
mlit:st-bf9266740c107972,station,伊予立川,33.600745,132.677305,2
mlit:st-bf9c77c321057d9a,station,東行田,36.14733,139.468325,2
mlit:st-bfa021607f8365bc,station,高,34.877885,133.07068,2
mlit:st-bfa600cba0de95dd,station,岩屋,33.330805,130.038495,2
mlit:st-bfa8572d8ef06c97,station,八瀬比叡山口,35.06512,135.808345,2
mlit:st-bfad84773e5b26d0,station,大垣,35.36696,136.61748,2
mlit:st-bfb61cf32a9abbcf,station,阿波座,34.6815,135.487075,2
mlit:st-bfb8755460e089c9,station,高麗川,35.89637,139.33813,2
mlit:st-bfbd0d6fa91e0f2b,station,七戸十和田,40.719931,141.153909,2
mlit:st-bfc03bb1e5a86adb,station,若葉台,35.619365,139.47234,2
mlit:st-bfc22575319693b0,station,新豊田,35.087879,137.153541,2
mlit:st-bfcac4e46571d2b8,station,総合リハビリセンター,35.1305,136.954477,2
mlit:st-bfcb7d7c2c8d69da,station,藤棚,33.722008,130.735403,2
mlit:st-bfd2d256cbab1884,station,中町（西町北）,36.68979,137.21568,2
mlit:st-bfdbae236aca3e28,station,大庭,36.22696,137.94126,2
mlit:st-bfdc83e0c852f48f,station,美佐島,37.13094,138.789915,2
mlit:st-bfe319abd8d2bd93,station,瀬峰,38.65561,141.073855,2
mlit:st-bfed90701ac15bb1,station,愛知大学前,34.7417,137.385935,2
mlit:st-bff0d6200a37e3e7,station,高槻,34.851245,135.61711,2
mlit:st-bff559bc1ff12ffc,station,出馬,35.049345,137.74425,2
mlit:st-c008f10488ded29c,station,浮間舟渡,35.791264,139.691491,2
mlit:st-c013cc071d14411b,station,大袋,35.9246,139.77794,2
mlit:st-c015e36f535f2a43,station,鵜殿,33.736725,136.015515,2
mlit:st-c0180060b246659b,station,下板橋,35.745068,139.715615,2
mlit:st-c0181d803ac76ef9,station,内山,36.84682,137.556755,2
mlit:st-c01918ec9338cefc,station,末野原,35.03954,137.1469,2
mlit:st-c02caf2acb2bf1dd,station,岡崎前,34.20347,135.225095,2
mlit:st-c030a9d8d21a031d,station,大神,33.383605,131.57541,2
mlit:st-c031ddedb3602d9f,station,保津峡,35.023093,135.640298,2
mlit:st-c036bda45db02120,station,東員,35.078155,136.587065,2
mlit:st-c03b03a24e718350,station,高尾山,35.631075,139.256075,2
mlit:st-c04d72b919e01d38,station,栗沢,43.120385,141.739725,2
mlit:st-c05ad2ed62150f0a,station,木下,35.83888,140.14799,2
mlit:st-c060dafb57196b44,station,有井川,33.039415,133.070975,2
mlit:st-c0669b76c5962823,station,下川辺,34.55434,133.20526,2
mlit:st-c07cacc64453856d,station,邑久,34.66843,134.09098,2
mlit:st-c083517838cce8d7,station,武生,35.903315,136.170975,2
mlit:st-c088048a9b11d173,station,越前田野,35.98708,136.52697,2
mlit:st-c08ca157e3ce9f55,station,富山,36.701606,137.213242,2
mlit:st-c090cbf3d10b434f,station,北白川,38.03245,140.69255,2
mlit:st-c094fc154f7d576b,station,平滝,36.98604,138.533745,2
mlit:st-c0956fe429c8ba82,station,環状通東,43.08238,141.374425,2
mlit:st-c09586ab4896eb71,station,津田沼,35.691324,140.020276,2
mlit:st-c0a0e62822ec5b51,station,りんくうタウン,34.410965,135.29945,2
mlit:st-c0a2ceee79974e73,station,伊那大島,35.5957,137.913215,2
mlit:st-c0b91d95aa52591c,station,東成岩,34.874297,136.923493,2
mlit:st-c0c0c476d5630ebb,station,子供の国,31.80737,131.456965,2
mlit:st-c0c75bfe03721e45,station,備後落合,35.001135,133.148315,2
mlit:st-c0cb2df51fe21c86,station,高尾山口,35.63238,139.269815,2
mlit:st-c0cbfc8c7efe5929,station,石清水八幡宮,34.884718,135.699818,2
mlit:st-c0cd172e1ffc668f,station,島原船津,32.7758,130.375575,2
mlit:st-c0cd7949a97ac8dd,station,飛騨古川,36.236625,137.189985,2
mlit:st-c0d322989fffb6fa,station,湊川公園,34.67881,135.166625,2
mlit:st-c0d4d20273a69bd3,station,宇治団地前,33.552035,133.46116,2
mlit:st-c0ee9bac6e77f96d,station,海士有木,35.48173,140.1243,2
mlit:st-c0fa8f7223a3062d,station,蓮花寺,35.059528,136.651061,2
mlit:st-c0fbca0af1633bd4,station,JR松山駅前,33.840725,132.75234,2
mlit:st-c1007a6d024b5000,station,白石蔵王,37.99498,140.63296,2
mlit:st-c1026318db162312,station,金屋,35.202495,136.95675,2
mlit:st-c10cbf6d236095ac,station,三里木,32.861697,130.796447,2
mlit:st-c10d8bcb46aef013,station,沢入,36.58063,139.396285,2
mlit:st-c10e0157144a3854,station,狭間,35.64059,139.293645,2
mlit:st-c111eceb4ec1b927,station,貝津,35.13312,137.148055,2
mlit:st-c13119cb96ec7da9,station,高柳,35.808305,139.99898,2
mlit:st-c134c75d663bc1a3,station,矢向,35.53946,139.68038,2
mlit:st-c13588efc39b6caf,station,西諫早,32.839635,130.02133,2
mlit:st-c1375a639d1b0997,station,西ノ口,34.924605,136.82676,2
mlit:st-c13814096883c500,station,神崎川,34.731975,135.473138,2
mlit:st-c147b8792287dee2,station,近鉄郡山,34.64605,135.780725,2
mlit:st-c14dd2254be6ce5a,station,石下,36.117055,139.974385,2
mlit:st-c1518f7908d3d270,station,剣吉,40.44897,141.34673,2
mlit:st-c15e0ebc36d83dd9,station,柿下温泉口,33.65164,130.853985,2
mlit:st-c17971aa212ce2a2,station,六輪,35.202215,136.729155,2
mlit:st-c188719bbf12e703,station,二俣新町,35.69132,139.959555,2
mlit:st-c18bd92f7204d129,station,関,34.849087,136.394893,2
mlit:st-c19af9189946b4a7,station,門沢橋,35.4067,139.380055,2
mlit:st-c1ae3e78c80dcf2d,station,池谷,34.15293,134.528942,2
mlit:st-c1cf142e467581a2,station,出町柳,35.030479,135.773091,2
mlit:st-c1d15374ff0f0729,station,豊津,33.687588,130.962946,2
mlit:st-c1d1a513a7492d23,station,西調布,35.65732,139.529505,2
mlit:st-c1d3bad9c4c1917f,station,志久,35.991025,139.6222,2
mlit:st-c1d70e1e880ebb5e,station,福生,35.742485,139.327745,2
mlit:st-c1d793f60e8f1dcc,station,八潮,35.807765,139.844735,2
mlit:st-c1d9125186250a32,station,柳,34.87136,136.595965,2
mlit:st-c1e8a07732404cfe,station,春日井,35.242963,136.984952,2
mlit:st-c1fadae1350087ef,station,銚子,35.729325,140.827465,2
mlit:st-c1ffe22ee6589b21,station,潮見,35.658865,139.81717,2
mlit:st-c21131870fae19fd,station,中塩田,36.36323,138.204665,2
mlit:st-c21934e9042b7c83,station,下館二高前,36.319325,139.97208,2
mlit:st-c228fdd68a9d5136,station,鴨宮,35.275687,139.179913,2
mlit:st-c22bc218ad862226,station,有家,40.324045,141.77309,2
mlit:st-c236e645f1d6fa1b,station,新岩国,34.16485,132.149695,2
mlit:st-c241b2d7b29e63bc,station,西鯖江,35.946355,136.181965,2
mlit:st-c2437bca7feeb78f,station,河内長野,34.451105,135.573155,2
mlit:st-c244f3e831031b46,station,西松本,36.227,137.963175,2
mlit:st-c2450f2f33ff681e,station,三次,34.802695,132.85602,2
mlit:st-c249b5f987712d79,station,地鉄ビル前,36.6986,137.216115,2
mlit:st-c24aed7146ac6cad,station,三河知立,35.004005,137.045295,2
mlit:st-c258eb516697074c,station,牛ケ原,35.998615,136.467405,2
mlit:st-c25c0f3fa553a54a,station,南部市場,35.380185,139.633205,2
mlit:st-c265e4b1d4b40024,station,美濃市,35.53965,136.915635,2
mlit:st-c2663aa73cf3136e,station,備後西城,34.94039,133.119775,2
mlit:st-c26ba8e042792416,station,恵良,33.25504,131.17442,2
mlit:st-c26be1b973ec00dc,station,小郡,33.39748,130.553165,2
mlit:st-c27bc9f4902a501f,station,枝光,33.879185,130.81286,2
mlit:st-c2927dfb9156a0f8,station,大田郷,36.27827,139.959715,2
mlit:st-c29390ad9c411423,station,日吉,35.553768,139.646967,2
mlit:st-c29455d92bbfaa96,station,木曽福島,35.843725,137.6934,2
mlit:st-c29843cbd01af9d7,station,常澄,36.34071,140.558915,2
mlit:st-c2a1c057bca826fc,station,天竜川,34.717065,137.779405,2
mlit:st-c2a344143ace628e,station,公庄,35.37187,135.129255,2
mlit:st-c2a411673e3b8ad0,station,大沢,37.83731,140.20035,2
mlit:st-c2a83cc1c965104f,station,美濃青柳,35.343615,136.60388,2
mlit:st-c2a98211be6f436b,station,西日暮里,35.73275,139.767269,2
mlit:st-c2abb03f1735bb26,station,稀府,42.425615,140.89887,2
mlit:st-c2ac4ceb7684ffbd,station,馬込沢,35.741655,139.992205,2
mlit:st-c2ad5959b962890c,station,新宿,35.689796,139.69993,2
mlit:st-c2ae3e533b63bbcb,station,丸亀,34.292,133.793215,2
mlit:st-c2b15d88ef1bcc2f,station,はりま勝原,34.81016,134.614283,2
mlit:st-c2b46eb53cedd685,station,今里,34.669522,135.543305,2
mlit:st-c2baf2b2fec9ac1c,station,西高蔵,35.134865,136.901805,2
mlit:st-c2c09a4115e273bf,station,伊予大平,33.71602,132.70841,2
mlit:st-c2c0f94f37ba93e5,station,石川,40.550867,140.541537,2
mlit:st-c2c38df351934cff,station,香春口三萩野,33.873185,130.88059,2
mlit:st-c2c5d6a1e6a6dc22,station,晴山,39.366635,141.25782,2
mlit:st-c2cd276a18d0b8e6,station,田代,33.38453,130.524855,2
mlit:st-c2d507c27b8fcf38,station,石川町,35.438907,139.642917,2
mlit:st-c2de4627b50190a5,station,近鉄八尾,34.62983,135.603545,2
mlit:st-c30170dcc8529cca,station,井口,36.47633,136.612295,2
mlit:st-c301d997bbb7ad5a,station,堀内公園,34.927617,137.08965,2
mlit:st-c30858e49a5539dc,station,三島,35.126239,138.910309,2
mlit:st-c30c4d80c00c881f,station,備前原,34.704977,133.944997,2
mlit:st-c313115093dd9d87,station,大須観音,35.16141,136.898075,2
mlit:st-c315d00346fd7f30,station,近江高島,35.292815,136.010135,2
mlit:st-c31a6df43be44b4a,station,東工業前,33.576247,133.637633,2
mlit:st-c31f144e7e636974,station,南仙台,38.19722,140.883295,2
mlit:st-c32b7fab2bb20723,station,岩出,34.25502,135.321285,2
mlit:st-c33c822b3cf2bcdd,station,本町六丁目,33.853295,132.758535,2
mlit:st-c343a616f0fbc0f3,station,宮前平,35.58496,139.582255,2
mlit:st-c344beb81591cbec,station,北能代,40.254105,140.03376,2
mlit:st-c34652864f26203e,station,皆実町六丁目,34.37439,132.464412,2
mlit:st-c349b90bb361900f,station,長滝,34.38193,135.320065,2
mlit:st-c3522b939f4504bf,station,福井城址大名町,36.06353,136.217575,2
mlit:st-c370abc184c3d04b,station,愛別,43.898665,142.582195,2
mlit:st-c3735d7eebc75be0,station,信濃荒井,36.229074,137.949524,2
mlit:st-c376c9652466e68d,station,大洋,36.108295,140.576465,2
mlit:st-c37e805462093d34,station,長森,35.402085,136.802855,2
mlit:st-c380170403fb021a,station,千曲,36.509205,138.141445,2
mlit:st-c388c85be1e8c8d0,station,南魚崎,34.706755,135.26762,2
mlit:st-c38d7998004c2475,station,牛久,35.975333,140.14104,2
mlit:st-c38e7016c2e44da2,station,豊後中村,33.225785,131.207635,2
mlit:st-c392c74e8b7bd295,station,宇品三丁目,34.36414,132.46446,2
mlit:st-c39984f719683373,station,小串,34.169983,130.928283,2
mlit:st-c399fdd2bdee06f1,station,介良通,33.560233,133.583667,2
mlit:st-c39d11af74a24c2a,station,元善光寺,35.533855,137.861425,2
mlit:st-c39dbe290641071c,station,讃岐相生,34.211925,134.42438,2
mlit:st-c3a7c1cfdaebc950,station,桟橋通五丁目,33.540455,133.55277,2
mlit:st-c3b461da5eb2df48,station,基山,33.421282,130.532294,2
mlit:st-c3b5ba045989820d,station,西戸崎,33.650635,130.35807,2
mlit:st-c3bb4e530c7aea5e,station,坂祝,35.426395,136.97681,2
mlit:st-c3bccdc5836552a8,station,泉大津,34.503357,135.406773,2
mlit:st-c3c941262c2dd571,station,柿崎,37.27778,138.38592,2
mlit:st-c3cdb4c40866626d,station,末恒,35.523975,134.135705,2
mlit:st-c3d3d770f05d1c26,station,鳥羽,34.48719,136.841657,2
mlit:st-c3d5266d2f8385dd,station,嘉例川,31.826895,130.7229,2
mlit:st-c3d74b886cda1cc6,station,延方,35.958095,140.588805,2
mlit:st-c3ddd450c3ad6b11,station,於福,34.236325,131.20773,2
mlit:st-c3e33187e31621b6,station,ハーモニーホール,36.01411,136.205365,2
mlit:st-c3e679f666801ead,station,田神,35.411285,136.77216,2
mlit:st-c3e7d61bfa0aefbd,station,矢部,35.57309,139.38655,2
mlit:st-c3eac826dae2127f,station,中井,35.714467,139.686477,2
mlit:st-c3f04127f050ff0e,station,小前田,36.12893,139.22239,2
mlit:st-c3f59874ed73c552,station,八千代台,35.701355,140.09077,2
mlit:st-c3f6b9061d302535,station,丹波橋,34.93892,135.76542,2
mlit:st-c3f834545b3db7a8,station,網走,44.019915,144.25418,2
mlit:st-c3fd6d9f72e81cc8,station,豊島園,35.741822,139.648613,2
mlit:st-c4050854756c4f96,station,大羽根園,35.012555,136.494205,2
mlit:st-c40e76214ada190e,station,富田,36.31618,139.52879,2
mlit:st-c4168b08f4bb0e3a,station,塩塚,33.14396,130.43118,2
mlit:st-c422e900102e9f7b,station,楚原,35.110865,136.560305,2
mlit:st-c42890999aa9baa7,station,盛,39.085545,141.7109,2
mlit:st-c43da6008114c9f7,station,多田,34.86057,135.416705,2
mlit:st-c4400d30f071ac3a,station,上ノ庄,34.598,136.499325,2
mlit:st-c444173ff7e5117f,station,代田橋,35.671075,139.659395,2
mlit:st-c447740d3e829967,station,神領,35.256595,137.010465,2
mlit:st-c44a255fc796f17c,station,井原市,34.58501,132.67562,2
mlit:st-c44a5271aee90fb3,station,やぐま台,34.67379,137.309145,2
mlit:st-c4502d3068a96756,station,津奈木,32.2324,130.450215,2
mlit:st-c45078abf55d8de2,station,鼎,35.506705,137.82836,2
mlit:st-c458731c03b9f467,station,高島,34.68294,133.95765,2
mlit:st-c4646288d02e87a6,station,琴電志度,34.32246,134.17251,2
mlit:st-c4682b4546d76a20,station,九品寺交差点,32.800645,130.716535,2
mlit:st-c471e4295d98425a,station,三股,31.73376,131.119445,2
mlit:st-c472dd8d17941613,station,駒形,36.35411,139.139545,2
mlit:st-c492e9b27b6b15bc,station,四条畷,34.7304,135.639245,2
mlit:st-c499ef7c5e0e76a9,station,坂之上,31.50054,130.50766,2
mlit:st-c4aa7b5ba83d9358,station,大山ケーブル,35.42789,139.24451,2
mlit:st-c4b2c6d24cddae1f,station,東唐津,33.439485,129.99708,2
mlit:st-c4bbb9b35f235d3f,station,越中荏原,36.698965,137.266215,2
mlit:st-c4cdb038dcc18fa0,station,逢妻,34.998235,136.99054,2
mlit:st-c4d08cbb325d8591,station,神城,36.65822,137.84661,2
mlit:st-c4d7cf97fb551b63,station,下湯沢,39.19733,140.502535,2
mlit:st-c4dc6eb18d453889,station,西脇市,34.97167,134.96893,2
mlit:st-c4df06404273252d,station,用宗,34.921875,138.35932,2
mlit:st-c4e1922c6e2faf53,station,日本ライン今渡,35.432312,137.036932,2
mlit:st-c4e4bd698e184c55,station,二塚,36.71432,137.006125,2
mlit:st-c4e51fb82afeb7ec,station,美祢,34.16908,131.20403,2
mlit:st-c4e8405558feb5d5,station,北浦,33.57319,133.603525,2
mlit:st-c4e8cf8364e9e73f,station,梶栗郷台地,34.01389,130.923663,2
mlit:st-c4ebb08975597318,station,碇ヶ関,40.47902,140.622415,2
mlit:st-c4f515b4ad735ae8,station,矢代田,37.748887,139.095497,2
mlit:st-c4f92540e833c0a5,station,布施屋,34.24445,135.26167,2
mlit:st-c50b80315547d6fd,station,長門粟野,34.357385,130.970085,2
mlit:st-c50d0b65b8890758,station,競馬場前,33.84287,130.87661,2
mlit:st-c51163e59d5827a7,station,羽田空港第1・第2ターミナル,35.5498,139.786025,2
mlit:st-c525d73a24f3c7d0,station,涙橋,31.55951,130.546945,2
mlit:st-c52735de28651e6d,station,野田阪神,34.694115,135.47487,2
mlit:st-c5286a0850836800,station,小野上温泉,36.5569,138.90431,2
mlit:st-c52ce45d21dc53a2,station,西辛島町,32.79873,130.70217,2
mlit:st-c531174ef2536762,station,星川,35.064192,136.630337,2
mlit:st-c532f3c019235f86,station,美川,36.486,136.48973,2
mlit:st-c5389c7387813886,station,倉橋,35.737755,140.71399,2
mlit:st-c53db10b68f70068,station,筑豊香月,33.799525,130.719035,2
mlit:st-c542ae113e005b03,station,宇宿,31.544063,130.53622,2
mlit:st-c546e5ef61fdc0f0,station,中小国,41.051645,140.596855,2
mlit:st-c549103a5479f051,station,中飯降,34.30447,135.532445,2
mlit:st-c54f58c5f5bc8d9f,station,吉久,36.781865,137.056355,2
mlit:st-c55cac9a40869315,station,入江岡,35.01504,138.4814,2
mlit:st-c55f52bf71dc9f63,station,南豊科,36.29099,137.90349,2
mlit:st-c5648f18e6fd330b,station,新吉久,36.77613,137.05298,2
mlit:st-c5669d5a8f4ff948,station,讃岐白鳥,34.24361,134.36619,2
mlit:st-c573333b4fc2cd07,station,動物園前,34.648447,135.504082,2
mlit:st-c573fa0891818599,station,逆瀬川,34.797024,135.350889,2
mlit:st-c5800ec9b37c89af,station,仏子,35.837675,139.36019,2
mlit:st-c58b015e044b4632,station,相可,34.50311,136.545957,2
mlit:st-c5915533eadc3a3e,station,東総元,35.259445,140.24763,2
mlit:st-c595c04acbee0a65,station,柏林台,42.9289,143.16454,2
mlit:st-c59b7e417db1e792,station,大正,32.8604,130.225625,2
mlit:st-c5a3448d760f82bd,station,日本へそ公園,35.00205,134.997665,2
mlit:st-c5a9757dba8073e3,station,蘇我,35.582323,140.130653,2
mlit:st-c5b2ee19a8cf5d67,station,新屋敷,31.58331,130.553847,2
mlit:st-c5b71ae479c8c16a,station,自由が丘,35.607346,139.668841,2
mlit:st-c5ba14009dd34d17,station,坂元,37.924079,140.901055,2
mlit:st-c5bc1e7569341060,station,リゾートゲートウェイ･ステーション,35.63511,139.88495,2
mlit:st-c5bd700fb54d2f33,station,加納,35.405175,136.766105,2
mlit:st-c5c1e44742646b9a,station,陽羽里,36.493639,136.614993,2
mlit:st-c5c5908cc574c126,station,草野,37.07385,140.94725,2
mlit:st-c5c9e20c26032a78,station,東福島,37.799837,140.477397,2
mlit:st-c5d3ac19dd1b2fca,station,夏井,37.252985,140.662715,2
mlit:st-c5dce36df6a5f8e1,station,五条,34.995217,135.759733,2
mlit:st-c5f390a52e72ecfb,station,新里,40.58739,140.52005,2
mlit:st-c5f4e96a0ec93a00,station,霞ヶ丘,34.630325,135.04272,2
mlit:st-c608bd5a87a459fb,station,ニセコ,42.80874,140.684595,2
mlit:st-c60fe8827ed54b95,station,神俣,37.324745,140.659665,2
mlit:st-c61038f5b78f7bae,station,水沢江刺,39.14516,141.188705,2
mlit:st-c61471922967666c,station,代官山,35.64825,139.70349,2
mlit:st-c61d2ca08328e9f3,station,川中島,36.61409,138.1507,2
mlit:st-c6217f12f2942f10,station,山都,37.639205,139.76656,2
mlit:st-c635966f013360d7,station,田町,34.66077,133.92633,2
mlit:st-c63f91c0d06027c3,station,三加茂,34.03581,133.94918,2
mlit:st-c641dcdd838d8cdf,station,太秦天神川,35.01094,135.716055,2
mlit:st-c64b0ed07c083075,station,上州一ノ宮,36.25311,138.864063,2
mlit:st-c64bda897ebf5b65,station,大外羽,35.314985,136.597423,2
mlit:st-c656ba11c7f10a97,station,仲町台,35.535315,139.589515,2
mlit:st-c65aa9a49469ab23,station,長浦,34.9784,136.847815,2
mlit:st-c65b16a3391cf797,station,二子玉川,35.611515,139.626494,2
mlit:st-c666f8b4fcab830f,station,相模大野,35.5322,139.437885,2
mlit:st-c66c98aa472873d5,station,九郎原,33.59242,130.612425,2
mlit:st-c670f559265572a9,station,引治,33.228995,131.183975,2
mlit:st-c67bc8371102b728,station,天応,34.281252,132.519698,2
mlit:st-c67c559d92a3a934,station,周防花岡,34.035785,131.867545,2
mlit:st-c689773163c95f7a,station,川崎新町,35.518325,139.69926,2
mlit:st-c6924476b327f164,station,雲井,34.91124,136.08435,2
mlit:st-c6940f8eb28d3dc7,station,日野,35.01225,136.21946,2
mlit:st-c6a823631a0f536d,station,桐生,36.411097,139.333253,2
mlit:st-c6ae5ae74316ba7e,station,西鉄久留米,33.312265,130.521045,2
mlit:st-c6be32c11a4ff3fa,station,月崎,35.30213,140.139605,2
mlit:st-c6bea2dd21b78e29,station,八津,39.687755,140.552825,2
mlit:st-c6c6e63a4cca5542,station,北浜,43.958535,144.35246,2
mlit:st-c6d3871ddda3c0a8,station,紀伊日置,33.5849,135.45805,2
mlit:st-c6d4b91816965cf5,station,大和八木,34.513124,135.791694,2
mlit:st-c6dfe95bfabccbba,station,岩切,38.300937,140.955327,2
mlit:st-c6ec5c490400df85,station,三川,37.7084,139.381495,2
mlit:st-c6f7c8348704f6d1,station,小田,34.606015,133.54241,2
mlit:st-c7024dee4ad7ad6f,station,美章園,34.63863,135.52378,2
mlit:st-c7125248678839d1,station,宇和島,33.226185,132.56771,2
mlit:st-c71590e0db9ea151,station,千歳町,32.789255,129.861185,2
mlit:st-c72d5c33f622e76d,station,太地,33.59128,135.92748,2
mlit:st-c72d95e9bda6e441,station,下条,37.19839,138.78004,2
mlit:st-c72de89bdb6f15dd,station,光風台,35.43957,140.114165,2
mlit:st-c72fda4300bcfe9e,station,南大沢,35.614072,139.3798,2
mlit:st-c7301b0e5c3adccd,station,群馬総社,36.41551,139.032285,2
mlit:st-c732598e5de1571a,station,下新庄,34.746415,135.5199,2
mlit:st-c743df46c48a380b,station,緑井,34.46747,132.47584,2
mlit:st-c74a5b0a43d1e86e,station,長崎大学,32.784935,129.86245,2
mlit:st-c754ad451eb3d866,station,堅下,34.58843,135.627315,2
mlit:st-c75c172241ac19da,station,大蔵谷,34.646585,135.008405,2
mlit:st-c75e493e3e795fc7,station,酒田,38.92221,139.845915,2
mlit:st-c7626a91aaa6ed01,station,玉川村,36.57925,140.37452,2
mlit:st-c771b41872ba8d3e,station,大乗,34.340625,132.945225,2
mlit:st-c778973b681d3637,station,美作大崎,35.045322,134.067535,2
mlit:st-c77cca7d7895aa7c,station,阪大病院前,34.81845,135.52974,2
mlit:st-c77e68f4551bc90a,station,東塩釜,38.32563,141.03167,2
mlit:st-c785bf6e9881a3b3,station,大井競馬場前,35.59503,139.7472,2
mlit:st-c78c84a7ed12c226,station,新高島,35.461955,139.626485,2
mlit:st-c78ee072a5055e69,station,幸手,36.07407,139.71491,2
mlit:st-c7902087689d5fa6,station,富士,35.15127,138.651848,2
mlit:st-c795e924c16babff,station,木津川,34.65465,135.48309,2
mlit:st-c79826c0344ccee0,station,片原町,36.746307,137.012907,2
mlit:st-c79c0f5b0d2451d0,station,黒田原,37.023547,140.121087,2
mlit:st-c7a037e935c057db,station,瑞浪,35.369115,137.251915,2
mlit:st-c7a531cab25289d4,station,土佐北川,33.71477,133.68632,2
mlit:st-c7b057431c0cd98e,station,追分,34.991355,135.8375,2
mlit:st-c7b845ad0fb772c2,station,元宇品口,34.35394,132.45971,2
mlit:st-c7bbc779871a933b,station,四十万,36.498835,136.615735,2
mlit:st-c7c7f702d2fd9ebe,station,多賀大社前,35.226422,136.28413,2
mlit:st-c7cb49503abe0791,station,福大前西福井,36.074405,136.21013,2
mlit:st-c7cfd6d9865d8f22,station,犬吠,35.70625,140.86093,2
mlit:st-c7d106dd626e61a1,station,中山寺,34.8166,135.374005,2
mlit:st-c7eba420f4b76664,station,石打,36.988925,138.80418,2
mlit:st-c7f52d3be5c5960a,station,陸前稲井,38.44542,141.334905,2
mlit:st-c7f7f9fc2ed537b7,station,フラワータウン,34.885503,135.202417,2
mlit:st-c8007d7736ba5226,station,高安山,34.613925,135.653515,2
mlit:st-c806b9e2d514b121,station,有備館,38.65805,140.86436,2
mlit:st-c80ad858bd4bfe94,station,北鎌倉,35.33794,139.544565,2
mlit:st-c8187d1345dd5551,station,国府,34.83745,137.32814,2
mlit:st-c828e2dabad62a64,station,穴川,34.358895,136.81588,2
mlit:st-c82a16982a12f0ca,station,立飛,35.71427,139.41707,2
mlit:st-c835d706caa574f1,station,大師橋,35.536605,139.740445,2
mlit:st-c83ad06d96a296cd,station,大塔,33.149215,129.78205,2
mlit:st-c84d0fddc99ea63d,station,ゆめが丘,35.405645,139.48236,2
mlit:st-c8527151194438d9,station,櫟本,34.62111,135.82615,2
mlit:st-c85355b70524f5b6,station,山瀬,34.06018,134.25626,2
mlit:st-c85987832ecf6e4f,station,市民広場,34.664905,135.21244,2
mlit:st-c85a27f21f147236,station,上臼杵,33.112503,131.792963,2
mlit:st-c85b8f86a189e102,station,多摩川,35.589488,139.668733,2
mlit:st-c85c94affbb21f43,station,三日市町,34.436655,135.57134,2
mlit:st-c85dd0b5c16ac1b4,station,田崎橋,32.784895,130.68842,2
mlit:st-c865c3830b6c5025,station,津古,33.446435,130.56557,2
mlit:st-c86c9d9a701cc4dd,station,見老津,33.515605,135.57559,2
mlit:st-c87366d353635574,station,直江津,37.17014,138.242035,2
mlit:st-c87a42ba50aa890c,station,千林,34.724055,135.55482,2
mlit:st-c89b1bb4ff2ae150,station,西永福,35.678875,139.635155,2
mlit:st-c8a0085d8f6a1bee,station,弘高下,40.592975,140.46825,2
mlit:st-c8a9e92c4fba81a7,station,中野松川,36.75066,138.374295,2
mlit:st-c8b86276d3d9996d,station,阿波赤石,33.981705,134.605865,2
mlit:st-c8b95539e4bd8c86,station,備中川面,34.850175,133.58851,2
mlit:st-c8c3d14db3caa9e5,station,勝山町,33.84175,132.77482,2
mlit:st-c8d826fabdeecf1c,station,井野,35.7329,140.148545,2
mlit:st-c8e372cde55692f5,station,肥前竜王,33.146585,130.12039,2
mlit:st-c8e503ed072105b4,station,早川,35.238798,139.14504,2
mlit:st-c8e918762daad862,station,新町口,36.778635,137.08432,2
mlit:st-c8edce0252d98f47,station,みなとじま,34.669065,135.209995,2
mlit:st-c8f2c60159d43c4c,station,沼南,35.971025,139.62352,2
mlit:st-c8fcc84a118b4022,station,平岡,35.27362,137.853647,2
mlit:st-c8ff7e6bdc9819eb,station,滝,36.64857,140.138245,2
mlit:st-c905d2036f18fa10,station,海の公園南口,35.3372,139.63214,2
mlit:st-c91d45868a5637d9,station,高尾,35.601795,136.625855,2
mlit:st-c932270372b32032,station,宿河原,35.61542,139.579545,2
mlit:st-c936edb610ef734e,station,御坊,33.907678,135.15875,2
mlit:st-c940a47d85fe3c0f,station,香芝,34.543765,135.70532,2
mlit:st-c948e97446b36af6,station,萩山,35.740763,139.47687,2
mlit:st-c949965590a72db2,station,礼文,42.580445,140.59502,2
mlit:st-c96423ab11d9f949,station,乙丸,36.51185,136.617647,2
mlit:st-c97466e810ec7d78,station,茶所,35.40208,136.76892,2
mlit:st-c97e8b23a69fcb5d,station,八森,40.3713,140.017895,2
mlit:st-c97f0a0e323d680c,station,笹木野,37.76588,140.42611,2
mlit:st-c9825846e8aaa4d6,station,鯨波,37.35585,138.517355,2
mlit:st-c98686c78a7a3298,station,中津幡,36.67158,136.740363,2
mlit:st-c98867783a7280d0,station,中豊,37.022485,140.39329,2
mlit:st-c98c83d91ca415f8,station,米内沢,40.12842,140.37341,2
mlit:st-c9917312d0631e36,station,楠,34.904885,136.63117,2
mlit:st-c9941e40e7d7d27e,station,東本願寺前,43.05171,141.349355,2
mlit:st-c9951d7cdac5fb0d,station,豊前桝田,33.5358,130.86224,2
mlit:st-c99521e7a3323f57,station,舞浜,35.63616,139.88372,2
mlit:st-c996b551fa607284,station,みどり口,34.422325,132.596315,2
mlit:st-c9aab2c42be06c03,station,光岡,33.327605,130.91992,2
mlit:st-c9bcbadab43f9b49,station,安部,35.37451,134.291655,2
mlit:st-c9c390b0ae55ef7f,station,下泉,35.022125,138.09011,2
mlit:st-c9ca8d7be67e47d1,station,乱川,38.38681,140.374765,2
mlit:st-c9cd9b0a8e6023b2,station,今福鶴見,34.702022,135.56007,2
mlit:st-c9d2819fe33e5bc5,station,青谷,35.516115,133.995685,2
mlit:st-c9d3d5bec65aeabd,station,新地,37.879215,140.92564,2
mlit:st-c9dcb3f01517a50b,station,軽井沢,36.34273,138.635024,2
mlit:st-c9e2f1965ceaf035,station,友部,36.35046,140.306025,2
mlit:st-c9e33b374579804b,station,湯浦,32.271355,130.50454,2
mlit:st-c9e63fba99913c17,station,三条,35.008867,135.772337,2
mlit:st-c9e7347808a9b626,station,早瀬,35.060575,137.77509,2
mlit:st-c9eb4b3f5347e8e4,station,西掛川,34.77199,137.99506,2
mlit:st-c9fcd00ed35dc46b,station,上山口,34.18258,131.48487,2
mlit:st-ca0e609852aa1cc1,station,山の田,33.196455,129.72291,2
mlit:st-ca129a111907516c,station,串,33.647055,132.56306,2
mlit:st-ca132cb71d099327,station,八頭高校前,35.40533,134.246155,2
mlit:st-ca1bb38bbc9d49b6,station,岡崎,34.925783,137.157233,2
mlit:st-ca28001f38fba9da,station,市川大野,35.755405,139.95128,2
mlit:st-ca32ac93f7102ffc,station,大田市,35.20088,132.499355,2
mlit:st-ca339f9b273ea6ad,station,美栄橋,26.21916,127.68442,2
mlit:st-ca39c0ae81127711,station,戸頭,35.929365,140.0143,2
mlit:st-ca3f4d023cb5bb18,station,浦山,36.863415,137.519515,2
mlit:st-ca4c18bfaf447511,station,住吉,35.68878,139.815777,2
mlit:st-ca538bb63613ef1f,station,越中宮崎,36.973875,137.5995,2
mlit:st-ca578c38cf05b95b,station,小川,32.60128,130.69409,2
mlit:st-ca5c54559ee0cb4b,station,鳥居,34.920753,137.55163,2
mlit:st-ca63c077f33a4afe,station,大阪,34.702479,135.494912,2
mlit:st-ca68ad76a6f94668,station,白老,42.554675,141.35991,2
mlit:st-ca7cf920dad20a33,station,大門,34.98258,137.154735,2
mlit:st-ca82217432db5fa4,station,犬山,35.3799,136.945535,2
mlit:st-ca873c778db76491,station,東花園,34.662365,135.62679,2
mlit:st-ca8b52e93dd7a654,station,作並,38.3178,140.632547,2
mlit:st-ca98bf4bed773101,station,鶴田,36.53828,139.8588,2
mlit:st-caa5744d5dffe4a0,station,武蔵小杉,35.575794,139.660972,2
mlit:st-caa6eed2e886c870,station,篠路,43.14508,141.36424,2
mlit:st-caa994c13671cab2,station,大分大学前,33.176785,131.619405,2
mlit:st-caac5b63a21aed9a,station,桟橋通一丁目,33.550295,133.5461,2
mlit:st-cab5bc7fea24dae7,station,山城青谷,34.82814,135.800155,2
mlit:st-cab79b7e3062d482,station,小山田,39.408575,141.19399,2
mlit:st-cab7c83b99880532,station,狩場沢,40.90046,141.071205,2
mlit:st-caba946c00bbfc18,station,都筑,34.795845,137.5745,2
mlit:st-cabde543d99a6978,station,南新庄,38.721547,140.31621,2
mlit:st-cac12b4c0831fee1,station,寺田町,34.64794,135.5236,2
mlit:st-cac2df8f4d4c4d29,station,河崎口,35.45676,133.30536,2
mlit:st-cacab6fbd5e3a172,station,新大村,32.932726,129.957194,2
mlit:st-cadfa03ca26c74c1,station,西8丁目,43.05818,141.34672,2
mlit:st-cae0c8c7c427ff7b,station,桃山南口,34.931025,135.78351,2
mlit:st-caf1c48f9bebbb9d,station,服部川,34.626455,135.64116,2
mlit:st-cb043ea545482185,station,打保,36.383935,137.181995,2
mlit:st-cb06991a9b76ae4f,station,清流みはらし,34.210977,132.006316,2
mlit:st-cb0887647c8d0368,station,甚目寺,35.195955,136.825855,2
mlit:st-cb09fcf4642a7d2f,station,北俣,31.74498,130.96003,2
mlit:st-cb0e80f7ae8385e7,station,初狩,35.594353,138.88371,2
mlit:st-cb10a38506284b37,station,動植物園入口,32.78041,130.75495,2
mlit:st-cb1e6450d567d40f,station,新綱島,35.5361,139.636132,2
mlit:st-cb236044ec4bd11b,station,真滝,38.908265,141.177945,2
mlit:st-cb26e37770f24d80,station,端野,43.851365,143.94237,2
mlit:st-cb2ab57090c35c74,station,関目高殿,34.715273,135.545653,2
mlit:st-cb2d7098339b7188,station,日詰,39.538625,141.16055,2
mlit:st-cb3278f698bbfe70,station,鈴木町,35.53538,139.720655,2
mlit:st-cb373dc0ab16acf8,station,岩本町,35.695568,139.775288,2
mlit:st-cb3cacca83221e51,station,磯部,36.29837,138.849675,2
mlit:st-cb41f54184e8d4bd,station,北池野,35.443371,136.57372,2
mlit:st-cb426801ccee534b,station,白石,38.003133,140.62625,2
mlit:st-cb50dc4413b929d1,station,亘理,38.03988,140.86129,2
mlit:st-cb58dc197bf4eb65,station,本妙寺入口,32.81375,130.69849,2
mlit:st-cb5c0a5c91389ebb,station,磯原,36.79075,140.746443,2
mlit:st-cb60339663608510,station,海神,35.705925,139.971785,2
mlit:st-cb662465b4bbafb4,station,郡津,34.79445,135.66989,2
mlit:st-cb666f46dcd8c86f,station,北千住,35.749491,139.805065,2
mlit:st-cb68ea8e6fc380f5,station,新板橋,35.74884,139.719365,2
mlit:st-cb7ddf0b2f53bb1b,station,後閑,36.679578,139.000075,2
mlit:st-cb8e72f796668946,station,箸尾,34.57028,135.75126,2
mlit:st-cbb24848489043fb,station,北鯖江,35.97164,136.19843,2
mlit:st-cbb5ea909bfcb3da,station,関口,35.47996,136.928885,2
mlit:st-cbb85a55d5e174d0,station,新利府,38.31724,140.973103,2
mlit:st-cbb8eb4e9f43d601,station,新高島平,35.79022,139.65433,2
mlit:st-cbc4dc44080c0df8,station,気山,35.58491,135.909665,2
mlit:st-cbc6743d7d3d4527,station,西三次,34.79839,132.840685,2
mlit:st-cbca3070a4c4ced1,station,土佐一宮,33.57899,133.57723,2
mlit:st-cbce5de424ec5711,station,佐賀,33.264125,130.29737,2
mlit:st-cbda8a9789a74891,station,二ツ井,40.212495,140.235655,2
mlit:st-cbdde30fbb592048,station,布原,34.98808,133.422325,2
mlit:st-cbde0ec48cddd5c2,station,下小田井,35.20243,136.87081,2
mlit:st-cbf61e9294cfd1e5,station,西別院,36.075255,136.22299,2
mlit:st-cbf9b0d51ac66c6b,station,西北見,43.80315,143.84158,2
mlit:st-cbfe2d285bde2d3c,station,秋葉原,35.698439,139.774017,2
mlit:st-cc02a22feeb8b9f4,station,潜竜ヶ滝,33.28079,129.683555,2
mlit:st-cc1195795bbf6201,station,鶴見小野,35.49702,139.681275,2
mlit:st-cc1ae9b5264c6865,station,大町,33.212445,130.10648,2
mlit:st-cc2219f9527f36c0,station,大貫,35.291625,139.855625,2
mlit:st-cc2dd47f63fe1f34,station,六丁の目,38.250929,140.935684,2
mlit:st-cc2ecc7b8538faa7,station,浦上車庫,32.779543,129.861423,2
mlit:st-cc326698c79fe106,station,足利市,36.329435,139.44818,2
mlit:st-cc389d1e9b215879,station,西元町,34.68401,135.17967,2
mlit:st-cc3a30ffd476c2d0,station,天竜二俣,34.859135,137.820005,2
mlit:st-cc4d4ae7f76f7d0f,station,笠置,34.75913,135.934515,2
mlit:st-cc551a5ffc4c86a4,station,日御子,36.46464,136.615135,2
mlit:st-cc55ae610d9f7b9a,station,目名,42.761405,140.465675,2
mlit:st-cc60dc023ad87f76,station,鶴間,35.49057,139.45064,2
mlit:st-cc76fa0465a47acb,station,玉川上水,35.731914,139.418259,2
mlit:st-cc8bbc604bf1a8d3,station,茅町,34.761552,136.135697,2
mlit:st-cc8ed23983308e6c,station,体験坑道,41.2565,140.347638,2
mlit:st-cc98ec4a2f5acf3e,station,見晴台,32.817545,131.10971,2
mlit:st-cca1d1ac89300148,station,原生花園,43.94102,144.41439,2
mlit:st-cca34135a7dc7965,station,石上,35.33246,139.48558,2
mlit:st-ccad7c650cc222c5,station,親鼻,36.077615,139.10618,2
mlit:st-ccb344517d53a735,station,田原,34.865485,134.86684,2
mlit:st-ccc26f98463a3699,station,日立木,37.75613,140.93466,2
mlit:st-ccda8219a240dd40,station,あいの里教育大,43.155115,141.398765,2
mlit:st-ccdec76f603196ad,station,弓削,34.925645,133.95779,2
mlit:st-cce601e56220ecf7,station,佐野のわたし,36.302518,139.018292,2
mlit:st-ccf0cabcaa4dd09e,station,逢隈,38.067625,140.85475,2
mlit:st-ccf106f26f87ec63,station,福江,34.04727,130.915755,2
mlit:st-ccf1d2556c2451de,station,市民病院前,36.75819,137.026205,2
mlit:st-ccf2fe09e237b899,station,角茂谷,33.69573,133.69252,2
mlit:st-ccf3e4d3f53d56ec,station,赤羽,35.777541,139.721053,2
mlit:st-ccfd719a06ff128b,station,日向前田,31.90864,131.040345,2
mlit:st-cd007b5eb5b712ca,station,浪岡,40.71044,140.58095,2
mlit:st-cd018653271c9854,station,小塙,36.643105,140.11664,2
mlit:st-cd0334790f97029e,station,芝浦ふ頭,35.64222,139.75787,2
mlit:st-cd0498a58876a46c,station,小島新田,35.53464,139.747555,2
mlit:st-cd0499b25a9e81da,station,三河川合,35.001725,137.663995,2
mlit:st-cd0c298f09da61c6,station,鶴岡,38.740095,139.83539,2
mlit:st-cd14db35e34a976c,station,咲来,44.69267,142.267543,2
mlit:st-cd1593cce390ebba,station,安食,35.835715,140.242275,2
mlit:st-cd207d2e7ab63196,station,弁天島,34.690012,137.603414,2
mlit:st-cd25f31633838b40,station,上伊万里,33.270045,129.89254,2
mlit:st-cd26a24cb87c0784,station,南三原,35.021195,139.97907,2
mlit:st-cd290b5e18f4e959,station,里,33.28467,129.835805,2
mlit:st-cd29b63b60f25f99,station,石動,36.67244,136.865647,2
mlit:st-cd2e5933beef9d16,station,湯谷温泉,34.970497,137.613027,2
mlit:st-cd30f56bec50e5ec,station,越谷レイクタウン,35.876115,139.82253,2
mlit:st-cd312ede303a7203,station,大塚駅前,35.73162,139.729455,2
mlit:st-cd358339a590575c,station,白石,43.05476,141.41407,2
mlit:st-cd4d937ebfee1bc0,station,顔戸,35.43453,137.105142,2
mlit:st-cd6093d033beb83f,station,西大寺,34.661827,134.036523,2
mlit:st-cd6c324130523c04,station,瑞穂運動場西,35.125095,136.935435,2
mlit:st-cd6d478a1f05819b,station,田立,35.588233,137.54903,2
mlit:st-cd6dcbe67451d5c1,station,中之条,36.58541,138.85148,2
mlit:st-cd76f6b2ef1786fe,station,希望が丘高校前,33.808505,130.71152,2
mlit:st-cd7aaa2ec23a9edd,station,野内,40.84608,140.816896,2
mlit:st-cd7ad7236a38dee7,station,万座・鹿沢口,36.531902,138.551294,2
mlit:st-cd7d69e79ece934c,station,但馬,34.569425,135.768335,2
mlit:st-cd7ecbb4c9a6a84f,station,下地,34.780982,137.370625,2
mlit:st-cd8125812a1f0941,station,熊本城・市役所前,32.80386,130.707985,2
mlit:st-cd83f013a3e2b69e,station,栄,35.169728,136.908608,2
mlit:st-cd8593676185de9e,station,御殿山,34.829165,135.653995,2
mlit:st-cd8dd3376d5a5fa1,station,新宮川,36.71731,137.351095,2
mlit:st-cd9219fb8122fe87,station,みさき公園,34.32399,135.161002,2
mlit:st-cd97cb46c06bdf0a,station,二和向台,35.753885,140.02373,2
mlit:st-cd99fdd39c9847e7,station,二子,35.28376,136.76569,2
mlit:st-cda7bb981524b0a8,station,西鈴蘭台,34.725825,135.135013,2
mlit:st-cdb7281b93420f4d,station,南千住,35.733314,139.799179,2
mlit:st-cdb8d1eebfa6ea11,station,茂木,36.530815,140.181425,2
mlit:st-cdba1ad8ab35a627,station,清里,35.91915,138.43663,2
mlit:st-cdca9122b9b53219,station,八木山動物公園,38.243329,140.844018,2
mlit:st-cdd020648c2da082,station,大阪教育大前,34.555515,135.64477,2
mlit:st-cdd5cfa579cdd4ba,station,大安,35.091545,136.54576,2
mlit:st-cdd645f1ca74be40,station,大街道,33.84125,132.769665,2
mlit:st-cde6f1bf00afca87,station,つつじヶ丘,35.658,139.57519,2
mlit:st-cdea2393d0290e0e,station,二里ヶ浜,34.257525,135.10416,2
mlit:st-cdeacd5946a5158d,station,小千谷,37.309973,138.81335,2
mlit:st-cdf2a4db642c3dce,station,飛鳥山,35.750065,139.73732,2
mlit:st-cdf63cce1171004e,station,八木沢・宮古短大,39.619299,141.946367,2
mlit:st-cdf6e73826a97b53,station,海芝浦,35.48613,139.700675,2
mlit:st-ce01185cd97d3383,station,東三国,34.7411,135.498495,2
mlit:st-ce016dadabb7a136,station,川治温泉,36.884145,139.70374,2
mlit:st-ce05fa9cc30d0c38,station,神前,34.212995,135.2051,2
mlit:st-ce0d842b637ede1b,station,生田,39.61216,140.60132,2
mlit:st-ce14f4b5dec4f8a8,station,高座渋谷,35.432145,139.46471,2
mlit:st-ce1a65620fe33a82,station,大宮,35.003653,135.749515,2
mlit:st-ce1c5f7fdf31ad04,station,高松町,35.51544,133.23994,2
mlit:st-ce30a9fee887b869,station,峰延,43.264675,141.81468,2
mlit:st-ce30f44b4fc69f7b,station,下総豊里,35.793005,140.720895,2
mlit:st-ce326af549f88189,station,石見横田,34.618045,131.804555,2
mlit:st-ce3331d09a2fd908,station,愛宕,38.39747,141.065113,2
mlit:st-ce38003c0c3a18fe,station,八幡,33.869267,130.795147,2
mlit:st-ce3b2cb9582e4407,station,南四日市,34.941437,136.609587,2
mlit:st-ce4b638f5d4dbda9,station,米野木,35.1237,137.06699,2
mlit:st-ce4e9572070499bf,station,新富士,35.142068,138.663009,2
mlit:st-ce576d4dc1f8d5ef,station,島ヶ原,34.767635,136.054085,2
mlit:st-ce68b91134822fbc,station,西江井ヶ島,34.68573,134.90817,2
mlit:st-ce784c3b6003272f,station,大鶴,33.36698,130.88548,2
mlit:st-ce79062f717e9f9b,station,東中間,33.820485,130.72187,2
mlit:st-ce85cc8e86541aaa,station,原木,35.06549,138.943705,2
mlit:st-ce8fa0cee0c9ef1b,station,黒松内,42.66959,140.305735,2
mlit:st-ce91c24442964f5f,station,陸前赤崎,39.06852,141.741055,2
mlit:st-ce9453a720ae570d,station,日比谷,35.674927,139.759868,2
mlit:st-ce9b94de915d0c82,station,吹浦,39.07004,139.878637,2
mlit:st-ceab40f47f57ae2b,station,杉田,37.563484,140.413978,2
mlit:st-ceb09b60db69b7e4,station,練馬高野台,35.740615,139.616835,2
mlit:st-cebee4d6c5e573b1,station,猿橋,35.612723,138.967923,2
mlit:st-cec21ef33d3223b3,station,町屋,35.742251,139.780839,2
mlit:st-cec289d26ce0e094,station,琴電屋島,34.341575,134.105825,2
mlit:st-cec64455fb249526,station,東田平,33.357745,129.62315,2
mlit:st-cecb98da32e35fb1,station,高速長田,34.666916,135.150866,2
mlit:st-cee53ef6ed85ade4,station,六反地,33.26203,133.1694,2
mlit:st-cee6ee04eea705e9,station,谷津,35.685286,140.007648,2
mlit:st-cef4093c06a99ed0,station,吉備津,34.674413,133.84624,2
mlit:st-cf001a8cb908d2f1,station,通津,34.0681,132.204945,2
mlit:st-cf034b101101d256,station,野尻,35.67304,137.636155,2
mlit:st-cf264f5b54b7c8c5,station,法華口,34.87527,134.856365,2
mlit:st-cf2b098e0a11c74d,station,青森,40.83032,140.73465,2
mlit:st-cf3aea8a309ac85e,station,大阪天満宮,34.697415,135.513345,2
mlit:st-cf40888067b4f70a,station,中軽井沢,36.347562,138.593212,2
mlit:st-cf47305c0f5bf4be,station,東鹿越,43.163873,142.52351,2
mlit:st-cf49739f993866f9,station,岐波,33.98974,131.347815,2
mlit:st-cf4abfdabf9d70f1,station,上総一ノ宮,35.374685,140.365525,2
mlit:st-cf4ef1c114e84549,station,阿波山川,34.05522,134.234553,2
mlit:st-cf4f101c90472926,station,諫早,32.851614,130.041296,2
mlit:st-cf5cb386913fd1de,station,練馬春日町,35.75136,139.64076,2
mlit:st-cf5de517eb53d40e,station,住吉,34.614249,135.491904,2
mlit:st-cf62f61145febd59,station,千垣,36.573745,137.3739,2
mlit:st-cf8208996f47bb5b,station,小杉,36.64952,137.23309,2
mlit:st-cf89f5af1554cf62,station,渋沢,35.374055,139.184548,2
mlit:st-cf8c14dfdac9128b,station,祇園橋,32.792805,130.694815,2
mlit:st-cf8d4314140bb2be,station,肥後高田,32.475155,130.612455,2
mlit:st-cf8f3c2a62220d1d,station,名電赤坂,34.85936,137.311137,2
mlit:st-cf9682f9ca8e0b73,station,東大手,35.18345,136.908475,2
mlit:st-cf9f79a761c2f7b6,station,もたて山,35.067452,135.846876,2
mlit:st-cf9f959dcc7a05fe,station,光洋台,33.926845,132.760955,2
mlit:st-cfa35035df4cd13e,station,小塩江,37.295555,140.43016,2
mlit:st-cfa74b51c4695ee4,station,縄文小ヶ田,40.205065,140.349225,2
mlit:st-cfacc3fcf00c4eab,station,東宮原,35.942685,139.618225,2
mlit:st-cfb3fbec46598157,station,石狩沼田,43.81012,141.93414,2
mlit:st-cfbbf9d6ec3ff4cc,station,河内,34.469555,132.889135,2
mlit:st-cfbdbffcffa997d5,station,春日部,35.980033,139.752585,2
mlit:st-cfc3ae6310e0103f,station,角館,39.591795,140.57118,2
mlit:st-cfc86cec3da54ea8,station,大江,35.388785,135.147505,2
mlit:st-cfda49972ce2ef4c,station,堀川小泉,36.67546,137.219375,2
mlit:st-cfdc3512f2b4c7fb,station,美談,35.412555,132.798105,2
mlit:st-cfea68ff96b093a0,station,額住宅前,36.518527,136.61885,2
mlit:st-cff0831c973dc86a,station,吉尾,32.33084,130.600305,2
mlit:st-cffa42c0c7b59fa8,station,長門二見,34.251639,130.914804,2
mlit:st-d0058d614a3575e1,station,相馬,37.802477,140.925718,2
mlit:st-d01f1070e8133e89,station,二股,42.5759,140.32077,2
mlit:st-d020375460a17d42,station,信濃木崎,36.53564,137.84625,2
mlit:st-d024f45748132541,station,トレードセンター前,34.638755,135.41184,2
mlit:st-d02b1715f1c2b3db,station,布施,34.664085,135.56357,2
mlit:st-d02d18d21791efa1,station,竹浦,42.49294,141.26031,2
mlit:st-d031fc0f46a5fcd4,station,馬来田,35.36682,140.058515,2
mlit:st-d043ddcd8a49b0b5,station,大河原,38.047397,140.74033,2
mlit:st-d046a042e6d7d8f2,station,吉川,35.876645,139.843183,2
mlit:st-d04a9a5f9f302966,station,広域公園前,34.43544,132.40012,2
mlit:st-d04ebe330f6f1cdf,station,水巻,33.852585,130.696285,2
mlit:st-d052131a96fede58,station,中津川,35.500147,137.50281,2
mlit:st-d05277c2115872d1,station,古庄,34.992865,138.419595,2
mlit:st-d05889c30478a15e,station,びわ湖浜大津,35.011295,135.86401,2
mlit:st-d0627eb82beda717,station,滑津,36.238715,138.475005,2
mlit:st-d0630dc8dbc57c20,station,渡辺通,33.584065,130.404955,2
mlit:st-d066c11852017c37,station,西武柳沢,35.72858,139.5524,2
mlit:st-d06a6137a8312a02,station,安積永盛,37.35659,140.36882,2
mlit:st-d06e468068c9dee1,station,鐘ヶ淵,35.73376,139.82037,2
mlit:st-d08179dccdca7997,station,阿波川端,34.148885,134.48375,2
mlit:st-d08cb8eaa1d79104,station,本楯,38.968557,139.881963,2
mlit:st-d08faf0d730d30ca,station,小村井,35.71032,139.82761,2
mlit:st-d09399a688a7a592,station,十条,34.972493,135.759712,2
mlit:st-d099defb1225df74,station,紀伊宮原,34.07795,135.169985,2
mlit:st-d09effa480eb6a7a,station,神田,33.26135,129.67134,2
mlit:st-d0a0c8e927412093,station,河原,35.39754,134.223095,2
mlit:st-d0b0d16aac35eb6c,station,みどり湖,36.09426,137.98197,2
mlit:st-d0b4e7c0d44796d0,station,千代県庁口,33.60231,130.41416,2
mlit:st-d0b650fbaf11c543,station,恋山形,35.25588,134.27909,2
mlit:st-d0bf2e6f30ce9eac,station,南平岸,43.02666,141.371343,2
mlit:st-d0c245bdbe39dace,station,端間,33.378843,130.550823,2
mlit:st-d0c48d0f555262e3,station,新蒲原,35.119414,138.608102,2
mlit:st-d0c9d739ace3c9c0,station,西富士宮,35.225451,138.602526,2
mlit:st-d0cb0c884e7e38f7,station,白島,34.404065,132.465695,2
mlit:st-d0cb6bd0d7c92de6,station,神戸,34.67922,135.17822,2
mlit:st-d0d5248cd848b8df,station,小泉,35.349155,137.10056,2
mlit:st-d0d7beae3f88cd95,station,東向日,34.953915,135.70466,2
mlit:st-d0db90c3b2a559cf,station,美々津,32.32592,131.60231,2
mlit:st-d0de381a955b47aa,station,小栗山,40.564295,140.48667,2
mlit:st-d0e5a19fee474d72,station,郷戸,37.51634,139.709925,2
mlit:st-d0e7966ff6beaab1,station,上夜久野,35.341835,134.931725,2
mlit:st-d0eb07ed028beea4,station,古部,32.856355,130.21336,2
mlit:st-d0f6e5f4bc0a9a29,station,粉河,34.27072,135.404195,2
mlit:st-d0f7172554ed4f4f,station,吉田,37.687112,138.878578,2
mlit:st-d0f73a1f53a3939d,station,本笠寺,35.09908,136.933435,2
mlit:st-d0fa3910689bb210,station,生駒山上,34.679483,135.68054,2
mlit:st-d0fc31ddc7ec56eb,station,讃岐府中,34.291433,133.92386,2
mlit:st-d0ff5c38cb78dd46,station,袋田,36.754755,140.379615,2
mlit:st-d10d6ce2cff6198e,station,日進,35.93153,139.60606,2
mlit:st-d1117c01397e922e,station,野沢,37.591043,139.64424,2
mlit:st-d115bf2899b0ef95,station,後免中町,33.575463,133.645983,2
mlit:st-d11804ffa966a756,station,武之橋,31.57946,130.55397,2
mlit:st-d121f62a957bf93b,station,小林,35.830737,140.193113,2
mlit:st-d12f5baa08743042,station,長田,34.668395,135.1513,2
mlit:st-d136aaf2ff22e385,station,市役所前,41.769185,140.725515,2
mlit:st-d141bfbaf09ea684,station,福井駅,36.062109,136.222168,1
mlit:st-d144fed94906aca6,station,水尻,34.319856,132.498992,2
mlit:st-d149e893e8e83ec5,station,魚沼田中,37.29414,138.99263,2
mlit:st-d15281bb84cf64e9,station,川村,32.207235,130.79535,2
mlit:st-d15873daaf664ccb,station,三輪崎,33.68953,135.984935,2
mlit:st-d1618fade3a35152,station,羽後本荘,39.38686,140.0576,2
mlit:st-d16d9b234f2cefba,station,あかぢ,33.72729,130.7246,2
mlit:st-d17451dac785a472,station,西広島,34.398183,132.428177,2
mlit:st-d185355ce5952080,station,榎井,34.19433,133.82957,2
mlit:st-d18543d68032a211,station,さつき野,37.8131,139.117355,2
mlit:st-d18a2a9671e73a1c,station,厄神,34.79454,134.906725,2
mlit:st-d198caa980a3abb3,station,甲陽園,34.760563,135.33064,2
mlit:st-d1a3aef5878a8039,station,坂本比叡山口,35.070585,135.871285,2
mlit:st-d1a6f6b63e50004d,station,狛江,35.63225,139.577384,2
mlit:st-d1a8762bef081650,station,陸前落合,38.273435,140.79005,2
mlit:st-d1bc2a14483d1e4a,station,小布施,36.69899,138.312785,2
mlit:st-d1c3fbb8407bea66,station,今隈,33.404145,130.594275,2
mlit:st-d1cd7a066213d879,station,塩狩,43.968065,142.454915,2
mlit:st-d1cfe91f350b3058,station,富水,35.29677,139.14516,2
mlit:st-d1d4cb50ca854eb2,station,戸坂,34.438515,132.491215,2
mlit:st-d1d4d465c9396575,station,舞松原,33.64469,130.455595,2
mlit:st-d1de1e50640dd7a2,station,館腰,38.143085,140.880155,2
mlit:st-d1e13f6fd179c6ad,station,竜田川,34.61719,135.704665,2
mlit:st-d1eb098e59497d51,station,神沢,35.098632,136.989399,2
mlit:st-d1f3bb4433d1eb4a,station,津田,34.80141,135.697975,2
mlit:st-d2075b9bf7e06b37,station,貴船口,35.105868,135.7636,2
mlit:st-d2085aab4d23b9b1,station,新庚申塚,35.741105,139.73035,2
mlit:st-d20f952ea08d114d,station,泉田,38.81181,140.310058,2
mlit:st-d21026480593b124,station,山科,34.992177,135.816838,2
mlit:st-d213c58be4dca2cb,station,若葉町,32.787538,129.861746,2
mlit:st-d21542264de42245,station,六郷土手,35.54053,139.707565,2
mlit:st-d21be8b49658899e,station,柱野,34.14385,132.15457,2
mlit:st-d21ff5a1a0cb6251,station,道後公園,33.848335,132.78495,2
mlit:st-d222a90d5bb2df62,station,五郎,33.54133,132.570525,2
mlit:st-d23456c7152a3c76,station,鬼越,35.719765,139.937865,2
mlit:st-d25b1c9fd30cc56f,station,瀬々串,31.42122,130.522735,2
mlit:st-d266341d9c647777,station,矢場町,35.163305,136.908725,2
mlit:st-d267eb44e5901ab6,station,関門海峡めかり,33.960593,130.968126,2
mlit:st-d27035cb9fcc1269,station,綱島,35.536815,139.634795,2
mlit:st-d28be242704354f7,station,入広瀬,37.358695,139.065825,2
mlit:st-d293169ecd6be9df,station,麹町,35.684785,139.73735,2
mlit:st-d29dffa18f1d5f6d,station,明智,35.305975,137.38737,2
mlit:st-d29fb244f4de98f1,station,南郷18丁目,43.03033,141.435165,2
mlit:st-d2ab19ee69d91b26,station,六原,39.227825,141.09781,2
mlit:st-d2ad3588f728b66a,station,比地大,34.16696,133.690355,2
mlit:st-d2b129ea2dc01b30,station,只見,37.350255,139.31481,2
mlit:st-d2b27109d16791d5,station,三ヶ日,34.802565,137.55178,2
mlit:st-d2d0f93d435dc939,station,阿佐ヶ谷,35.704887,139.636257,2
mlit:st-d2d686e97775eb82,station,双岩,33.424275,132.45789,2
mlit:st-d2dcbfc259c8d875,station,電鉄富山駅・エスタ前,36.699905,137.214065,2
mlit:st-d2dd4fdf0f5b6f79,station,綾ノ町,34.587915,135.4832,2
mlit:st-d2e0bafd52c62a58,station,益田,34.678275,131.83895,2
mlit:st-d2ea2ed9c5a7c2ca,station,比島,36.065977,136.484113,2
mlit:st-d2f0f111ecb57cd5,station,大塚・帝京大学,35.63686,139.416445,2
mlit:st-d2f0f1d20cb3f955,station,大井町,35.607391,139.734459,2
mlit:st-d2f86a2a2bae2365,station,天竜峡,35.4411,137.81734,2
mlit:st-d303ddb8ac529682,station,園,35.456135,132.86813,2
mlit:st-d30f538eba022ad5,station,大中山,41.86478,140.7135,2
mlit:st-d30fc8c32c0c4723,station,足滝,36.99897,138.60372,2
mlit:st-d3107bc00a1d07b8,station,最上,38.75593,140.51766,2
mlit:st-d32131c15b721638,station,神武寺,35.30628,139.59289,2
mlit:st-d3243f852fc79842,station,平城山,34.71053,135.81035,2
mlit:st-d3270e20d7a29399,station,新金岡,34.5682,135.51527,2
mlit:st-d335db37ba5b75a6,station,二名,33.29151,132.629025,2
mlit:st-d33c5916ed21c4fa,station,松久,36.173065,139.1821,2
mlit:st-d33fbe9212b6c2a6,station,佐羽根,39.711133,141.93589,2
mlit:st-d340856fc52ffd16,station,九州工大前,33.90046,130.84016,2
mlit:st-d34abd61dd71aba5,station,西三荘,34.73734,135.57589,2
mlit:st-d34e88e803d73a4e,station,讃岐塩屋,34.285055,133.777335,2
mlit:st-d35872ce4b1db34a,station,小浜,35.491645,135.745645,2
mlit:st-d35be1d3deef04b2,station,塩屋,34.3356,134.155015,2
mlit:st-d35d15f22e0bbd29,station,前後,35.052075,136.995925,2
mlit:st-d3603bc7e5ee3c29,station,烏丸御池,35.010503,135.759628,2
mlit:st-d36d378e36aed4bf,station,元住吉,35.565705,139.654715,2
mlit:st-d3710412cc1d9f27,station,甲立,34.69259,132.760057,2
mlit:st-d3747811bd402faf,station,出雲科学館パークタウン前,35.363065,132.76651,2
mlit:st-d3765d7275454717,station,尾道,34.404838,133.193008,2
mlit:st-d3792fa27b0640bb,station,通谷,33.82303,130.72701,2
mlit:st-d3873ef76aee218d,station,魚市場通,41.766495,140.72283,2
mlit:st-d3879a2f58a94cfd,station,喜多見,35.636487,139.586743,2
mlit:st-d38e635663de5bba,station,芦別,43.516655,142.184245,2
mlit:st-d3944c0148563c65,station,めがね橋,32.746905,129.87835,2
mlit:st-d39807612e47b42b,station,大入,33.50881,130.105585,2
mlit:st-d39d5ba3f52089b8,station,早通,37.921115,139.178175,2
mlit:st-d39ddfa965f5823c,station,寺家,34.439525,132.722649,2
mlit:st-d3a68953e211504c,station,木太東口,34.31972,134.079585,2
mlit:st-d3b863b3d3232c0c,station,出雲横田,35.177415,133.092555,2
mlit:st-d3b9b77bc8c69fba,station,下宇和,33.34978,132.531085,2
mlit:st-d3c15668344a61bd,station,堺東,34.575855,135.48503,2
mlit:st-d3c37c3af891eb48,station,二俣川,35.46339,139.53237,2
mlit:st-d3c6dfd4e72d33d2,station,河毛,35.448435,136.24951,2
mlit:st-d3cf617ff7cab4be,station,笠島,37.335695,138.467045,2
mlit:st-d3cfb71791272ab4,station,林崎,40.67525,140.48055,2
mlit:st-d3d12cb6f92c0c6c,station,楢原,35.01968,134.189185,2
mlit:st-d3d82a66db6e5ce7,station,大手町駅前,33.840315,132.75547,2
mlit:st-d3dc964115d8fef0,station,飯坂温泉,37.830135,140.45468,2
mlit:st-d3dccffd556df713,station,音別,42.889015,143.93247,2
mlit:st-d3f565c1bf39a914,station,郡山,34.648217,135.790397,2
mlit:st-d40678f968b93687,station,県庁前,34.39664,132.458147,2
mlit:st-d40c926469681779,station,是政,35.656185,139.48864,2
mlit:st-d40d101594b0bb41,station,東静岡,34.984077,138.41292,2
mlit:st-d40e8b897cdc2d89,station,湯江,32.904835,130.14068,2
mlit:st-d419bb9b7dc37a23,station,宝達,36.81966,136.762287,2
mlit:st-d4273b8bd0e70f84,station,志文,43.159035,141.74451,2
mlit:st-d4375c7d1ba87d61,station,白浜の宮,34.786855,134.70714,2
mlit:st-d439698b5fd15966,station,彦根,35.27233,136.263547,2
mlit:st-d43ee2006fdca7ef,station,富良野,43.3472,142.39143,2
mlit:st-d44d3efddca45d7f,station,下小川,36.669015,140.38714,2
mlit:st-d452c2e4cb27e874,station,古町,33.84697,132.755005,2
mlit:st-d45e0ff7f48f0fcc,station,柴宿,38.996735,141.272185,2
mlit:st-d4683decb390a88f,station,蒲郡,34.822751,137.226527,2
mlit:st-d46b197c05d80960,station,相野々,39.27811,140.618703,2
mlit:st-d46de5349f3501dc,station,六甲道,34.714805,135.238405,2
mlit:st-d4749cb0c1a9c3dc,station,上有住,39.24199,141.68153,2
mlit:st-d47dfdc4be3cd698,station,内ヶ巻,37.25001,138.851765,2
mlit:st-d4869e152ff6d4ad,station,西28丁目,43.060965,141.314565,2
mlit:st-d48865e78549a3af,station,古市,34.554047,135.609123,2
mlit:st-d48c4c0a70f54cfc,station,奥新川,38.32598,140.59444,2
mlit:st-d494b57d702dee63,station,国道,35.50077,139.67571,2
mlit:st-d498f266a85d333a,station,名草,34.35369,131.651185,2
mlit:st-d4a28e211b34154b,station,木曽平沢,35.979048,137.832285,2
mlit:st-d4b0d98ad15474f6,station,ポートタウン東,34.63088,135.429025,2
mlit:st-d4b2a1d77da6ed06,station,上井草,35.725255,139.602955,2
mlit:st-d4b4a9c8a7c898ee,station,大麻生,36.144625,139.331905,2
mlit:st-d4ba4c666a712551,station,有栖川,35.01519,135.694015,2
mlit:st-d4be475ee73905ba,station,中電前,34.38914,132.455625,2
mlit:st-d4c763a66827097b,station,青笹,39.31148,141.56893,2
mlit:st-d4c7ad8c39046862,station,北埠頭,34.673565,135.21451,2
mlit:st-d4cbc14dbf3c6f88,station,七道,34.59219,135.48051,2
mlit:st-d4d525454581222c,station,京急長沢,35.205445,139.674125,2
mlit:st-d4dce8cdd925b2a4,station,手ノ子,38.01176,139.96126,2
mlit:st-d4eb8f6ddd2860da,station,大野原,36.018645,139.09411,2
mlit:st-d4ebda0e3622ac1d,station,向之原,33.19668,131.514065,2
mlit:st-d4fa714dee175b67,station,長瀞,36.0955,139.11231,2
mlit:st-d507b4306595a9d4,station,藤の牛島,35.980335,139.77807,2
mlit:st-d509168a44649484,station,東松戸,35.770127,139.943107,2
mlit:st-d50e86b0fd88bbcf,station,羽場,35.953065,137.985155,2
mlit:st-d51157d42d26e56d,station,東幡豆,34.78955,137.14593,2
mlit:st-d520607ff297258e,station,高田馬場,35.713025,139.704337,2
mlit:st-d5298e1a221ed18d,station,新居,34.786337,136.115901,2
mlit:st-d53ce8625b62ad8c,station,上塩屋,31.535595,130.529595,2
mlit:st-d54057d9cb15926a,station,摺沢,38.996075,141.321165,2
mlit:st-d54316baa8b020b8,station,丹後神崎,35.50653,135.293675,2
mlit:st-d54b824d4d7584b4,station,和賀仙人,39.308245,140.90975,2
mlit:st-d54ec6da3fb71d87,station,西中通,37.392545,138.592825,2
mlit:st-d55405f4b4817e4d,station,越後滝谷,37.368723,138.834973,2
mlit:st-d55778ba375c56f7,station,東金沢,36.59345,136.66948,2
mlit:st-d55a28973419c3e0,station,市ノ瀬,35.46234,138.482135,2
mlit:st-d57096627659a454,station,石仏,35.295535,136.871175,2
mlit:st-d581987a394f692f,station,万願寺,35.671315,139.41986,2
mlit:st-d5841a55070c2a40,station,阪東橋,35.43754,139.62497,2
mlit:st-d585a41c0cb494bf,station,松江イングリッシュガーデン前,35.47735,133.003985,2
mlit:st-d58647152b0b5a26,station,嬉野温泉,33.106605,129.998953,2
mlit:st-d58c97ee9bfc04ad,station,東都農,32.29025,131.582035,2
mlit:st-d58ee5b50fc4868d,station,岩見沢,43.20411,141.75924,2
mlit:st-d58faab0c5bdbebf,station,いずみ中央,35.4151,139.487185,2
mlit:st-d590fe8d6e64a084,station,熊野前,35.748712,139.769603,2
mlit:st-d598bcb0c179f3ef,station,津和野,34.47254,131.77376,2
mlit:st-d5a4dd0aad6d7d0d,station,伯耆大山,35.43012,133.38417,2
mlit:st-d5a627153a8f9fe3,station,松岡,36.09403,136.301725,2
mlit:st-d5b04c3eb41c19fc,station,干拓の里,32.83615,130.093165,2
mlit:st-d5b102d6b502e451,station,丸の内,35.173983,136.897685,2
mlit:st-d5c3d5c5a8e25641,station,鍋島,33.25905,130.265695,2
mlit:st-d5ca587130ca6a60,station,江井ヶ島,34.67902,134.919925,2
mlit:st-d5cb0a2ef7bccfc9,station,浅草,35.71393,139.792455,2
mlit:st-d5cda7e3c561f309,station,船津,34.142173,136.228717,2
mlit:st-d5ce07a63d884ebc,station,宗道,36.15362,139.97059,2
mlit:st-d5d179f8220dca45,station,帷子ノ辻,35.015145,135.700315,2
mlit:st-d5d2340a6b0f7d89,station,富田林西口,34.500275,135.59628,2
mlit:st-d5d56e6fcc6b4895,station,飾磨,34.79971,134.675465,2
mlit:st-d5e1482a12acdaca,station,広小路,36.752507,137.02069,2
mlit:st-d5e1cd53d429611b,station,枕崎,31.27211,130.29943,2
mlit:st-d5ea143c3c9c48f5,station,須磨海浜公園,34.64716,135.126605,2
mlit:st-d5eb178f022251fa,station,矢野,34.352185,132.532125,2
mlit:st-d5ed4e84a1f2891b,station,土佐入野,33.023945,133.01158,2
mlit:st-d604728a4891452c,station,土樽,36.875335,138.861515,2
mlit:st-d6083b42f772b1dc,station,森林公園,43.056445,141.481525,2
mlit:st-d60909ae9e75e2fb,station,山田西町,33.604565,133.67733,2
mlit:st-d60fc337b4ab4750,station,赤井,37.08064,140.866335,2
mlit:st-d61fc494add20a27,station,国谷,36.451455,139.82385,2
mlit:st-d625bc7768fdf580,station,岡寺,34.474235,135.795955,2
mlit:st-d6272a63440646d3,station,都野津,34.989545,132.1874,2
mlit:st-d62fe36d908c5db7,station,若狭和田,35.48863,135.581505,2
mlit:st-d641eb1c2fcd152a,station,遠軽,44.06028,143.52068,2
mlit:st-d654a0da7dc88307,station,瀬戸,34.734653,134.041936,2
mlit:st-d661f7ebc906c645,station,小川郷,37.126455,140.862525,2
mlit:st-d670a89f65587a5b,station,蒲田,35.561968,139.7151,2
mlit:st-d673d40dd372b11e,station,鳥沢,35.60804,139.003485,2
mlit:st-d680c198e2e5cbf1,station,松島,38.379312,141.065328,2
mlit:st-d685c51e6b79778d,station,東大更,39.902605,141.14223,2
mlit:st-d68cfebea966ca8c,station,淵野辺,35.568494,139.395334,2
mlit:st-d697bcf9c433addb,station,二軒屋,34.05505,134.54689,2
mlit:st-d6a1a47e84f77fa7,station,国分寺,35.700445,139.480131,2
mlit:st-d6bcd74e4e214c6b,station,崇禅寺,34.73101,135.510165,2
mlit:st-d6c2d56be3e6b5f4,station,上田原,36.39039,138.221715,2
mlit:st-d6c316cdc0bb70a1,station,丸渕,35.222525,136.72899,2
mlit:st-d6c420b3cf3c94c9,station,新琴似,43.113045,141.33514,2
mlit:st-d6c6fa6244a77ad3,station,植田,36.92049,140.796485,2
mlit:st-d6cf98f9a1e262a5,station,妙音通,35.11712,136.92958,2
mlit:st-d6d375284108a8d6,station,高尾,35.642015,139.282173,2
mlit:st-d6dc104d0e84e6a8,station,上町二丁目,33.557285,133.52305,2
mlit:st-d6e3cdd98a08db11,station,高崎問屋町,36.346135,139.01723,2
mlit:st-d6e4960b0f078690,station,北小松,35.253293,135.97004,2
mlit:st-d6f0b1b20ec49b95,station,津久見,33.07289,131.863715,2
mlit:st-d6f799b738ac05b7,station,南瀬高,33.133365,130.471215,2
mlit:st-d6fb814d59432faa,station,川名,35.148715,136.94826,2
mlit:st-d701d32b043fbdf8,station,服部天神,34.76293,135.47518,2
mlit:st-d7099fe62b6252ea,station,草津南,34.378095,132.39847,2
mlit:st-d7115403b9ebaff1,station,親不知,37.00685,137.73803,2
mlit:st-d713cd0ad5d8f65e,station,大張野,39.663575,140.27414,2
mlit:st-d716b6ecef8a64ac,station,渡瀬,36.26184,139.53748,2
mlit:st-d71bdc96aac211eb,station,糸田,33.656625,130.78571,2
mlit:st-d71d1e7a7b51a0a7,station,池戸,34.27903,134.119445,2
mlit:st-d732a67c79280c6d,station,北佐世保,33.187205,129.72037,2
mlit:st-d73b23924dccd635,station,高岡やぶなみ,36.737235,136.988705,2
mlit:st-d75c08c3a2938e72,station,長田,34.681635,135.14955,2
mlit:st-d76bf31ebe9ccc48,station,日比野,35.163675,136.7286,2
mlit:st-d775775b05cd846d,station,上涌谷,38.549175,141.09958,2
mlit:st-d7771e6884ea1627,station,公園東口,34.81059,135.539595,2
mlit:st-d77b7ce1bdad2393,station,小松川,39.2934,140.64617,2
mlit:st-d77eacee06427b57,station,甲子園,34.72396,135.363275,2
mlit:st-d79acadee98630fc,station,木与,34.532802,131.503464,2
mlit:st-d7a37c070382ff1f,station,大河端,36.616835,136.642975,2
mlit:st-d7a9d226a7557f20,station,大石田,38.59582,140.375385,2
mlit:st-d7b805ca8961096d,station,四方津,35.614133,139.07357,2
mlit:st-d7b9525aea1b4f5b,station,備前田井,34.516095,133.943075,2
mlit:st-d7bada3c997a4894,station,里見,35.33723,140.145525,2
mlit:st-d7be92782f286eb6,station,陸中川井,39.597335,141.681505,2
mlit:st-d7c0cd430efc7f58,station,日本橋,34.666837,135.506253,2
mlit:st-d7c8eaba4544987d,station,宇部新川,33.958605,131.24233,2
mlit:st-d7c9ee25e8b5aa92,station,学園前,34.697015,135.749805,2
mlit:st-d7cc457fb9eef334,station,八丁馬場,32.783645,130.74222,2
mlit:st-d7d03100f853acec,station,古虎渓,35.303827,137.10175,2
mlit:st-d7d1028095c2282d,station,家中,36.42979,139.74745,2
mlit:st-d7db1381acb8db5d,station,稚内,45.416163,141.6773,2
mlit:st-d7e964b47b7e38f2,station,泉ケ丘,34.497028,135.511413,2
mlit:st-d7f64c82becfce7f,station,二軒茶屋,31.55014,130.54139,2
mlit:st-d7faf908a7b0f0d3,station,出来島,34.70727,135.436845,2
mlit:st-d80bbd0fe091a7d3,station,乃木坂,35.666593,139.726215,2
mlit:st-d80df930c9bfcbeb,station,さがみ野,35.47151,139.428696,2
mlit:st-d80e047469e55626,station,酒殿,33.602615,130.486335,2
mlit:st-d8168f5734f7f5e4,station,美里,36.292295,138.450245,2
mlit:st-d81a8ec46f230ac0,station,布田,35.64986,139.551715,2
mlit:st-d81fba5ce2eea07e,station,丹生川,35.122705,136.51954,2
mlit:st-d839c25a6624bcc4,station,林,36.704535,136.999415,2
mlit:st-d83ce60eb490f0bf,station,太閤通,35.16763,136.873385,2
mlit:st-d8539f24fade0111,station,南部,33.767545,135.32437,2
mlit:st-d855ae456e765df9,station,剣淵,44.09645,142.36461,2
mlit:st-d85f1e0df14ebbd2,station,大釜,39.711527,141.071943,2
mlit:st-d85f6d9267928899,station,都城,31.7366,131.07401,2
mlit:st-d86e494625d8f54f,station,山口,34.1728,131.48106,2
mlit:st-d86eb9887be57662,station,横川駅,34.409605,132.45065,1
mlit:st-d87a74601c6e2b53,station,学園都市,34.681437,135.05734,2
mlit:st-d883e1087fb7d53e,station,奥泉,35.14978,138.14778,2
mlit:st-d88522581e50854e,station,梅の辻,33.554125,133.543495,2
mlit:st-d8868190bec95103,station,鬼怒川公園,36.841575,139.722825,2
mlit:st-d8868cebd3100ef6,station,武蔵溝ノ口,35.598815,139.611375,2
mlit:st-d88e0147c7ed30a9,station,後潟,40.931355,140.66253,2
mlit:st-d88f31525b6be88c,station,桜街道,35.739035,139.416555,2
mlit:st-d88fa736a2b1b417,station,北野辺地,40.871135,141.134205,2
mlit:st-d8aab47d6ce76200,station,黒井村,34.12804,130.912,2
mlit:st-d8aced3c46318ee3,station,ケーブル坂本,35.06976,135.863955,2
mlit:st-d8ae0061443d7d73,station,あつみ温泉,38.62425,139.587908,2
mlit:st-d8b143bbfa3172ea,station,松尾寺,35.48597,135.450275,2
mlit:st-d8bb63b959edf7aa,station,陸前小野,38.396025,141.174775,2
mlit:st-d8c1d333c3b47c28,station,徳力嵐山口,33.8247,130.863765,2
mlit:st-d8c4cb1fe5a937ac,station,西代,34.6624,135.14399,2
mlit:st-d8dc0cdf14be2d69,station,松橋,32.65253,130.67049,2
mlit:st-d8e23f7c2287e412,station,田舎館,40.63687,140.571265,2
mlit:st-d8e2c828fc009955,station,茅ヶ崎,35.330545,139.407188,2
mlit:st-d8e4daaf675dec45,station,東毛呂,35.94715,139.31533,2
mlit:st-d8e66e5b5356c9c4,station,池田,32.827165,130.7064,2
mlit:st-d8f87b1d3e51070d,station,水道橋,35.702852,139.754424,2
mlit:st-d8fd12346cc83ced,station,新谷,33.534155,132.59853,2
mlit:st-d90409dab0e4deb3,station,御幸辻,34.337827,135.602063,2
mlit:st-d906930618973fa1,station,馬込,35.596367,139.711837,2
mlit:st-d906a0ea704ca8c0,station,佐久間,35.09187,137.809725,2
mlit:st-d910d9b580107f0c,station,鏡石,37.25055,140.346837,2
mlit:st-d9139688f4442331,station,下飯田,35.403375,139.482885,2
mlit:st-d917c2eec4aee9a2,station,袖崎,38.54827,140.391355,2
mlit:st-d91db01dae86c9ea,station,喜多山,33.533425,132.611435,2
mlit:st-d938ccf269901769,station,荒島,35.431805,133.207425,2
mlit:st-d945aebf98caee1c,station,姉ヶ崎,35.47865,140.041933,2
mlit:st-d948e47757fb36f2,station,大曽根浦,34.061903,136.223013,2
mlit:st-d94ac2755c9cf317,station,周参見,33.54687,135.495755,2
mlit:st-d9571d72ba83de0c,station,山梨市,35.685034,138.682836,2
mlit:st-d95aab479566b9bc,station,子守唄の里高屋,34.58173,133.433325,2
mlit:st-d96641e8e90cf9b3,station,西岸,37.147665,136.87416,2
mlit:st-d977d71bc9dddc47,station,長屋,36.873525,137.47075,2
mlit:st-d98ec67cb47d1ca7,station,十村,35.516045,135.89667,2
mlit:st-d98edced13839b98,station,蟇目,39.629295,141.838845,2
mlit:st-d9916c51575273a7,station,豊前川崎,33.596745,130.822115,2
mlit:st-d997248dd67843dd,station,太田,36.294113,139.378897,2
mlit:st-d9994d27f12ce1b2,station,松任,36.526513,136.56568,2
mlit:st-d9b2f3def293e8b0,station,速星,36.664053,137.160433,2
mlit:st-d9cdf31321f64715,station,清水原,38.854927,141.156452,2
mlit:st-d9d110f299439677,station,鵜杉,38.76493,140.45367,2
mlit:st-d9e05bf139f0619c,station,鶴瀬,35.845703,139.539307,2
mlit:st-d9e315ecf1102161,station,住吉,32.702038,130.597933,2
mlit:st-d9e9eaba893cfbbf,station,西滑川,36.75552,137.334605,2
mlit:st-d9eac493c92ee423,station,新瀬戸,35.225525,137.077685,2
mlit:st-d9eb96db01f68bb2,station,箱石,39.61711,141.62581,2
mlit:st-d9ee00a28c6c1d77,station,南小松島,34.00566,134.587005,2
mlit:st-d9f7b8cd1c72f65f,station,荒浜,37.40473,138.60195,2
mlit:st-d9f82d73825e55e9,station,米野,35.16126,136.87962,2
mlit:st-da0e571b065730da,station,郷沢,40.987765,140.652395,2
mlit:st-da1e42a2d564c856,station,新豊津,33.679645,130.963915,2
mlit:st-da26d8e8d0c04ed3,station,新御茶ノ水,35.696925,139.76545,2
mlit:st-da452a3eb701897d,station,山本,34.82195,135.38849,2
mlit:st-da4ceeef3ecd747a,station,越後金丸,38.06651,139.663525,2
mlit:st-da4f5015d94c83bd,station,南郷7丁目,43.040265,141.41097,2
mlit:st-da5f56346ddaf4c7,station,摂待,39.80948,141.962155,2
mlit:st-da61e0179606afc3,station,柏原,35.127195,135.077125,2
mlit:st-da6672d01a01b721,station,日田,33.317885,130.938135,2
mlit:st-da6bfe54c46975b1,station,備中神代,34.994605,133.40058,2
mlit:st-da6dd25f72ce17d9,station,箱根板橋,35.245155,139.145185,2
mlit:st-da77236b3e1cc324,station,岡部,36.205782,139.237378,2
mlit:st-da7795094b959861,station,名鉄岐阜,35.411237,136.760627,2
mlit:st-da91c892d16796f8,station,土山,34.720317,134.889023,2
mlit:st-da9222a2957240a3,station,荒川七丁目,35.742,139.784045,2
mlit:st-da92784fa3dfb87d,station,青野ヶ原,34.897305,134.927975,2
mlit:st-daa48081edc19f8b,station,荒子川公園,35.104505,136.861305,2
mlit:st-daa9810e8e301372,station,山ノ内,35.00832,135.723215,2
mlit:st-dabc386e084c1d29,station,月見山,34.650213,135.122153,2
mlit:st-dabdc8cf5726b4d3,station,南流山,35.838138,139.903512,2
mlit:st-dabed2d1c71b9bce,station,長岡天神,34.92488,135.69246,2
mlit:st-dac47949154653a2,station,吹田,34.76322,135.523765,2
mlit:st-dac9aa0acbe46334,station,東生駒,34.691903,135.709587,2
mlit:st-dad0b708332ff121,station,赤池,35.121035,137.018205,2
mlit:st-dad45f6d89ee4119,station,鎌瀬,32.39105,130.65462,2
mlit:st-dad616c246aad8ad,station,穴守稲荷,35.550333,139.746717,2
mlit:st-dad6b67cc7aaeb60,station,河内森,34.77383,135.685655,2
mlit:st-dad8776dfbd8dad0,station,広瀬通,38.262835,140.875417,2
mlit:st-dad8dfd441864115,station,横倉,36.979905,138.55034,2
mlit:st-dad9302a815fd6cc,station,新大楽毛,43.00938,144.294765,2
mlit:st-dae6f1c81a8b4019,station,いづろ通,31.59156,130.55734,2
mlit:st-daedfc74d0cdbe6c,station,清陵高校前,36.544928,139.976308,2
mlit:st-daf3c51f3d1d8bd4,station,須磨寺,34.646025,135.11624,2
mlit:st-daf42f1f1a7c68d6,station,飯井,34.3791,131.294825,2
mlit:st-dafa297ea5454221,station,千平,36.230029,138.798544,2
mlit:st-db01327f96f329f1,station,丸山,34.704391,136.157464,2
mlit:st-db0516fc05bb3a9c,station,新川,34.762905,137.38948,2
mlit:st-db095466d0813f41,station,今羽,35.950005,139.61961,2
mlit:st-db0dd67ce3f9c43d,station,川倉,40.92633,140.44371,2
mlit:st-db1467166f41fe56,station,志紀,34.60033,135.61591,2
mlit:st-db1b51296680312a,station,西平内,40.918147,140.913113,2
mlit:st-db26b9a658fde891,station,赤岩口,34.7634,137.42912,2
mlit:st-db3062d398e83141,station,三条,37.62123,138.96088,2
mlit:st-db377102859e83cb,station,大沼公園,41.98103,140.6698,2
mlit:st-db4600b22446127e,station,郡上大和,35.81513,136.894975,2
mlit:st-db4be78d4b815a15,station,瀬上,37.802375,140.498565,2
mlit:st-db57d006971c0b20,station,大阪空港,34.791207,135.44212,2
mlit:st-db6fdad8f8895d6e,station,古津賀,32.985913,132.962307,2
mlit:st-db71dd7f0e81107f,station,横浜,35.465846,139.622079,2
mlit:st-db89de066b7a3fe4,station,日岡,34.778663,134.85718,2
mlit:st-db8d6d83f1c0213b,station,安曇沓掛,36.447805,137.854765,2
mlit:st-db9558a36304e7bf,station,余戸,33.816255,132.733905,2
mlit:st-dba9c7cada7216ce,station,下曽根,33.832142,130.934925,2
mlit:st-dbaba6680f8451a1,station,南栗橋,36.11314,139.71283,2
mlit:st-dbafbf03596c724e,station,岩水寺,34.837705,137.79258,2
mlit:st-dbb2fcbc9d4f4446,station,観音寺,34.12444,133.65624,2
mlit:st-dbb3873608d04242,station,市場前,35.64569,139.78565,2
mlit:st-dbc2d03a058904fb,station,松神,40.53518,139.94664,2
mlit:st-dbcc00046c9808c3,station,御室仁和寺,35.026355,135.71439,2
mlit:st-dbccf1dec5a4c106,station,甲南,34.93175,136.16902,2
mlit:st-dbd548a8d3c09512,station,堺市,34.57762,135.49867,2
mlit:st-dbd7d9505f4831c7,station,東広島,34.38919,132.759457,2
mlit:st-dbdeffb330f832d2,station,広丘,36.147935,137.949585,2
mlit:st-dbe9fbd04236368f,station,五条,34.355745,135.698685,2
mlit:st-dbeb7df04d2e7a30,station,東千葉,35.616977,140.122193,2
mlit:st-dbefdace93a4cccb,station,佐久広瀬,36.003685,138.519395,2
mlit:st-dbffcc6caebe4d9b,station,佐敷,32.302425,130.497315,2
mlit:st-dc0022ae84815016,station,豊後森,33.28255,131.155695,2
mlit:st-dc00988357da02b9,station,広畑,34.797905,134.627565,2
mlit:st-dc099a8d20fe6437,station,船町,34.775735,137.374065,2
mlit:st-dc3d84d72588dde6,station,下井草,35.72387,139.624735,2
mlit:st-dc3dfc471a7ab59b,station,長船,34.699305,134.09849,2
mlit:st-dc434e1bc7ae0813,station,涌谷,38.538005,141.127285,2
mlit:st-dc458d3668758bf3,station,大山寺,35.429797,139.240987,2
mlit:st-dc45fecef40f6dbb,station,長谷寺,34.52685,135.90648,2
mlit:st-dc510bfb10a1f400,station,和田塚,35.313742,139.54537,2
mlit:st-dc52ba729cfa604a,station,釜ノ鼻,32.834055,130.13554,2
mlit:st-dc5a2a3022cd7484,station,寿,35.50845,138.82557,2
mlit:st-dc5c20e03daa1aa9,station,飛鳥,34.465005,135.79817,2
mlit:st-dc5fe622c95a4db4,station,大鰐温泉,40.521553,140.567023,2
mlit:st-dc7019ee1ec3ec53,station,青郷,35.481585,135.499885,2
mlit:st-dc702ea6339d4b02,station,穴部,35.27986,139.14878,2
mlit:st-dc9d2678daa2ce9e,station,伏見稲荷,34.96913,135.769305,2
mlit:st-dca8ff5fa4206e98,station,六軒,34.617625,136.50759,2
mlit:st-dcab17f0180c347d,station,雀宮,36.493725,139.877043,2
mlit:st-dcb1c5ca13a5ccdc,station,松森,35.526775,136.915415,2
mlit:st-dcbb95e1212dec5e,station,御影,34.714915,135.255508,2
mlit:st-dcc2470c35bb1eeb,station,矢田,35.19366,136.947995,2
mlit:st-dcc7f11e4e564133,station,東八町,34.765865,137.400725,2
mlit:st-dcedc09136c6b242,station,東吾野,35.89247,139.260275,2
mlit:st-dcf0776072efe32e,station,桜町前,34.88024,137.062455,2
mlit:st-dcf4a414bae3e152,station,中洲川端,33.59461,130.406345,2
mlit:st-dd00e54199d2d2d0,station,下新田,36.407777,139.315087,2
mlit:st-dd0cedab5f69fc57,station,御門台,35.007905,138.452545,2
mlit:st-dd0ebd05838ca357,station,宮之阪,34.813675,135.65669,2
mlit:st-dd1288b3d509610d,station,甲府,35.666832,138.569562,2
mlit:st-dd15663df3b03163,station,行啓通,43.04167,141.35067,2
mlit:st-dd1f6bc4875686e0,station,新川町,34.896605,136.990305,2
mlit:st-dd21c672882fb156,station,入間市,35.842883,139.39032,2
mlit:st-dd21fd3edbb566d3,station,大泉,36.677825,137.22913,2
mlit:st-dd24379d8f2e8938,station,浅利,35.037005,132.27406,2
mlit:st-dd3aca12372e5f8f,station,稲原,33.85275,135.22969,2
mlit:st-dd3cf93d566d9fd6,station,根岸,37.50196,139.8286,2
mlit:st-dd3ef2521c6b76fc,station,篠栗,33.623925,130.52405,2
mlit:st-dd45cd0b31fbab6e,station,鶯谷,35.721455,139.77803,2
mlit:st-dd45dff311d50b5c,station,前空,34.301115,132.289275,2
mlit:st-dd4a77896f2e182f,station,大桑,36.76082,139.713583,2
mlit:st-dd4fea66bb376598,station,中野栄,38.280845,140.9853,2
mlit:st-dd6b881bfb5c20db,station,立道,34.162045,134.557635,2
mlit:st-dd6eae14f00a2aa3,station,小路,34.66134,135.55627,2
mlit:st-dd77b399c2c42e3e,station,動橋,36.328557,136.383363,2
mlit:st-dd7bb57c8252f70c,station,太宰府,33.51834,130.5312,2
mlit:st-dd7bc677ac3424e1,station,東雲,35.47501,135.284945,2
mlit:st-dd7c30bdf7361aac,station,栄町,35.612965,140.11867,2
mlit:st-dd8188adddbf612d,station,野田郷,32.063235,130.2674,2
mlit:st-dd9167457f519445,station,高井田,34.571445,135.639025,2
mlit:st-dd94c9d170ac2435,station,宇治山田,34.48831,136.714022,2
mlit:st-dd98515c7190b32c,station,紀伊内原,33.925835,135.145235,2
mlit:st-dd9c4dd48e3b9d1a,station,治良門橋,36.333025,139.341365,2
mlit:st-dda739e0aae346fd,station,緒川,34.981385,136.9719,2
mlit:st-ddaa621448e0499b,station,宇品四丁目,34.36015,132.464105,2
mlit:st-ddac8a49dd1dc958,station,長田,34.678755,135.591965,2
mlit:st-ddb92cddc0fe1dec,station,上総牛久,35.4002,140.142305,2
mlit:st-ddc67dcdd40f9ba9,station,甲斐住吉,35.636595,138.56994,2
mlit:st-ddc69852711ba001,station,和泉多摩川,35.627415,139.57372,2
mlit:st-ddce9035de86ed3e,station,木ノ本,35.50618,136.221585,2
mlit:st-ddd4104d1c142df3,station,牛島,34.076655,134.397285,2
mlit:st-dddf2cd609fc82d4,station,旭ヶ丘,38.295723,140.8837,2
mlit:st-dde26878bfd9e0d3,station,土合,36.830745,138.96795,2
mlit:st-dde486433f94b1fc,station,小牧原,35.29868,136.935344,2
mlit:st-dde4c42e062a88f3,station,フルーツパーク,34.83438,137.732195,2
mlit:st-dde825d757ecd456,station,中央病院前,41.786995,140.75107,2
mlit:st-ddeee8873ec460f5,station,今井浜海岸,34.753715,139.00467,2
mlit:st-de04691a09d21946,station,田中口,34.227215,135.192935,2
mlit:st-de09147be8d8abe5,station,三河田原,34.666935,137.269025,2
mlit:st-de0a22661e387201,station,西武球場前,35.771178,139.420338,2
mlit:st-de0cdd8d5094d6f0,station,勝山,36.055923,136.4922,2
mlit:st-de0fa1fb6a8ffce9,station,西白井,35.78444,140.031745,2
mlit:st-de1a314a7d93e08a,station,小森江,33.916515,130.938875,2
mlit:st-de1ceccbb452ce5a,station,流通センター,35.581445,139.749185,2
mlit:st-de2c745539cc33e9,station,秩父,35.998795,139.086025,2
mlit:st-de2ceb5791362c1b,station,センター北,35.553105,139.578278,2
mlit:st-de44686b8be5c7d6,station,香椎神宮,33.649655,130.452685,2
mlit:st-de4846582f6a0b79,station,野崎,34.718455,135.637025,2
mlit:st-de49297214d33f09,station,近江舞子,35.236355,135.959375,2
mlit:st-de4b3eb02aa68e3f,station,空港通り,34.28118,134.03279,2
mlit:st-de4c977ff8d53ef7,station,沓掛,34.39413,136.81443,2
mlit:st-de652c5657b78139,station,上野広小路,35.7076,139.772967,2
mlit:st-de6fa80d99b2025c,station,中野富士見町,35.69082,139.668155,2
mlit:st-de7406c473432627,station,野木,36.229905,139.734795,2
mlit:st-de7c743778306571,station,笹部,34.893675,135.416445,2
mlit:st-de7cd50a3e08d1b3,station,越前薬師,36.0053,136.384323,2
mlit:st-de7ddb38dd124266,station,港区役所,35.106505,136.884795,2
mlit:st-de834109fcb986e3,station,寒河,34.746155,134.297735,2
mlit:st-de8449d744fd2dc9,station,おもちゃのまち,36.466745,139.829535,2
mlit:st-de8b39377ad6e95a,station,鞍馬口,35.037352,135.759326,2
mlit:st-de8cb33005b3f592,station,常盤平,35.80315,139.949435,2
mlit:st-de966e3b3e53747e,station,関川,33.95577,133.392865,2
mlit:st-dea536d33f751a64,station,宮内,38.07086,140.1353,2
mlit:st-deac9e1915ff0711,station,刑部,35.076265,133.566025,2
mlit:st-debbdee12f7806af,station,中井侍,35.23592,137.834935,2
mlit:st-dec820f0f7f0033e,station,高岩,33.29775,129.637185,2
mlit:st-ded448d55dfb3786,station,稲田堤,35.63341,139.535935,2
mlit:st-dedd64982c0f2f09,station,花畑,33.30586,130.515035,2
mlit:st-dedf86b9ac8be218,station,島松,42.922445,141.57314,2
mlit:st-dee1bc2574d3b73b,station,水鳥,35.61749,136.620825,2
mlit:st-dee1e0152a1d0385,station,野州山辺,36.326285,139.43201,2
mlit:st-dee1e43e9b360eaa,station,広原,31.957785,130.984875,2
mlit:st-dee31f4204d876b9,station,ポートターミナル,34.681455,135.20222,2
mlit:st-dee4f0de59e0bedf,station,東赤坂,35.394159,136.600979,2
mlit:st-deeb1925987564a6,station,摂津本山,34.726805,135.27757,2
mlit:st-def0ca3904744ac5,station,大開,34.67152,135.162155,2
mlit:st-def377fa6feaa11b,station,白金高輪,35.643145,139.734285,2
mlit:st-def8391c2c56982d,station,東天下茶屋,34.632505,135.50849,2
mlit:st-df04b97f9611869c,station,矢原,34.150665,131.44626,2
mlit:st-df0939332ea67d64,station,御徒町,35.707195,139.774715,2
mlit:st-df0f0981a074268e,station,山田川,34.73779,135.79388,2
mlit:st-df17fe4ae504d6d5,station,山田上口,34.49584,136.694286,2
mlit:st-df1c057e222993c7,station,各務原市役所前,35.400845,136.847325,2
mlit:st-df1e713b28e0e29d,station,新桜台,35.74098,139.668573,2
mlit:st-df25f8e68720cbd8,station,長野,36.643547,138.188864,2
mlit:st-df2f2ae963551cca,station,浦川,35.05634,137.76357,2
mlit:st-df30643fe8604cff,station,青山,34.878736,136.917294,2
mlit:st-df353622b18d087f,station,赤木,35.77793,137.943955,2
mlit:st-df355e5cf0d317fe,station,一日市場,36.260085,137.90398,2
mlit:st-df3907bbc66a2ebd,station,養鱒公園,37.224515,139.84182,2
mlit:st-df3ad66de4d11f2a,station,喜多方,37.643855,139.86811,2
mlit:st-df3d4a1d2747195d,station,花山,34.769615,135.18723,2
mlit:st-df44369a21bc85ab,station,医療センター,34.65852,135.21641,2
mlit:st-df4d15006f169dad,station,上道,35.531185,133.230835,2
mlit:st-df5d05e1a83c1c85,station,新府,35.73691,138.433177,2
mlit:st-df5e53f2fbbf6e6c,station,みなみ寄居,36.091383,139.236467,2
mlit:st-df5ef93d4e5159eb,station,御嵩,35.42973,137.12754,2
mlit:st-df5f1b708fd91ebe,station,藤崎,40.653625,140.500085,2
mlit:st-df7d9acbfa9a2dad,station,梅屋敷,35.566785,139.72817,2
mlit:st-df85d04d863a8e6c,station,知和,35.192637,134.077047,2
mlit:st-df8cac4e6f1a1fd6,station,西九条,34.682588,135.466379,2
mlit:st-dfa0c9c4890f5c44,station,くりこま高原,38.748229,141.071219,2
mlit:st-dfa7eeeb7f85675b,station,蔵前,35.704407,139.791679,2
mlit:st-dfacb881e18f69db,station,三重町,32.983645,131.583945,2
mlit:st-dfb20eae35a0a6cb,station,烏丸,35.0037,135.760375,2
mlit:st-dfb5644c0bd52e59,station,栄,34.75525,135.05653,2
mlit:st-dfb5cfa3652c4901,station,柏木町,41.787905,140.76542,2
mlit:st-dfb7483405690233,station,正雀,34.775497,135.545663,2
mlit:st-dfc4c1269e9055b6,station,四谷三丁目,35.687835,139.719325,2
mlit:st-dfc6a1aea4b9350a,station,富野荘,34.84016,135.772915,2
mlit:st-dfc72bd193851719,station,立山,36.583285,137.44549,2
mlit:st-dfcf4c086f3dbc7a,station,白山長滝,35.9197,136.832373,2
mlit:st-dfd0af77b3c80540,station,江尾,35.28303,133.484855,2
mlit:st-dfd4faa4fe17ed32,station,幌平橋,43.04022,141.355835,2
mlit:st-dfdaa40a4327d580,station,呉服町,33.597835,130.40957,2
mlit:st-dfdca963e20d0308,station,戸田,35.817595,139.66961,2
mlit:st-dfe7ca153abf8f7b,station,新宿御苑前,35.688525,139.710915,2
mlit:st-dfecfff30621059d,station,野田生,42.21703,140.375965,2
mlit:st-dfed538848aff59d,station,一之江,35.68594,139.88289,2
mlit:st-e0031c77c798ef9c,station,てだこ浦西,26.241737,127.741921,2
mlit:st-e011bfbbe5219bba,station,河野原円心,34.91881,134.35266,2
mlit:st-e01478d31fa8afa5,station,琴電琴平,34.191415,133.81892,2
mlit:st-e02d01532f662c53,station,琴似,43.08151,141.307395,2
mlit:st-e033fa9def65b257,station,東根室,43.323555,145.59723,2
mlit:st-e03507e89d66e618,station,天神橋筋六丁目,34.710366,135.510969,2
mlit:st-e0387b81229a5b3a,station,土佐大津,33.576595,133.611985,2
mlit:st-e039ca136d83fe6f,station,清洲,35.225477,136.83451,2
mlit:st-e03dfe21b44eb7b9,station,湯玉,34.209075,130.93271,2
mlit:st-e04c940e8cb83ca4,station,木知原,35.517955,136.64967,2
mlit:st-e053ff287d7d0692,station,港山,33.869575,132.7134,2
mlit:st-e057c0e34babf743,station,飯倉,35.68509,140.521415,2
mlit:st-e05a8190e4b5c015,station,伯耆溝口,35.348217,133.435367,2
mlit:st-e05e8a0a96d6a89c,station,京成関屋,35.743965,139.81185,2
mlit:st-e0639407d498566c,station,すずらんの里,35.930459,138.211791,2
mlit:st-e06b9b603b2856af,station,鮎貝,38.18257,140.071035,2
mlit:st-e07ada8c2c64334e,station,笠上黒生,35.72837,140.85694,2
mlit:st-e08235602f50e9a9,station,螢田,35.28507,139.151955,2
mlit:st-e0859094ae7c045d,station,石和温泉,35.657525,138.634485,2
mlit:st-e087fdb48ffe2661,station,清水五条,34.996565,135.7687,2
mlit:st-e08d24b1dda52eb1,station,都立家政,35.72219,139.64543,2
mlit:st-e08f0af97786efa4,station,宮野,34.191445,131.498745,2
mlit:st-e097a59100d2ff49,station,大阪上本町,34.665894,135.51999,2
mlit:st-e0a011a3f9deec3d,station,泉沢,41.700845,140.50672,2
mlit:st-e0a359dff445f561,station,聖蹟桜ヶ丘,35.650787,139.446873,2
mlit:st-e0a650e0e4b79664,station,島田,34.83015,138.173425,2
mlit:st-e0adae08d44d59a0,station,大阪ビジネスパーク,34.69187,135.529765,2
mlit:st-e0c321f58fccf2d8,station,上野芝,34.549183,135.47773,2
mlit:st-e0c58119e36ff648,station,肥前久保,33.35572,130.00015,2
mlit:st-e0cae4cfac68d410,station,東別府,33.26775,131.510525,2
mlit:st-e0cb7daeb67588f2,station,湯尾,35.80334,136.193015,2
mlit:st-e0d34203aa209b5e,station,椎田,33.65344,131.05791,2
mlit:st-e0d61662b512d747,station,西馬込,35.587305,139.70632,2
mlit:st-e0dfeb2008fe35ea,station,富士根,35.20527,138.63561,2
mlit:st-e0e026f55d80ffe6,station,木津,34.744062,135.088534,2
mlit:st-e0e15c4fd1bff258,station,浦賀,35.251876,139.71504,2
mlit:st-e0e2734fe96b0855,station,羽後亀田,39.493895,140.06302,2
mlit:st-e0e5738d747b0e50,station,塚口,34.75083,135.42512,2
mlit:st-e0e6381649e832cc,station,伊勢鎌倉,34.57402,136.278375,2
mlit:st-e0e91253aba85c45,station,北楠,34.9163,136.62481,2
mlit:st-e0f3f3081036084c,station,下高井戸,35.665986,139.641793,2
mlit:st-e0f4b5fb91437a4e,station,みつわ台,35.638725,140.13489,2
mlit:st-e1057312a5eb3429,station,小野田港,33.97159,131.174925,2
mlit:st-e1120ff5f45ab119,station,神海,35.54277,136.641375,2
mlit:st-e1125fb7029b64ca,station,菊間,34.03338,132.84108,2
mlit:st-e1145d5e3035c4a7,station,今伊勢,35.318345,136.78913,2
mlit:st-e117bc38c11b868a,station,安部山公園,33.844005,130.904435,2
mlit:st-e11b2339c9b953ef,station,奥大井湖上,35.167805,138.18064,2
mlit:st-e1282c2530aa7480,station,東大宮,35.94836,139.64026,2
mlit:st-e129ae32716ea3a0,station,上三依塩原温泉口,37.01438,139.7273,2
mlit:st-e13e5c2534d60c7e,station,小田渕,34.814763,137.345625,2
mlit:st-e148c005e16b8e88,station,木更津,35.38174,139.926144,2
mlit:st-e14ac3b034bd9d98,station,片浜,35.11837,138.818673,2
mlit:st-e15140cb49237284,station,尾張星の宮,35.213061,136.855111,2
mlit:st-e151c55ccc45afaf,station,佐奈,34.478465,136.53904,2
mlit:st-e15819039db320dc,station,東青原,34.585045,131.79745,2
mlit:st-e16036b00c499a3d,station,永覚,35.02747,137.13898,2
mlit:st-e170d835ebec5345,station,綾羅木,34.00368,130.926777,2
mlit:st-e1752dbe35c3594f,station,井川,35.21227,138.22114,2
mlit:st-e1780dfb0848423d,station,川原湯温泉,36.545087,138.697227,2
mlit:st-e180024a91005962,station,長峰,40.516075,140.60311,2
mlit:st-e186e30eff86c04a,station,萩,34.3937,131.40157,2
mlit:st-e18f5d6616f2b335,station,湯沢,39.16358,140.487045,2
mlit:st-e1a01c14151c8ed0,station,稚子塚,36.68657,137.317535,2
mlit:st-e1a558753be7e67f,station,四日市,34.962103,136.629877,2
mlit:st-e1a66b490ca28bbb,station,志木,35.82217,139.5753,2
mlit:st-e1a8386e321741f6,station,JR河内永和,34.66433,135.572315,2
mlit:st-e1ab69425ec68429,station,落合,43.125055,142.66893,2
mlit:st-e1acd8d82f73887f,station,猿田,35.74735,140.737365,2
mlit:st-e1b15a6108344104,station,上飯田,35.203605,136.92968,2
mlit:st-e1b20f85e38961d3,station,道ノ尾,32.804203,129.853007,2
mlit:st-e1bb67ab387a04d0,station,三国が丘,33.436675,130.56317,2
mlit:st-e1c55e6695415b71,station,五月台,35.60023,139.493385,2
mlit:st-e1ca156e79443015,station,旭,35.721835,140.65469,2
mlit:st-e1cb7e22993f492a,station,新宮中央,33.712025,130.449443,2
mlit:st-e1cd3cf4070e0288,station,越前開発,36.075305,136.24128,2
mlit:st-e1cea65f6d6f1505,station,市振,36.980445,137.650485,2
mlit:st-e1d2dd8e2a31de6b,station,上総中野,35.25004,140.199595,2
mlit:st-e1d6f69bc3b549ff,station,松丸,33.22825,132.708885,2
mlit:st-e1e1c5cd61f2b309,station,阿蘇,32.937425,131.08011,2
mlit:st-e1f118b052d30d72,station,保田,35.141465,139.83816,2
mlit:st-e200fffee982b946,station,桜ノ宮,34.70505,135.521026,2
mlit:st-e20175469085b7b5,station,南小野田,33.977385,131.17498,2
mlit:st-e206073ba6078f2f,station,北池袋,35.740335,139.716395,2
mlit:st-e2171f663a37e433,station,秦野,35.37007,139.22608,2
mlit:st-e22038361651af8c,station,とうきょうスカイツリー,35.710465,139.809395,2
mlit:st-e2260da19778f92e,station,温田,35.33637,137.841447,2
mlit:st-e227219fabe9e947,station,中之島,34.691695,135.487895,2
mlit:st-e231b9eb44e24c06,station,相生,34.818086,134.473764,2
mlit:st-e23b39d4c38aa60f,station,小川町,36.058863,139.26067,2
mlit:st-e23cad72f4561566,station,諏訪町,34.82354,137.37044,2
mlit:st-e23ece93f30b7bee,station,九品仏,35.605375,139.66101,2
mlit:st-e242452ab8ad2c19,station,久が原,35.579455,139.68567,2
mlit:st-e24275589765e6e1,station,合格,34.844835,138.120835,2
mlit:st-e24441c722239250,station,原宿,35.67132,139.702712,2
mlit:st-e24b887f47d72811,station,野田新町,34.9835,137.028177,2
mlit:st-e2538b162d1590c6,station,曲沢,39.32085,140.102515,2
mlit:st-e258650b4f4da009,station,北助松,34.51452,135.42276,2
mlit:st-e25b540ba8449251,station,豊沼,43.46435,141.9011,2
mlit:st-e25f425ad8cc14f9,station,日比野,35.132765,136.89309,2
mlit:st-e261a48e2d9ab05a,station,吉見,34.070063,130.903637,2
mlit:st-e2674bce22d0cb85,station,北舟岡,42.45055,140.88032,2
mlit:st-e268685c943d210b,station,新瑞橋,35.118315,136.9368,2
mlit:st-e2690c030ffd7de4,station,狩留家,34.486355,132.579064,2
mlit:st-e27285f86baa50bf,station,野々市,36.535833,136.62088,2
mlit:st-e272933d3fd19a83,station,ほしみ,43.13346,141.1915,2
mlit:st-e28bacdced970641,station,小平,35.736915,139.488445,2
mlit:st-e2966546345b6ac8,station,飛田給,35.659985,139.52366,2
mlit:st-e29d73f015fae6c7,station,淀屋橋,34.691759,135.502068,2
mlit:st-e2a58dfc4dc1de58,station,脇本,39.91528,139.90263,2
mlit:st-e2a84ad3911bebd9,station,苅安賀,35.28714,136.778255,2
mlit:st-e2ab0d4f5dc5a26f,station,平子,34.912925,133.100155,2
mlit:st-e2ab2fd234281287,station,野並,35.102605,136.954895,2
mlit:st-e2b5e8fd96b43d88,station,上長瀞,36.08615,139.113289,2
mlit:st-e2c5a81b03fb2a7c,station,天矢場,36.52932,140.15601,2
mlit:st-e2ccea645805f989,station,岳南原田,35.16609,138.7046,2
mlit:st-e2cff0d3bbe936bd,station,曽根,34.77094,135.46773,2
mlit:st-e2d9e4b01037a15f,station,ゆめみ野,35.920913,140.035132,2
mlit:st-e2da2cd0fbb65f04,station,住吉大社,34.612575,135.490195,2
mlit:st-e2de8452ab4d6ee5,station,田辺,34.62864,135.525157,2
mlit:st-e2e3af7928570014,station,多屋,34.897025,136.830695,2
mlit:st-e2e69bc7eab63110,station,溝の口,35.599777,139.61054,2
mlit:st-e2eca12f3a00acd8,station,日和佐,33.728855,134.530605,2
mlit:st-e2f3ce6d60e40931,station,福浦,35.34961,139.648535,2
mlit:st-e2fb479860c4cbac,station,東相内,43.805445,143.809465,2
mlit:st-e2fee6d53754e84b,station,宮の陣,33.32916,130.530852,2
mlit:st-e319f630af4971c3,station,近文,43.78926,142.32537,2
mlit:st-e322d57748a5bb08,station,今出川,35.030058,135.759334,2
mlit:st-e32db0a708864e9c,station,香呂,34.91136,134.735915,2
mlit:st-e335d5bbd55d1e43,station,横須賀中央,35.278837,139.669789,2
mlit:st-e341e35a42bc54b5,station,留辺蘂,43.785567,143.621293,2
mlit:st-e34442a8ba43ec1c,station,常盤,34.53405,133.74334,2
mlit:st-e344f17e4651ccb0,station,桜橋,36.694575,137.215935,2
mlit:st-e35a1d55e30969c8,station,坂戸,35.957145,139.393976,2
mlit:st-e363fc336abff764,station,成瀬,35.53538,139.472967,2
mlit:st-e364ab6b6fff707e,station,新加美,34.627229,135.568156,2
mlit:st-e368d5b440ffcb9e,station,西大塚,38.055438,140.064647,2
mlit:st-e3811ddaa12ff4af,station,雲州平田,35.43231,132.82368,2
mlit:st-e390272b887a911f,station,平田町,34.87514,136.54238,2
mlit:st-e397868d2852660c,station,鶴ヶ峰,35.47509,139.549985,2
mlit:st-e39ccfae4a6bd8f2,station,新整備場,35.542793,139.786798,2
mlit:st-e3a1156f2beefd9c,station,赤十字前,36.048715,136.21665,2
mlit:st-e3a6e92a9ee122a0,station,浪江,37.492347,140.989517,2
mlit:st-e3a84785f821f7e5,station,宇部岬,33.93495,131.262095,2
mlit:st-e3ad421f4dee264d,station,磐城棚倉,37.03511,140.384435,2
mlit:st-e3b35d27833538bd,station,西田平,33.345125,129.590495,2
mlit:st-e3b45f8920907f9e,station,魚沼中条,37.15947,138.77249,2
mlit:st-e3bd73e6a94190cf,station,京阪山科,34.99202,135.81696,2
mlit:st-e3c58b36bae0a9d8,station,田野倉,35.593475,138.931205,2
mlit:st-e3caa61dcfd653a6,station,上条,37.34678,139.050745,2
mlit:st-e3cccca9bff73575,station,池部,34.57877,135.737185,2
mlit:st-e3d3778ce4c4090d,station,津山,35.054505,134.003445,2
mlit:st-e3d43b70b3648947,station,金野,35.41915,137.817175,2
mlit:st-e3e04b9515b86412,station,厚東,34.03868,131.267755,2
mlit:st-e3e0c15a27e14021,station,中の島,43.03745,141.361195,2
mlit:st-e3e5c37f5ecb0eb0,station,根小屋,36.29115,139.019055,2
mlit:st-e3e637fcd4322398,station,奥多摩,35.809395,139.09694,2
mlit:st-e3e6e9515c96ad82,station,鵜沼宿,35.39988,136.932405,2
mlit:st-e3e8607211dd7573,station,伊達紋別,42.469357,140.8558,2
mlit:st-e3f40f4c872d42db,station,川田,34.061245,134.2046,2
mlit:st-e3f68c2e8953d63f,station,中滑川,36.76191,137.339925,2
mlit:st-e3f8ad5b2ebd5a20,station,美作土居,34.995175,134.25995,2
mlit:st-e400d39b0e183ffe,station,下志比,36.09063,136.336405,2
mlit:st-e40550099bc424dd,station,庭瀬,34.642815,133.854395,2
mlit:st-e41553ea09c08221,station,馬路,35.12804,132.387405,2
mlit:st-e42292b1c65b4e6b,station,日向長井,32.66423,131.70014,2
mlit:st-e42ab55a7c535261,station,見沼代親水公園,35.814605,139.7707,2
mlit:st-e433975e2696c3e2,station,石才,34.430595,135.36814,2
mlit:st-e436237329b78ddb,station,太東,35.320095,140.38129,2
mlit:st-e439f383923bc639,station,東滝川,43.57393,141.980415,2
mlit:st-e465c94310a47733,station,御厨,34.718659,137.885632,2
mlit:st-e4794a871f12fdcd,station,葉多,34.850125,134.91993,2
mlit:st-e489d44d25ca881d,station,大崎,35.619847,139.72807,2
mlit:st-e48e50900d5d6d7f,station,駒川中野,34.621585,135.532753,2
mlit:st-e49fa75e4fcb8871,station,高崎商科大学前,36.28446,139.029385,2
mlit:st-e4a8ad3e86a11af8,station,伴,34.469885,132.419185,2
mlit:st-e4ab933c3a1479e5,station,東川口,35.875878,139.743783,2
mlit:st-e4b41b77e7ddd4f0,station,岩代,33.7804,135.279583,2
mlit:st-e4bd5c7d731bb9b5,station,奥洞海,33.888915,130.76408,2
mlit:st-e4bfc223f3495092,station,吉富,35.092055,135.498545,2
mlit:st-e4c336fc2613476c,station,昭島,35.71322,139.361635,2
mlit:st-e4ce2f18d43b889e,station,駒込,35.736518,139.747627,2
mlit:st-e4db66895097fe00,station,羽後太田,39.627305,140.57425,2
mlit:st-e4e1b28bf5503556,station,城戸南蔵院前,33.61796,130.57209,2
mlit:st-e4e25bf51ff1ca15,station,北方真桑,35.43982,136.674,2
mlit:st-e4e531c78cc557a8,station,大三,34.664045,136.36886,2
mlit:st-e4f109ebe15261ba,station,中加積,36.73534,137.35097,2
mlit:st-e4f19bb27a95b380,station,下部温泉,35.425785,138.47247,2
mlit:st-e4f356fa7cc91ad2,station,朝霞,35.796765,139.6003,2
mlit:st-e50242bbc6a399be,station,田本,35.348963,137.83791,2
mlit:st-e513e5d81df97f29,station,米子空港,35.501987,133.247889,2
mlit:st-e51a1fee9672062a,station,競輪場前,36.75749,137.233945,2
mlit:st-e51a52321401812b,station,豊永,33.79688,133.75973,2
mlit:st-e51b9dd588aaf14d,station,日出,33.368975,131.543105,2
mlit:st-e522fffa32fc2d6f,station,山中渓,34.325535,135.269675,2
mlit:st-e5230720e9cbbf06,station,越後水沢,37.074295,138.71819,2
mlit:st-e528fa1b99cd55fc,station,大沼,41.97202,140.66937,2
mlit:st-e53bf38d7c5042e0,station,桂瀬,40.101425,140.4178,2
mlit:st-e53e89a107b8a77c,station,備前西市,34.63138,133.899815,2
mlit:st-e55845fb1bf1f037,station,大山,31.194985,130.599255,2
mlit:st-e558b91c3ccf0b62,station,徳佐,34.39971,131.7202,2
mlit:st-e55a6aa53b19e022,station,南町,33.84739,132.77952,2
mlit:st-e55b560b16b4d656,station,伊尾木,33.490865,133.929225,2
mlit:st-e55c7498eb9237eb,station,妙国寺前,34.583685,135.478725,2
mlit:st-e56a322aa27cec35,station,上越妙高,37.081361,138.248338,2
mlit:st-e56cccc2551caf7b,station,忍海,34.475975,135.732015,2
mlit:st-e56e1083a8ece951,station,保谷,35.748263,139.568237,2
mlit:st-e5714159cbf19821,station,近鉄宮津,34.79162,135.787515,2
mlit:st-e591685b4b1e9486,station,東長沢,38.71891,140.38217,2
mlit:st-e593a6ef0ce1fe68,station,佐伯,32.972645,131.901815,2
mlit:st-e598abb2bca74b53,station,大和小泉,34.622195,135.76345,2
mlit:st-e598df5652d76df5,station,和戸,36.039645,139.7011,2
mlit:st-e59a5e2d4666f445,station,新大塚,35.726093,139.729407,2
mlit:st-e5b1f5fb0b87f5f8,station,昆布,42.798043,140.596107,2
mlit:st-e5b20ac0e069bf58,station,水口松尾,34.980225,136.18644,2
mlit:st-e5b41ac79f81c07c,station,竹田,35.29924,134.835795,2
mlit:st-e5ba68067b59d285,station,黒山,37.937285,139.24139,2
mlit:st-e5bbdbb6226a4d0b,station,関ヶ原,35.36372,136.470137,2
mlit:st-e5bd8ee92db0b170,station,群馬大津,36.55381,138.62809,2
mlit:st-e5c298ddf8378610,station,学習院下,35.71575,139.71231,2
mlit:st-e5c2b83cc80ce75c,station,清流新岩国,34.162495,132.14769,2
mlit:st-e5cd45948e1f32be,station,湯ノ峠,34.085205,131.17255,2
mlit:st-e5e073e048bdf845,station,下沼,45.03723,141.758205,2
mlit:st-e5eb88aebb6ed2ec,station,阿蘇白川,32.82232,131.084315,2
mlit:st-e5ec514cb9bfd90f,station,江北,35.773785,139.770345,2
mlit:st-e5ecb6ee80f957f0,station,清滝,35.63108,139.2667,2
mlit:st-e602c82c1850272e,station,陸中折居,39.09391,141.140917,2
mlit:st-e605efa9935c69ce,station,宝永町,33.55859,133.55367,2
mlit:st-e615f2e723e9a1a0,station,吉浦,34.25774,132.52725,2
mlit:st-e6174b59f0e973b7,station,安子ヶ島,37.471895,140.310565,2
mlit:st-e61f5db719075bb7,station,霧島神宮,31.818202,130.836993,2
mlit:st-e622e162cba876d5,station,本銚子,35.730945,140.8473,2
mlit:st-e62491ec40b45ed7,station,高野,35.768255,139.77072,2
mlit:st-e63207e2b1c6cf83,station,瑞穂運動場東,35.12271,136.948342,2
mlit:st-e63808169d338dcc,station,須ヶ口,35.19893,136.845755,2
mlit:st-e646d38a793f6aed,station,八坂,35.620195,136.945075,2
mlit:st-e654b75795c0781a,station,名和,35.06092,136.91169,2
mlit:st-e65e50d54c883121,station,明星,34.531395,136.64253,2
mlit:st-e65f69f13aa1be0b,station,長府,34.019245,130.99933,2
mlit:st-e661255208813130,station,柏木平,39.306065,141.379855,2
mlit:st-e66a4f9140fe956d,station,北金岡,40.141835,140.06345,2
mlit:st-e678bc356228e61e,station,池ノ上,35.66037,139.673455,2
mlit:st-e67c54dd5eeacbd0,station,トロッコ保津峡,35.026065,135.646235,2
mlit:st-e67f6a972ca91241,station,宮本武蔵,35.10185,134.330475,2
mlit:st-e69262c6395a27cb,station,中佐都,36.28088,138.45361,2
mlit:st-e692f1b5e7c0aee9,station,小舞子,36.476305,136.47489,2
mlit:st-e6966455e6e16381,station,牧志,26.217115,127.69256,2
mlit:st-e69a76714e1c8431,station,武田尾,34.855505,135.305715,2
mlit:st-e6a2ced8f7481994,station,金丸,36.943365,136.83589,2
mlit:st-e6a72c429b690202,station,水俣,32.20493,130.396165,2
mlit:st-e6b834a32f526af6,station,渡島沼尻,42.10708,140.747635,2
mlit:st-e6ccaf0f4904d262,station,出屋敷,34.71826,135.40461,2
mlit:st-e6d3442b811ed5a1,station,町屋二丁目,35.743915,139.776425,2
mlit:st-e6da89af15cb8ada,station,小城,33.2855,130.199065,2
mlit:st-e6de004e378d781a,station,寄居,36.117575,139.193597,2
mlit:st-e6dffebe9b02acd1,station,鶴形,40.20392,140.11857,2
mlit:st-e6e15e0b57160721,station,天王,39.89877,139.963797,2
mlit:st-e6e650e9b4edfbaf,station,銀座,35.672208,139.764379,2
mlit:st-e6e6f3c5dc787d57,station,七隈,33.55293,130.3617,2
mlit:st-e6e8108859f60286,station,徳重,35.094888,136.997627,2
mlit:st-e6e8c372bbddd621,station,平和,43.046995,141.438,2
mlit:st-e6f39fd6d8a99c51,station,筑波山頂,36.22563,140.10104,2
mlit:st-e6fbe0c4f011422a,station,南甲府,35.643793,138.578237,2
mlit:st-e7005ca93f20313c,station,遠州病院,34.710585,137.73343,2
mlit:st-e7218c1027667d8b,station,栄,34.538025,133.74504,2
mlit:st-e7220b3b478bb17b,station,柏矢町,36.322475,137.88836,2
mlit:st-e724af6b71a4fe44,station,芦ノ牧温泉,37.39541,139.932245,2
mlit:st-e72a73558a430ccb,station,岩代清水,37.77631,140.44763,2
mlit:st-e745d3938bac67ea,station,香椎花園前,33.670013,130.43459,2
mlit:st-e7581c0d6e704539,station,清輝橋,34.651735,133.925855,2
mlit:st-e75d542519415582,station,黒沢,39.32042,140.09313,2
mlit:st-e76044a1489cb94d,station,柿生,35.58957,139.49755,2
mlit:st-e767104a27e51845,station,寝屋川公園,34.755505,135.65335,2
mlit:st-e775181d1dbc4064,station,玉造温泉,35.430715,133.012185,2
mlit:st-e77d12fd38e4946e,station,粟井,33.942935,132.770595,2
mlit:st-e7822ef4f55b2391,station,千徳,39.63225,141.91196,2
mlit:st-e786a07409552baa,station,上大岡,35.409275,139.596295,2
mlit:st-e790f8a74f896a1d,station,我孫子,34.599025,135.512785,2
mlit:st-e7951501a09f95e9,station,宿戸,40.36608,141.74685,2
mlit:st-e79cb67635de7aec,station,ナゴヤドーム前矢田,35.190565,136.945705,2
mlit:st-e7a89a43833087b2,station,萩野,42.52145,141.306185,2
mlit:st-e7a8a656e0969663,station,三国ヶ丘,34.565787,135.492635,2
mlit:st-e7b0a3cdfa1e0d4a,station,吉名,34.320646,132.865783,2
mlit:st-e7b1afd6c43d3d76,station,船町口,35.062885,135.00936,2
mlit:st-e7b5b5868cefad30,station,穴水,37.228035,136.904585,2
mlit:st-e7b5e27869bb8b65,station,拝島,35.721246,139.343681,2
mlit:st-e7b8f0201d453019,station,明科,36.354257,137.930367,2
mlit:st-e7bb5f162286925b,station,川島,36.29593,139.916345,2
mlit:st-e7c1d756a8fb13ee,station,平和台,35.757555,139.6543,2
mlit:st-e7cc07adcdb8306a,station,恋し浜,39.074245,141.816025,2
mlit:st-e7ccdcd183f7f8cf,station,朝倉街道,33.484025,130.532605,2
mlit:st-e7cd8e7352a1326e,station,こどもの国,35.558,139.486665,2
mlit:st-e7d2f6f4e1adb02b,station,森山,32.835005,130.113495,2
mlit:st-e7d6ec9b8a80bd8d,station,西長堀,34.674823,135.486985,2
mlit:st-e7e19acc6bb9cb88,station,平倉,39.264675,141.595665,2
mlit:st-e7e770f1743bf375,station,川間,35.97919,139.834545,2
mlit:st-e7e9ea1fde98496e,station,天ヶ瀬,33.254843,131.02382,2
mlit:st-e7f878a5e8fcb7ae,station,学,34.057685,134.286775,2
mlit:st-e800d4b66b6cb92b,station,橿原神宮前,34.48386,135.793908,2
mlit:st-e8029c58189b69b8,station,小鶴新田,38.273395,140.934955,2
mlit:st-e80896f87a08a210,station,荏原中延,35.6099,139.71203,2
mlit:st-e809a540006d5356,station,今福,33.348455,129.771735,2
mlit:st-e80dc2aa4b6c03de,station,那須塩原,36.931496,140.020764,2
mlit:st-e82f21cbcb541547,station,閑蔵,35.19174,138.194245,2
mlit:st-e8477586f5af949d,station,遠賀川,33.84675,130.67363,2
mlit:st-e84966be89097f0a,station,武豊,34.85327,136.921085,2
mlit:st-e84b6961a61fc03a,station,百合ヶ丘,35.609025,139.51608,2
mlit:st-e854b38b55ec58ca,station,国母,35.63056,138.55205,2
mlit:st-e85cf10ea1286a2d,station,三間坂,33.19473,129.94778,2
mlit:st-e85d3730ffca8809,station,宿毛,32.93252,132.71359,2
mlit:st-e866b93e49bd263b,station,広電本社前,34.377345,132.45834,2
mlit:st-e86d078c59b77437,station,南永山,43.78055,142.408615,2
mlit:st-e86dbf51948721a8,station,花巻,39.393745,141.110325,2
mlit:st-e8720f11039a0d4c,station,西鎌倉,35.319397,139.504307,2
mlit:st-e8722a0dbdd24696,station,大金,36.65628,140.0957,2
mlit:st-e87cfbd496a089d4,station,蘇原,35.403273,136.871767,2
mlit:st-e88049bdbe4712e9,station,京口,34.834765,134.70544,2
mlit:st-e88140a5bfb1133e,station,戸塚,35.400594,139.534651,2
mlit:st-e8880313aabc2d1f,station,小竹,33.697215,130.71032,2
mlit:st-e893f372a10a80b3,station,松田,35.346,139.139135,2
mlit:st-e8a3573bc0af96d8,station,別当賀,43.21842,145.42362,2
mlit:st-e8a7faf8a1ea286f,station,上総松丘,35.258205,140.06403,2
mlit:st-e8a9c170a4a4e30a,station,鳥ノ木,33.76373,132.711385,2
mlit:st-e8aad15d541bdd4b,station,大和田,35.92935,139.651015,2
mlit:st-e8aecf225efc5b75,station,武蔵浦和,35.84573,139.647398,2
mlit:st-e8b07ba3817ad4f8,station,会津田島,37.203265,139.77431,2
mlit:st-e8b248e9d2b07fe5,station,愛山,43.866415,142.680715,2
mlit:st-e8cabc30cbddebdd,station,武蔵大和,35.756435,139.44404,2
mlit:st-e8cecae899cab264,station,磯鶏,39.63041,141.960935,2
mlit:st-e8d269ce8d89b900,station,山隈,33.414055,130.61007,2
mlit:st-e8d922f132f96336,station,西新宿五丁目,35.6899,139.684665,2
mlit:st-e8d94f65f19b934c,station,和田山,35.341397,134.85136,2
mlit:st-e8e7a2449d853006,station,牛込神楽坂,35.700915,139.73604,2
mlit:st-e8e7c635a6863fa4,station,たけふ新,35.906575,136.170175,2
mlit:st-e8e9589e106f38dc,station,仁川,34.77508,135.35687,2
mlit:st-e8eb4475d425ce01,station,知寄町三丁目,33.557475,133.5656,2
mlit:st-e8f0928ff9da2087,station,猿和田,37.729627,139.222357,2
mlit:st-e8f894ec757ba379,station,宝殿,34.784643,134.812527,2
mlit:st-e8fa7058fa248c06,station,大河原,34.77195,135.988235,2
mlit:st-e90df521e8ad6059,station,近鉄御所,34.46471,135.73238,2
mlit:st-e911a71f62a2a7da,station,西留辺蘂,43.785315,143.603365,2
mlit:st-e929996a017c0a0b,station,陸奥白浜,40.51664,141.59229,2
mlit:st-e92f4c62e09b5160,station,北安城,34.964645,137.09215,2
mlit:st-e9305f97373f6108,station,豊後三芳,33.305905,130.951505,2
mlit:st-e93b6944e29e9c4d,station,落合南長崎,35.723435,139.683458,2
mlit:st-e93e761ad66746b4,station,安芸中野,34.39099,132.563365,2
mlit:st-e94149008d137cb9,station,長門峡,34.30452,131.578745,2
mlit:st-e94b38ec84189237,station,西鉄五条,33.511055,130.526072,2
mlit:st-e9516a18780227f9,station,音沢,36.84074,137.55992,2
mlit:st-e97041db4aa4a9fe,station,志貴野中学校前,36.755305,137.02352,2
mlit:st-e97537da3461cd54,station,都住,36.70405,138.32216,2
mlit:st-e98060325ba1a2a4,station,遠州西ヶ崎,34.77678,137.7739,2
mlit:st-e98a934e13159836,station,藍本,34.97696,135.15553,2
mlit:st-e98beded37879faa,station,幸崎,33.233695,131.79525,2
mlit:st-e98dceb0dc159e0a,station,北朝霞,35.81547,139.58723,2
mlit:st-e991c95564b7f777,station,三河豊田,35.055437,137.15093,2
mlit:st-e9933b09989872e5,station,板東,34.155295,134.506825,2
mlit:st-e993c3cab1f94680,station,十王,36.67138,140.685945,2
mlit:st-e9a76f11041b3597,station,三田,35.648031,139.749122,2
mlit:st-e9a85cd97f1b87db,station,尾登,37.608947,139.691477,2
mlit:st-e9aa79bbb822486a,station,深戸,35.68648,136.962325,2
mlit:st-e9acf9c183e498f5,station,武庫,35.26742,133.4768,2
mlit:st-e9c3fd3c014734e0,station,徳庵,34.69249,135.58142,2
mlit:st-e9d7f8be7b8905ed,station,餘部,35.648705,134.556895,2
mlit:st-e9deae1c0c9842ed,station,名電山中,34.89952,137.242695,2
mlit:st-e9f8b1dd04459e31,station,崎山,33.636215,130.917865,2
mlit:st-e9fef6364b92ee11,station,西大宮,35.921983,139.578967,2
mlit:st-ea04e359d0467bc8,station,国英,35.37319,134.217875,2
mlit:st-ea18c5c6cab42673,station,中埠頭,34.669285,135.21717,2
mlit:st-ea18da5972c05559,station,大藪,33.647443,130.797347,2
mlit:st-ea28561c8ff297d4,station,太海,35.081485,140.09623,2
mlit:st-ea29b6d7e0010b8a,station,堀川,32.849,130.72533,2
mlit:st-ea34bf9122b2649c,station,近鉄丹波橋,34.938105,135.766425,2
mlit:st-ea3f0f451cbd1508,station,柴又,35.75643,139.875283,2
mlit:st-ea40d60ca1ae0005,station,北国分,35.76286,139.91422,2
mlit:st-ea46df5d5bb3dd62,station,阿夫利神社,35.431795,139.237595,2
mlit:st-ea548dd8c14932f0,station,上板橋,35.763615,139.676205,2
mlit:st-ea5a312ac5788a4a,station,唐櫃台,34.79033,135.2116,2
mlit:st-ea5b54c86c2784e3,station,大泉学園,35.749407,139.586652,2
mlit:st-ea5e5671205a6930,station,稲村ヶ崎,35.30433,139.522265,2
mlit:st-ea65bb938fb4f12a,station,群馬藤岡,36.25032,139.083465,2
mlit:st-ea6bc1fa9dc95477,station,大泊,33.90224,136.11807,2
mlit:st-ea6f7b0592cc4a4c,station,六名,34.941285,137.151885,2
mlit:st-ea7e2f19650697c6,station,大雲寺前,34.656615,133.92632,2
mlit:st-ea8db5eb872debaa,station,古淵,35.55598,139.41924,2
mlit:st-ea9754a3a6bc4272,station,牧,35.337815,135.101675,2
mlit:st-ea9a0fdce3e2af15,station,長浦,35.450285,139.995425,2
mlit:st-ea9ce44744ad7d48,station,三ツ境,35.467785,139.50257,2
mlit:st-eaa2f845ae928c8b,station,魚崎,34.713165,135.269158,2
mlit:st-eaa51b2a6b1744ef,station,上町一丁目,33.557315,133.525105,2
mlit:st-eaa74b1145f81bd0,station,さくら夙川,34.739035,135.331267,2
mlit:st-eab81e4dab841900,station,天王寺,34.647038,135.515007,2
mlit:st-eaca3866da3c5f7f,station,峰吉川,39.566737,140.323035,2
mlit:st-eacecd6299364d22,station,天満橋,34.689988,135.516632,2
mlit:st-ead0b5e927e0996e,station,桃谷,34.65853,135.528,2
mlit:st-eae4580c31a8f0a8,station,鶴丸,32.03058,130.74871,2
mlit:st-eae55a25f5bc2a60,station,あき総合病院前,33.504295,133.8975,2
mlit:st-eaebd53eb87b2d13,station,西ヶ原四丁目,35.744235,139.732685,2
mlit:st-eaeca2641b204177,station,小江,32.891295,130.112235,2
mlit:st-eb059e5a1f556723,station,関屋,34.553755,135.66792,2
mlit:st-eb06b978ca98e95c,station,田無,35.727195,139.538985,2
mlit:st-eb0d7ce7a7d98512,station,胡町,34.393297,132.4652,2
mlit:st-eb12c562e21c8258,station,急患医療センター前,36.749967,137.018103,2
mlit:st-eb176090832bac06,station,豊川,34.83464,135.52671,2
mlit:st-eb19fd65b63ac5be,station,都庁前,35.69059,139.692625,2
mlit:st-eb1cda132a2bb5f3,station,国際センター,35.172055,136.888975,2
mlit:st-eb206c955c851157,station,市島,35.20799,135.13006,2
mlit:st-eb2376f693be20f2,station,円田,34.820837,137.907573,2
mlit:st-eb23c9038e36d4aa,station,球場前,34.59119,133.74723,2
mlit:st-eb23da3ad1712918,station,東長崎,35.72997,139.683185,2
mlit:st-eb32fe382a54a5e6,station,姪浜,33.58358,130.325065,2
mlit:st-eb37082cc9b922b7,station,田原本,34.553085,135.790875,2
mlit:st-eb3717a6b2ab78b2,station,札弦,43.786525,144.53162,2
mlit:st-eb3fedce3d99900d,station,JR野江,34.706841,135.541391,2
mlit:st-eb4ab0a2583b10a3,station,音羽町,34.9784,138.395845,2
mlit:st-eb4ad448fdf1dec8,station,大清水,34.695955,137.358855,2
mlit:st-eb4d8d4198ed5c32,station,柏原,34.586996,135.623047,2
mlit:st-eb4f55ad93e85efc,station,北方,33.849085,130.87807,2
mlit:st-eb52be06c90912d6,station,亀山,34.850035,136.450513,2
mlit:st-eb5790337415b928,station,三日月,34.984835,134.43535,2
mlit:st-eb5dc4a66e762a97,station,狩生,33.015365,131.904815,2
mlit:st-eb7156dac692890f,station,瑞穂,44.266435,142.39638,2
mlit:st-eb7dd45c30668e0b,station,新井宿,35.84295,139.738115,2
mlit:st-eb7ddf6a247aa30e,station,安房天津,35.12579,140.15474,2
mlit:st-eb81ccbd6b8709d9,station,東田子の浦,35.13627,138.745485,2
mlit:st-eb866abea9820150,station,センター南,35.545191,139.574365,2
mlit:st-eb8b3fbedd35ce93,station,ふれあい生力,33.69976,130.76594,2
mlit:st-eb8d6bb300d6095f,station,笹貫,31.539445,130.53378,2
mlit:st-eb9ff9388eb58bcd,station,広島港（宇品）,34.352695,132.455775,2
mlit:st-eba31610636d864f,station,滝谷,37.494325,139.69796,2
mlit:st-eba593f5e5e5f890,station,三河槙原,34.98855,137.620905,2
mlit:st-eba5eb35ab9dc954,station,早口,40.27133,140.447465,2
mlit:st-eba92e5eeb9db7cd,station,田山,40.13973,140.94408,2
mlit:st-ebadd136b7f848ea,station,十府ヶ浦海岸,40.096829,141.824094,2
mlit:st-ebb619c094f53f00,station,戸田公園,35.807765,139.67835,2
mlit:st-ebb961937e5fed39,station,高宮,33.56687,130.41501,2
mlit:st-ebbac3f362c951b0,station,祇園,33.59407,130.414385,2
mlit:st-ebc343bc7f89a1a4,station,宝来町,41.760975,140.72007,2
mlit:st-ebd0bf698bcd498e,station,田んぼアート,40.632655,140.57378,2
mlit:st-ebf4ee21c7001f59,station,忠海,34.336663,132.991243,2
mlit:st-ebf55ab2677c8e0c,station,津軽大沢,40.557835,140.516525,2
mlit:st-ebf80a63c01733f2,station,思川,36.35105,139.781125,2
mlit:st-ec027a68901e64a3,station,諸寄,35.619605,134.43438,2
mlit:st-ec0779eaeaa56357,station,葛岡,38.268855,140.81861,2
mlit:st-ec189032319e67d6,station,早稲田,35.70568,139.72219,2
mlit:st-ec26008147c25fb6,station,美浜緑苑,34.80029,136.86309,2
mlit:st-ec26f1deaa81e66d,station,久代,34.949565,132.13918,2
mlit:st-ec28138d9579d218,station,鐘釣,36.734405,137.65134,2
mlit:st-ec2d4d089ad725e0,station,川前,37.205635,140.75029,2
mlit:st-ec3b92a342e233c1,station,鯰田,33.669325,130.70312,2
mlit:st-ec40385f63233ea9,station,本宿,36.481425,139.259345,2
mlit:st-ec442346970b2c47,station,京阪大津京,35.022435,135.85568,2
mlit:st-ec62a510fb4b7d55,station,中山,35.51471,139.539826,2
mlit:st-ec6b01cb58c6fd65,station,糸貫,35.463175,136.66977,2
mlit:st-ec6e09c0670536fa,station,九鬼,34.01603,136.242665,2
mlit:st-ec74c1535c7e3c2f,station,あき亀山,34.517199,132.496233,2
mlit:st-ec7bc319f97e203a,station,極楽橋,34.234003,135.581973,2
mlit:st-ec80d278c61fc15c,station,新習志野,35.6674,140.012975,2
mlit:st-ec84227469b9f383,station,下古沢,34.26648,135.55325,2
mlit:st-ec8972906261e320,station,溜池山王,35.67224,139.74159,2
mlit:st-ec8a329c1831e684,station,西田原本,34.55391,135.78955,2
mlit:st-ec9096418bb7f07e,station,坂越,34.768715,134.41736,2
mlit:st-ec9926197b2f8e5a,station,岩根橋,39.355222,141.31878,2
mlit:st-ec9bb2851c656d59,station,三郷,35.844835,139.886835,2
mlit:st-eca417b32662e76d,station,大平下,36.344335,139.697245,2
mlit:st-ecac54333a7451af,station,中野東,34.403305,132.578745,2
mlit:st-ecac8c80eb0d888f,station,上飯島,39.779335,140.06845,2
mlit:st-ecad34a0eb64fd63,station,野州大塚,36.408775,139.772595,2
mlit:st-ecb2345ba53655c6,station,南富山,36.67031,137.220435,2
mlit:st-ecb934450a37f4e7,station,四街道,35.662908,140.1652,2
mlit:st-ecbb6808ff0ad474,station,山岸,39.716095,141.17145,2
mlit:st-ecbea92c7ca785b7,station,中野坂上,35.697348,139.682457,2
mlit:st-ecc214e55e6716d2,station,千駄ヶ谷,35.681207,139.711453,2
mlit:st-ecc5321c39bb67f6,station,止別,43.92147,144.520045,2
mlit:st-ecc7e972559e0e3d,station,赤坂上,36.391345,138.22717,2
mlit:st-eceab5256b21333a,station,井口,34.371757,132.38585,2
mlit:st-ecf68b8cad38aae2,station,亀井,32.837745,130.722295,2
mlit:st-ecf8e490776086d2,station,房前,34.33235,134.15845,2
mlit:st-ed02bd7a8d887092,station,白鷺,34.550105,135.51334,2
mlit:st-ed0a820d572f976b,station,八幡宿,35.53616,140.120035,2
mlit:st-ed0b76d30c79f397,station,赤間,33.80823,130.56959,2
mlit:st-ed176a9987c62368,station,土橋,35.058225,137.12947,2
mlit:st-ed21a8510bbe691e,station,東大館,40.26616,140.554675,2
mlit:st-ed236dd0d8a090de,station,浅海,34.00997,132.803035,2
mlit:st-ed281016f8d377f6,station,河原町,38.240572,140.887818,2
mlit:st-ed2d70e4f5b1b2ee,station,要町,35.733215,139.69848,2
mlit:st-ed307f63ff31fd60,station,新鶴羽,32.275445,130.96621,2
mlit:st-ed31e33564d571c4,station,公園下,35.250075,139.046035,2
mlit:st-ed3208ebcaf1460f,station,上中里,35.746888,139.746286,2
mlit:st-ed38495837df198f,station,上幌向,43.18181,141.715265,2
mlit:st-ed3ab84d2f70e91a,station,西中野,36.68086,137.21665,2
mlit:st-ed3b4621a1a4bdf8,station,柳井,33.965725,132.10616,2
mlit:st-ed47d09eaa1361ad,station,会津宮下,37.47117,139.64708,2
mlit:st-ed4809d2880a4c38,station,勝沼ぶどう郷,35.672956,138.743256,2
mlit:st-ed485749e9986194,station,江尻,36.761485,137.029855,2
mlit:st-ed5ba330367a629c,station,一分,34.675415,135.707975,2
mlit:st-ed5c40b8c29210ff,station,亀崎,34.91901,136.961105,2
mlit:st-ed6f15f717aa4778,station,弥富,35.114065,136.725845,2
mlit:st-ed6f736c254a6c2b,station,小涌谷,35.240345,139.053185,2
mlit:st-ed702442eae45f78,station,鏡川橋,33.5557,133.49875,2
mlit:st-ed7b7fd8caaa5551,station,京王片倉,35.64436,139.33696,2
mlit:st-ed7ee0ad4f421aaf,station,西人吉,32.228427,130.725877,2
mlit:st-ed831f4b05c99c55,station,湯川,33.609587,135.925145,2
mlit:st-ed84921320bd474d,station,南古谷,35.90318,139.519155,2
mlit:st-ed84eb7dadb5b855,station,瑞光四丁目,34.752115,135.544515,2
mlit:st-ed860f9c7e9b1cb7,station,慈眼寺,31.51691,130.50583,2
mlit:st-ed88fcb5051afcca,station,揖斐,35.470287,136.572507,2
mlit:st-ed8bdf04190f168c,station,新村,36.216465,137.905325,2
mlit:st-ed8f61b9fa32396f,station,黒田庄,35.02274,134.992545,2
mlit:st-ed94e7e58c346076,station,富士見町,35.34535,139.52932,2
mlit:st-eda9cefc26bd13c1,station,龍谷富山高校前（永楽町）,36.703007,137.219856,2
mlit:st-edac9a2cc01ae5d1,station,筑前内野,33.539945,130.63811,2
mlit:st-edb408cc3dbc216a,station,アイランド北口,34.692937,135.268723,2
mlit:st-edb995f781bf27ee,station,三松,35.48866,135.520495,2
mlit:st-edd0b584c73d4ec2,station,大矢知,35.022145,136.633415,2
mlit:st-edd7d3c121734e18,station,本郷,33.384845,130.62883,2
mlit:st-ede76e5d949b56b2,station,上総東,35.26329,140.344905,2
mlit:st-edeee1456d89be91,station,桜,34.996465,136.541755,2
mlit:st-edefec083c6022e1,station,三岡,36.30418,138.448445,2
mlit:st-edf4b6cd565b1b96,station,売布神社,34.816314,135.36185,2
mlit:st-ee1e420f5b7bef54,station,伊予亀岡,34.053845,132.874155,2
mlit:st-ee242142d01eaa0c,station,立間,33.296725,132.539465,2
mlit:st-ee2a8207b12667b9,station,佐里,33.337645,129.978705,2
mlit:st-ee32cfa522559761,station,新祝園,34.760327,135.792773,2
mlit:st-ee3b31a276496ead,station,庶路,42.98359,144.15001,2
mlit:st-ee4838bc85098e84,station,洗馬,36.08713,137.916815,2
mlit:st-ee4d3bf53b3355e2,station,新西大寺町筋,34.65872,133.92633,2
mlit:st-ee5766f18ebd8637,station,五ノ三,35.129345,136.711435,2
mlit:st-ee59652cda1b1246,station,玉手,34.4584,135.748505,2
mlit:st-ee5b23ba62b36f2a,station,日切,34.838895,138.1225,2
mlit:st-ee5da7280ffe0203,station,駒野,35.223743,136.603422,2
mlit:st-ee6d72d5b3ef32ec,station,西鉄千早,33.649505,130.440405,2
mlit:st-ee6e45377a447260,station,一勝地,32.250215,130.652495,2
mlit:st-ee70a67f07151b90,station,八木沢,36.358385,138.17576,2
mlit:st-ee7c0c0f94a564df,station,野江,34.7073,135.543335,2
mlit:st-ee8092bb327326f2,station,小中,36.535655,139.337795,2
mlit:st-ee83e631f8051189,station,都賀,35.635757,140.148965,2
mlit:st-ee8bce1b09adc684,station,塩尻,36.114805,137.947875,2
mlit:st-ee8f7b218c230763,station,足尾,36.641915,139.447775,2
mlit:st-ee926d4a39f3bd0c,station,上盛岡,39.71148,141.148,2
mlit:st-eea05274011bcd47,station,ノーフォーク広場,33.955883,130.964284,2
mlit:st-eed4057d7c8c2c54,station,高幡不動,35.661947,139.413812,2
mlit:st-eedbaae53ced57ac,station,鹿島大野,36.050715,140.60986,2
mlit:st-eee676417aa829b9,station,市役所前,34.38577,132.45445,2
mlit:st-eee731c390688239,station,緑地公園,34.774815,135.495275,2
mlit:st-eee89ebbc3fc6fa7,station,三宮・花時計前,34.691805,135.195975,2
mlit:st-eef403abb2f3ac4c,station,水口城南,34.96813,136.1656,2
mlit:st-eef71ebc15fc6ef7,station,河内小阪,34.66398,135.58132,2
mlit:st-eef8cba027c011c7,station,東あずま,35.707375,139.831595,2
mlit:st-ef0a2d5b71fab594,station,恵み野,42.90261,141.57442,2
mlit:st-ef0c9cd16d90dbcd,station,西片上,34.745245,134.18426,2
mlit:st-ef1d5a738767e7e4,station,那良口,32.243645,130.66746,2
mlit:st-ef1e26126bee0d35,station,見能林,33.903035,134.66704,2
mlit:st-ef287e3e8fdcc177,station,湖遊館新駅,35.452685,132.862145,1
mlit:st-ef3f4234a3337fe2,station,海南,34.154555,135.21445,2
mlit:st-ef432a803f6a1790,station,中津,33.599195,131.190925,2
mlit:st-ef444b7e2747410b,station,相川,34.757797,135.533675,2
mlit:st-ef4d0b86592a6791,station,虫川大杉,37.1549,138.44145,2
mlit:st-ef5257bc770290d0,station,宇佐美,35.005635,139.079785,2
mlit:st-ef58400ef7cba858,station,谷山,31.52709,130.51898,2
mlit:st-ef5997b6913173d7,station,三井寺,35.01286,135.85986,2
mlit:st-ef59e74ba1aa5637,station,上月,34.983475,134.32252,2
mlit:st-ef5aceab8f0b75fc,station,金子,35.810815,139.32861,2
mlit:st-ef5bbdd73901f63b,station,塚山,37.35515,138.72994,2
mlit:st-ef5e080bca85ca0c,station,三瀬谷,34.39475,136.40904,2
mlit:st-ef5f667563069300,station,十文字,39.221365,140.526485,2
mlit:st-ef61443dde42574b,station,曽谷,36.49001,136.614453,2
mlit:st-ef6d62970a698d36,station,合戦場,36.407585,139.74102,2
mlit:st-ef6fc60ccb900691,station,中ふ頭,34.63393,135.41723,2
mlit:st-ef714fb836032e4c,station,湖山,35.513515,134.186255,2
mlit:st-ef72f22b14e2ce3e,station,駿河徳山,35.074705,138.11055,2
mlit:st-ef8bbc88ac4aa081,station,町屋駅前,35.742775,139.780775,2
mlit:st-efa8488fb3fbc473,station,バスセンター前,43.061525,141.361925,2
mlit:st-efa98764ed1bf13a,station,雑餉隈,33.54727,130.46236,2
mlit:st-efb2ce6e3f726a20,station,谷浜,37.16239,138.173915,2
mlit:st-efb4b7aa7b1802fa,station,県立美術館通,33.558865,133.575615,2
mlit:st-efb5dd881739f094,station,西大路三条,35.007895,135.73253,2
mlit:st-efc16d1e009eeb0f,station,入地,35.919015,140.15724,2
mlit:st-efc4cfda16363054,station,上野毛,35.61199,139.638913,2
mlit:st-efc5f7df30668d31,station,西新井,35.77728,139.790365,2
mlit:st-efd61729a1f3f47c,station,東小浜,35.485195,135.781205,2
mlit:st-efe6aec933608268,station,金山,43.136205,142.41615,2
mlit:st-efe7840bfde631ee,station,北内,33.549985,133.442005,2
mlit:st-efebdc1270591756,station,羽間,34.209575,133.847345,2
mlit:st-effaf111c7fdf876,station,成田空港,35.765725,140.386305,2
mlit:st-efff1f57b1b1d1c6,station,辛皮,35.46257,135.173317,2
mlit:st-f006598fcef75495,station,小川町,35.695168,139.766742,2
mlit:st-f01046a6a82dfc92,station,阿仁合,40.00008,140.401225,2
mlit:st-f01d1264bd2dd497,station,安来,35.428015,133.259235,2
mlit:st-f021c7a97bad4930,station,九条,34.65941,135.78296,2
mlit:st-f027e61a59b90b0a,station,男鹿,39.88465,139.84864,2
mlit:st-f0285c209696b7ba,station,江釣子,39.29846,141.07578,2
mlit:st-f02ea900cd50ac7f,station,細岡,43.10501,144.46963,2
mlit:st-f02f5ec522db424e,station,米子,35.423335,133.33668,2
mlit:st-f0340656d21837b2,station,美術館図書館前,37.767125,140.45538,2
mlit:st-f0445cd5ec9fe54d,station,椎名町,35.726495,139.694315,2
mlit:st-f050c5ff640896c1,station,岩屋,34.7042,135.21849,2
mlit:st-f0525a9049163af2,station,鵠沼,35.3214,139.48267,2
mlit:st-f0526e58425c1046,station,飛騨一ノ宮,36.088403,137.24776,2
mlit:st-f053031182e77122,station,本中野,36.258445,139.46954,2
mlit:st-f0585d34b870a35c,station,越後広瀬,37.27456,138.981415,2
mlit:st-f05aa83076d63e48,station,星置,43.132275,141.210645,2
mlit:st-f05c9e24257c0d1f,station,古津,37.773,139.114455,2
mlit:st-f067dff9a516d4a3,station,発寒南,43.08153,141.29022,2
mlit:st-f0748f03f63b0cab,station,江北,33.21911,130.16111,2
mlit:st-f07ac3c374e36b5d,station,長原,35.60223,139.69797,2
mlit:st-f07bd43eae94ed87,station,恵比寿,35.646798,139.709342,2
mlit:st-f07cdfb6b861dd8b,station,新さっぽろ,43.03893,141.474015,2
mlit:st-f07f3186fc647a3b,station,安曇追分,36.371865,137.872775,2
mlit:st-f09499957ba6820b,station,岡花,33.52992,133.351265,2
mlit:st-f094ed6b8899d248,station,新桐生,36.395054,139.320092,2
mlit:st-f09d739e99e579a4,station,郡山富田,37.420583,140.369189,2
mlit:st-f09dd6f970a219f4,station,尾崎,34.36099,135.24011,2
mlit:st-f0a0f9c910af4c7a,station,彫刻の森,35.24665,139.05076,2
mlit:st-f0a589cf261529aa,station,鷹巣,40.232202,140.36967,2
mlit:st-f0a7e7265ac19d7e,station,久米,33.81623,132.804005,2
mlit:st-f0a82cd104cd5b8b,station,北丸森,37.943105,140.77182,2
mlit:st-f0aae0dfa4c52a37,station,西中島南方,34.72655,135.498605,2
mlit:st-f0b43e635587db5d,station,山方宿,36.62447,140.401075,2
mlit:st-f0b7f2c2b7c9c205,station,中萱,36.273885,137.9033,2
mlit:st-f0b9fa4476bee138,station,本牟田部,33.372115,129.99669,2
mlit:st-f0c096a7563b9fbd,station,杵築,33.41101,131.57568,2
mlit:st-f0cba1d76cd47801,station,新田野,35.27599,140.328525,2
mlit:st-f0d05548c5813c58,station,南高崎,36.31242,139.012355,2
mlit:st-f0d2c44d49a82566,station,池尻大橋,35.65071,139.68471,2
mlit:st-f0da63f9f08d0156,station,知寄町二丁目,33.558075,133.55992,2
mlit:st-f0e0593f38cd6c16,station,高見馬場,31.588145,130.54987,2
mlit:st-f0e3953bba2bca2c,station,上町五丁目,33.55726,133.5173,2
mlit:st-f0e65fae018f0c43,station,下山門,33.581723,130.308003,2
mlit:st-f0e79dc3dc626fd6,station,阪神国道,34.73739,135.354855,2
mlit:st-f0ed117ac9ae30cd,station,瀬戸石,32.371565,130.64609,2
mlit:st-f101e647227c335e,station,今里,34.664725,135.54991,2
mlit:st-f10962ea06d1f8df,station,松江しんじ湖温泉,35.46708,133.045395,2
mlit:st-f1166796e10ddca7,station,浜の宮,34.740835,134.833975,2
mlit:st-f11bda6432e2bc69,station,塚口,34.753,135.416171,2
mlit:st-f11f9f793be2dce4,station,門真南,34.716745,135.592475,2
mlit:st-f12767844c90a129,station,八木西口,34.509665,135.79075,2
mlit:st-f12d370f8f8ee71e,station,山田,35.78859,136.91166,2
mlit:st-f13121636ed8fd2d,station,浜厚真,42.60677,141.837005,2
mlit:st-f134ce37b46e57b0,station,井細田,35.26897,139.157395,2
mlit:st-f13a8e053b0a14f4,station,篠山口,35.056195,135.17749,2
mlit:st-f13ab57ff86fd723,station,みどりの,36.02992,140.056205,2
mlit:st-f141aa70d9192be8,station,川根温泉笹間渡,34.962295,138.086195,2
mlit:st-f1425ff753f1dd13,station,東葉勝田台,35.716413,140.125843,2
mlit:st-f14262089fc3c1ad,station,武雄温泉,33.196452,130.023277,2
mlit:st-f14281f7d2af5334,station,茗荷谷,35.7172,139.736895,2
mlit:st-f146b250e27b85ed,station,上嘉川,34.073835,131.379045,2
mlit:st-f15f37e1852e442d,station,南久留米,33.302795,130.532165,2
mlit:st-f166633b8bb8ae26,station,米川,34.074565,132.014945,2
mlit:st-f175d36334cc371c,station,須賀,35.33987,136.72678,2
mlit:st-f178ca7207538a88,station,岩原,35.29883,139.12881,2
mlit:st-f17cc3b37d5989cf,station,門田屋敷,34.656175,133.93899,2
mlit:st-f17f686400e813fa,station,南高田,37.096795,138.243035,2
mlit:st-f18025f46813c464,station,浅川,33.626625,134.358635,2
mlit:st-f190f319e6619688,station,北新横浜,35.519215,139.61285,2
mlit:st-f19559abacd5c2d1,station,車道,35.173405,136.92949,2
mlit:st-f19d141ef7077c49,station,北一已,43.74208,142.014735,2
mlit:st-f19d9aa550742310,station,向市場,35.154065,137.869455,2
mlit:st-f1ad6964f3eb7899,station,日出谷,37.70572,139.534,2
mlit:st-f1adb9f342f69338,station,忍ヶ丘,34.745645,135.645155,2
mlit:st-f1aea7cd3f507164,station,鳥栖,33.374217,130.519843,2
mlit:st-f1afa9d987691225,station,床波,33.95256,131.305425,2
mlit:st-f1b5e2082a1934c6,station,黒川,33.195075,129.85533,2
mlit:st-f1bf060ef594a138,station,城端,36.522235,136.90163,2
mlit:st-f1c07e3a397c7fe7,station,八戸ノ里,34.663725,135.589415,2
mlit:st-f1c4967d5ef6532e,station,福岡空港,33.597375,130.447975,2
mlit:st-f1d5899efc28e5ed,station,日本橋,35.681977,139.774368,2
mlit:st-f1d61f05442ed167,station,上町,35.6436,139.646377,2
mlit:st-f1dacae906f75c7b,station,船尾,33.63021,130.767435,2
mlit:st-f1de70be6bef8fe7,station,南蛇井,36.238175,138.81388,2
mlit:st-f1e25695eb9c7063,station,江島,34.86786,137.441555,2
mlit:st-f1e970744a6c0660,station,東雲,35.64082,139.80416,2
mlit:st-f1f2b95d6b785a6c,station,JR三山木,34.79847,135.784505,2
mlit:st-f201eca4df926cb7,station,三保三隅,34.79561,131.956065,2
mlit:st-f2030fb8320c1d74,station,西条,36.400455,138.01249,2
mlit:st-f2058532bd0985fc,station,西武園,35.767735,139.448895,2
mlit:st-f20bafcf6c976b74,station,函館,41.774003,140.726407,2
mlit:st-f20d1b3a367b628d,station,銀座一丁目,35.674498,139.766815,2
mlit:st-f2312f09dd24f356,station,吉里吉里,39.369525,141.938635,2
mlit:st-f231b9162fad62a9,station,コウノトリの郷,35.552835,134.83551,2
mlit:st-f2351e9ed4695201,station,結崎,34.584525,135.78484,2
mlit:st-f2377269fa03e7a5,station,香我美,33.539193,133.737363,2
mlit:st-f238ba0126187b49,station,北戸田,35.826755,139.661445,2
mlit:st-f23922d0893ddd6c,station,木幡,34.748305,135.071385,2
mlit:st-f241c1948882201f,station,玉水,34.800677,135.806975,2
mlit:st-f246b231a44a9e0a,station,備前片上,34.748255,134.19683,2
mlit:st-f24953d559117ed8,station,祝園,34.76019,135.792025,2
mlit:st-f250f38f28a8cf5a,station,奥中山高原,40.066155,141.2285,2
mlit:st-f25704dbe2165688,station,羽生,36.170259,139.533825,2
mlit:st-f26f746106758fe2,station,えびの上江,32.03561,130.85003,2
mlit:st-f27a25a23ef50fad,station,王子駅前,35.75273,139.738227,2
mlit:st-f27d977353d9e680,station,西大垣,35.36029,136.603384,2
mlit:st-f27e90d7b9002256,station,こどもの国,34.7886,137.16274,2
mlit:st-f284e06a7faa49da,station,利府,38.32935,140.9848,2
mlit:st-f2957b0dbcdf2c2a,station,波止浜,34.09804,132.968905,2
mlit:st-f29cfedef36b417a,station,嵐山,35.00987,135.68233,2
mlit:st-f29fdae1705a28f7,station,大川,35.495405,139.71138,2
mlit:st-f2a90f668df31833,station,岩井,35.09305,139.84987,2
mlit:st-f2a9df7190929604,station,朝菜町,36.66052,137.2249,2
mlit:st-f2abd1940ad2e6a2,station,安達,37.61264,140.46668,2
mlit:st-f2ad58e97c01b2b4,station,東宿毛,32.933637,132.728583,2
mlit:st-f2b08536739de140,station,吉原,35.144163,138.701937,2
mlit:st-f2bd43ca6e9ac401,station,函館どつく前,41.77273,140.705005,2
mlit:st-f2bf85ac69230b99,station,三井野原,35.09123,133.116475,2
mlit:st-f2c927242cc16707,station,堀詰,33.5595,133.539395,2
mlit:st-f2d190a147d3564f,station,河辺,35.784775,139.284055,2
mlit:st-f2d1a1fe996c373b,station,折尾,33.863877,130.712872,2
mlit:st-f2e0ec8dce438af2,station,りんくう常滑,34.879615,136.8281,2
mlit:st-f2e4c400ef77700e,station,信濃松川,36.424475,137.858575,2
mlit:st-f2ecc149e8538bdc,station,浜村,35.50937,134.05073,2
mlit:st-f2ef75360494994f,station,後藤,35.43987,133.331483,2
mlit:st-f2f235bb88464596,station,宿川原,40.52529,140.5576,2
mlit:st-f31214b1d639913a,station,武庫之荘,34.751655,135.39386,2
mlit:st-f31ac1667e9f4e3d,station,越中山田,36.53855,136.88755,2
mlit:st-f31b81deeeb623f3,station,春日山,37.14798,138.23505,2
mlit:st-f325769b68278b8c,station,川内,39.640765,141.59761,2
mlit:st-f32b9b741dd57ae3,station,寝屋川市,34.764004,135.620788,2
mlit:st-f332941186f95e79,station,那珂湊,36.345534,140.587663,2
mlit:st-f333818d92d12b29,station,石山寺,34.9673,135.903435,2
mlit:st-f333c19ca32b067f,station,中野,36.524275,139.317165,2
mlit:st-f33bc52673d0d7cf,station,白川口,35.579375,137.18484,2
mlit:st-f34befe7a71a8da5,station,塩浜,34.933138,136.622218,2
mlit:st-f34dbad699f8839c,station,本陣,35.17699,136.867245,2
mlit:st-f34ec56937877f3f,station,越前東郷,36.01822,136.27352,2
mlit:st-f359615fb43f17ad,station,極楽寺,35.309205,139.52853,2
mlit:st-f35aeb81b4fd3b47,station,南吹田,34.749419,135.511343,2
mlit:st-f37e46dc2c264b6c,station,白沢,40.33812,140.59171,2
mlit:st-f388b8a30a4142ab,station,長苗代,40.52134,141.465855,2
mlit:st-f396889e50a5dad7,station,ケーブル八幡宮口,34.884245,135.699365,2
mlit:st-f3999f40916e2a08,station,佐貫,35.929405,140.13826,2
mlit:st-f39e30b909ece354,station,新豊洲,35.64871,139.790115,2
mlit:st-f3a19921f881ba49,station,茨目,37.35705,138.586745,2
mlit:st-f3ae9a2f50c11413,station,杉河内,33.26434,131.065455,2
mlit:st-f3b2ba5e265774cd,station,西武秩父,35.99001,139.082995,2
mlit:st-f3b43f3afe4bd1b6,station,渡島当別,41.73732,140.57914,2
mlit:st-f3b77e77f38ab649,station,江南,35.315275,132.68323,2
mlit:st-f3b8255c48283e27,station,ファミリー公園前,34.598065,135.785045,2
mlit:st-f3bc35d1728205b4,station,あかおか,33.539916,133.722204,2
mlit:st-f3cac3561a498273,station,和佐,33.89712,135.206925,2
mlit:st-f3d81fc978abdd2e,station,東多久,33.28541,130.143165,2
mlit:st-f3e27f3d74b8a5ff,station,占冠,42.99298,142.40005,2
mlit:st-f3ed7b445c9fa6e9,station,浜北,34.79133,137.78434,2
mlit:st-f3f7ac6df959d6d9,station,天空橋,35.548254,139.75461,2
mlit:st-f3fc056b57033242,station,南宮崎,31.89529,131.42286,2
mlit:st-f405fb0296e14d86,station,土岐市,35.359737,137.182133,2
mlit:st-f408654e91830d65,station,青葉通一番町,38.259672,140.872062,2
mlit:st-f412463a9900800f,station,永平寺口,36.095805,136.326745,2
mlit:st-f41299a60c6bc599,station,越後早川,38.31638,139.449945,2
mlit:st-f413faade96f4ee4,station,佐古,34.080687,134.538473,2
mlit:st-f417082ed7acff1a,station,小国,38.06145,139.75017,2
mlit:st-f420171d898ac9ed,station,高岩,36.115745,138.47753,2
mlit:st-f427839977e4fe1c,station,蔵宿,33.20199,129.850595,2
mlit:st-f427d3f435fe5e22,station,滝尾,33.2094,131.623115,2
mlit:st-f42c390bad8009af,station,一ツ木,35.013605,137.025455,2
mlit:st-f42f388b485031a4,station,竹橋,35.69044,139.75767,2
mlit:st-f430cc4e6e535c67,station,上浦,33.39871,130.63715,2
mlit:st-f432679c88fd1822,station,南荒尾,32.96583,130.43313,2
mlit:st-f4425fd7442e3d6a,station,根本,35.36147,137.090145,2
mlit:st-f4430fae97e469a4,station,初台,35.68142,139.68827,2
mlit:st-f4433eff6fbbd673,station,男衾,36.107865,139.234,2
mlit:st-f44c18b06c288d69,station,湘南町屋,35.337855,139.52272,2
mlit:st-f450f0edffcc4cb3,station,高砂,43.10016,141.5407,2
mlit:st-f45195dc1b4ed013,station,ガーラ湯沢,36.950165,138.799495,2
mlit:st-f4545461140c4b8f,station,高田市,34.506724,135.742966,2
mlit:st-f45c9cbaa31e6b36,station,俊徳道,34.65858,135.571615,2
mlit:st-f4628214c3ed8beb,station,足柄,35.27177,139.154505,2
mlit:st-f478096be8ceb178,station,枚方市,34.816208,135.648793,2
mlit:st-f48364563c383674,station,大森台,35.58399,140.14957,2
mlit:st-f4850768e5e346e3,station,犬山遊園,35.390405,136.946925,2
mlit:st-f492a4ae98f6eed1,station,東札幌,43.051793,141.38472,2
mlit:st-f49671772902bd23,station,御陵,34.99598,135.801885,2
mlit:st-f499126c2bc31275,station,印場,35.211025,137.01104,2
mlit:st-f4adfc7f850ea843,station,東結城,36.29662,139.89141,2
mlit:st-f4ae21d1cc0ce2d1,station,西木津,34.73813,135.802445,2
mlit:st-f4b4f9a5ad7394dc,station,味美,35.235105,136.937185,2
mlit:st-f4b5da4ff8878e51,station,彦崎,34.551985,133.83515,2
mlit:st-f4ce8107b6659d21,station,長沼,34.98911,138.412885,2
mlit:st-f4d7334aea62b7bf,station,美作江見,35.01322,134.21962,2
mlit:st-f4e15440570ac3dd,station,清水町,33.84924,132.76426,2
mlit:st-f4f04ee75e739817,station,原,35.126037,136.997087,2
mlit:st-f4f8f71f9349d123,station,竹中,33.121285,131.649465,2
mlit:st-f50584b51dd3bccd,station,畝傍,34.50817,135.79459,2
mlit:st-f5102ad5bd7540b5,station,宮ノ下,35.24199,139.063025,2
mlit:st-f51b2edddb5c21c5,station,気仙沼,38.910025,141.558845,2
mlit:st-f51e1d2eaf3f480c,station,御崎,42.328847,140.993967,2
mlit:st-f52125e5b47eb830,station,姫島,34.70435,135.45819,2
mlit:st-f52254de81fe62d0,station,羽前松岡,38.045395,139.780445,2
mlit:st-f5228a8a1daad26f,station,本郷,34.409605,132.98747,2
mlit:st-f5247fde1294480a,station,中山宿,37.49569,140.219495,2
mlit:st-f526207976971b58,station,桜坂,33.57725,130.38713,2
mlit:st-f52b1904e3d11fce,station,驫木,40.70738,139.983265,2
mlit:st-f53399371461121e,station,置賜,37.954055,140.14255,2
mlit:st-f54bff3f33ff7c11,station,切通,35.400275,136.79562,2
mlit:st-f54d99e331d04ad6,station,天理,34.600833,135.829836,2
mlit:st-f54eb55cbdd9e860,station,浅水,36.006765,136.201735,2
mlit:st-f553cd966344e50a,station,稲荷山,36.552647,138.10809,2
mlit:st-f5584e10742708e4,station,多喜浜,33.97053,133.325215,2
mlit:st-f55a9b771e50ed38,station,桃山御陵前,34.93333,135.76555,2
mlit:st-f55d48fcc7d857f7,station,網野,35.667323,135.025593,2
mlit:st-f5762341ed472c67,station,長沢,38.709777,140.36576,2
mlit:st-f57cac924ffbef6d,station,甫嶺,39.09326,141.806715,2
mlit:st-f57d0b66077436c6,station,亀田,37.877183,139.10824,2
mlit:st-f57ec476be1c06c7,station,楠橋,33.789365,130.724515,2
mlit:st-f5842d9c5733eca5,station,神宮寺,39.49541,140.425835,2
mlit:st-f58b80bd8456bfb3,station,河内松原,34.575495,135.557415,2
mlit:st-f58ef13859a37e14,station,小伝馬町,35.690364,139.778808,2
mlit:st-f59094c839ad7dcf,station,蓮ヶ池,31.960075,131.44273,2
mlit:st-f591b25738f68936,station,木次,35.29482,132.901898,2
mlit:st-f59534357fd69e8d,station,南福島,37.723815,140.455835,2
mlit:st-f598d0a6aa71debc,station,総社,34.67418,133.738155,2
mlit:st-f5999bae1d456c49,station,湯田中,36.741645,138.414895,2
mlit:st-f5a9c35b41611c32,station,小野新町,37.275785,140.63657,2
mlit:st-f5acf1a2663ebcd4,station,京王堀之内,35.624475,139.400325,2
mlit:st-f5ad5d6a080b17ef,station,加治木,31.73925,130.670675,2
mlit:st-f5afa9fa8c486dad,station,辰巳,35.645775,139.81033,2
mlit:st-f5c615c4c56d35b0,station,室堂,36.57736,137.5955,2
mlit:st-f5d5889b7940860e,station,赤渕,39.68509,140.907235,2
mlit:st-f5dc3f4425c83ee0,station,紫香楽宮跡,34.91613,136.087963,2
mlit:st-f5df2514d2145a45,station,千里,34.798515,136.556195,2
mlit:st-f5f039596766f02a,station,鷺ノ宮,35.72262,139.639845,2
mlit:st-f5f27bbe03377ee5,station,一乗谷,36.013665,136.29738,2
mlit:st-f5f5fdc302522db1,station,錦岡,42.60255,141.48723,2
mlit:st-f5f8691f9398bacb,station,元田中,35.035015,135.78163,2
mlit:st-f5ff1c729ff44fb6,station,苔縄,34.896395,134.353875,2
mlit:st-f5ff8e9b7e6f84c1,station,豊浦,42.580283,140.71543,2
mlit:st-f60250546a6a7215,station,附属中学前,36.662835,138.2479,2
mlit:st-f603378a173633aa,station,豊富,45.104403,141.772383,2
mlit:st-f606d2b403546690,station,田川伊田,33.642158,130.817862,2
mlit:st-f608f9ea7d478390,station,新堂,34.821035,136.206715,2
mlit:st-f60c226f1a3379d3,station,膳所,34.999126,135.880902,2
mlit:st-f612793ee30157bc,station,明戸,36.1429,139.30329,2
mlit:st-f613773db76c2b03,station,北久里浜,35.249162,139.68639,2
mlit:st-f61399f9bdaafdb1,station,豊岡,35.544503,134.813435,2
mlit:st-f6147b4c18ddd148,station,男鹿高原,37.047875,139.72392,2
mlit:st-f6156e241462c3bf,station,東八尾,36.589617,137.175153,2
mlit:st-f618bfe86785717f,station,駒場東大前,35.65867,139.684075,2
mlit:st-f61968093d08674e,station,桜台,33.471615,130.542415,2
mlit:st-f61b7b4f07a9f4b7,station,大歩危,33.876525,133.767255,2
mlit:st-f6244988f8587193,station,押野,36.542315,136.622047,2
mlit:st-f628cb36b1716f31,station,まつだい,37.132195,138.613965,2
mlit:st-f62a451373f6935c,station,佐々木,37.949803,139.269807,2
mlit:st-f62d6fb7e0a44533,station,松陰神社前,35.643885,139.65499,2
mlit:st-f637f09bb32576b9,station,中浦和,35.853915,139.637302,2
mlit:st-f63fa35b3b918bc6,station,太郎坊宮前,35.10854,136.183985,2
mlit:st-f641686420e5e3a3,station,札内,42.912715,143.256205,2
mlit:st-f643231033564d9a,station,平林,34.610595,135.45855,2
mlit:st-f65b46fb55ee46a6,station,青山,39.724653,141.118297,2
mlit:st-f6625938fed2c36d,station,山下,37.966319,140.888983,2
mlit:st-f676ab620aecbfc7,station,鍋倉,34.378245,131.69407,2
mlit:st-f6796f5af2a0fa55,station,百舌鳥八幡,34.560785,135.49833,2
mlit:st-f68cf72becace21a,station,鶴巻温泉,35.380552,139.277135,2
mlit:st-f68eee1d44dce9e9,station,伊予上灘,33.68361,132.63296,2
mlit:st-f69b1a59c0b34775,station,西別所,35.0596,136.665643,2
mlit:st-f69cd6b1eff3de62,station,深浦,40.650295,139.92942,2
mlit:st-f69d5c53df69453d,station,鳥形,40.27142,140.036885,2
mlit:st-f6a97a27ca7408c1,station,会津長野,37.2153,139.823845,2
mlit:st-f6b6b47a91f2d3a0,station,和白,33.688623,130.429698,2
mlit:st-f6be9ce7f95dee38,station,千国,36.76324,137.90085,2
mlit:st-f6c549df43e4ed66,station,羽前大山,38.74213,139.767977,2
mlit:st-f6dd265e444631f5,station,唐浜,33.445936,133.966492,2
mlit:st-f6e316b7333b56fb,station,東京ディズニーシー･ステーション,35.627235,139.88949,2
mlit:st-f6f7107986169174,station,八積,35.403955,140.345355,2
mlit:st-f6f9dfa7cd493fa7,station,白木,34.429205,136.83116,2
mlit:st-f6fe380bdd3894a3,station,西春,35.244783,136.871293,2
mlit:st-f702d0f20d1d73aa,station,和田,39.650875,140.218755,2
mlit:st-f70376c26711da15,station,佐野,36.316702,139.579018,2
mlit:st-f70b94b15350b8b1,station,宇島,33.621285,131.12648,2
mlit:st-f70bcf4a6fe9a00b,station,鎌ヶ谷大仏,35.757855,140.01394,2
mlit:st-f70e605299942d78,station,大和川,34.59466,135.48675,2
mlit:st-f719c21300dbd7e2,station,仙北町,39.68769,141.14875,2
mlit:st-f71a77ac58272e14,station,土沢,39.3833,141.232535,2
mlit:st-f71b50ac6ab2ad7f,station,富士松,35.029805,137.01644,2
mlit:st-f722ccb600fad7b5,station,月田,35.047965,133.66669,2
mlit:st-f72c0bc6d39cffad,station,会津坂本,37.553287,139.75663,2
mlit:st-f72cc2a8ccafd761,station,篠塚,36.256815,139.44609,2
mlit:st-f73240b3b97cc134,station,東中津,33.587715,131.238975,2
mlit:st-f73e6f4db65a4a59,station,田吉,31.878915,131.43041,2
mlit:st-f73f1c0d1e81b53b,station,初島,34.100058,135.115635,2
mlit:st-f73f53b56d6e2697,station,企救丘,33.819705,130.877605,2
mlit:st-f74114c51d32b430,station,下野代,35.115898,136.64723,2
mlit:st-f74284a7656974a7,station,塩郷,34.997645,138.09065,2
mlit:st-f742e9bb76d3df5e,station,伊那八幡,35.49675,137.841545,2
mlit:st-f743df593755f578,station,南神城,36.637177,137.84163,2
mlit:st-f744294aaed4f4be,station,下天津,35.359303,135.11155,2
mlit:st-f74f10fdb56d64f5,station,朝里,43.17686,141.0639,2
mlit:st-f75b8a17257fa7ae,station,唐笠,35.402325,137.81021,2
mlit:st-f763914688a65b6b,station,農学部前,34.27382,134.12578,2
mlit:st-f76fac82197b4e4e,station,矢賀,34.399115,132.497707,2
mlit:st-f77046bb683fabf3,station,上北台,35.74576,139.415865,2
mlit:st-f772286f6ca8acab,station,東武宇都宮,36.55866,139.8806,2
mlit:st-f779e49fe541377a,station,岩船町,38.183485,139.45968,2
mlit:st-f7855190f7d7adb1,station,奥内,40.90311,140.67225,2
mlit:st-f7978b1132597553,station,福知山市民病院口,35.30658,135.108635,2
mlit:st-f799040f00dc9755,station,金ヶ崎,39.199585,141.11294,2
mlit:st-f79b1d03637a3473,station,野島公園,35.330595,139.631555,2
mlit:st-f7a01f138d649d45,station,相生山,35.102514,136.976236,2
mlit:st-f7a5a55eed9c181d,station,新宿西口,35.69316,139.69916,2
mlit:st-f7ad948fefa43c87,station,室,35.367269,136.606185,2
mlit:st-f7b76962a5d67a41,station,然別,43.12555,140.737215,2
mlit:st-f7bf08ff40f2b512,station,多度,35.133743,136.640663,2
mlit:st-f7c01180773653f7,station,竹鼻,35.326775,136.70644,2
mlit:st-f7c34881b2fa45fb,station,西山口,34.20956,135.290935,2
mlit:st-f7c5f7390a7d1717,station,織部,35.499645,136.66709,2
mlit:st-f7d4f6c0506dd437,station,宇部,34.003258,131.222198,2
mlit:st-f7d75127a93e8678,station,下市,35.51881,133.566375,2
mlit:st-f7dc214ada5787a1,station,感田,33.758865,130.73315,2
mlit:st-f7e6a9a0ac45be90,station,小金井,36.374485,139.84228,2
mlit:st-f7ffb3e881d9c9fa,station,天童南,38.341974,140.365724,2
mlit:st-f801de37425b16bd,station,干潟,35.718345,140.60331,2
mlit:st-f80b454f9240f53a,station,長野原草津口,36.54653,138.64956,2
mlit:st-f80d0d6ede207e21,station,小町屋,35.726775,137.93516,2
mlit:st-f83f9a00f6f1d9fc,station,駅東公園前,36.558015,139.907261,2
mlit:st-f84df4403b3e5635,station,多摩境,35.601798,139.36697,2
mlit:st-f84ee09963657dbb,station,下今市,36.7256,139.69277,2
mlit:st-f8507617eac6b6c2,station,王子公園,34.71034,135.21864,2
mlit:st-f8543cd11a65a5ec,station,白山,35.72155,139.752297,2
mlit:st-f861bfee27d05ce7,station,渡辺橋,34.694045,135.495905,2
mlit:st-f865a30f4d94357d,station,鱒浦,43.98253,144.296535,2
mlit:st-f86b2fa4738aa38e,station,新今宮,34.650152,135.501323,2
mlit:st-f86d17d7b04431ca,station,馬堀,35.0107,135.602587,2
mlit:st-f86d7238e74ec27c,station,夜須,33.53438,133.754565,2
mlit:st-f884a7a559398165,station,津久井浜,35.19812,139.66485,2
mlit:st-f8854b1368e6eb24,station,新百合ヶ丘,35.603705,139.507475,2
mlit:st-f88b7925098020c5,station,猫又,36.749565,137.641745,2
mlit:st-f897aadacc8b6990,station,美旗,34.662995,136.13301,2
mlit:st-f89fadfabcf63aa9,station,東山,35.00944,135.77982,2
mlit:st-f8ac174b421b25bd,station,幌向,43.151563,141.65556,2
mlit:st-f8ad502122b78e70,station,久保田,39.29621,140.11114,2
mlit:st-f8b2962228ba0a01,station,摩周,43.48737,144.46374,2
mlit:st-f8c1ab429008547a,station,来迎寺,37.397218,138.783792,2
mlit:st-f8da7f3e28f14d22,station,蓮根,35.784055,139.67906,2
mlit:st-f8e87e8e5d6cfe07,station,片瀬江ノ島,35.30931,139.482925,2
mlit:st-f8ec09ea7a49d5b8,station,南長井,38.097617,140.03455,2
mlit:st-f8f5b45fb932fb07,station,五橋,38.251876,140.881114,2
mlit:st-f9032d86fd13616d,station,麻生田,35.13359,136.53561,2
mlit:st-f90d853b23eebe2f,station,西浦和,35.844185,139.627765,2
mlit:st-f911062f77b1d0b1,station,南幌延,44.96518,141.884875,2
mlit:st-f911ec5ded3ddcee,station,安芸長浜,34.337805,132.962575,2
mlit:st-f91677c673ce15dc,station,山陽女学園前,34.36203,132.341315,2
mlit:st-f91740f372392995,station,七ツ屋,36.583505,136.65164,2
mlit:st-f918368bdaf8beae,station,大篠津町,35.488895,133.2559,2
mlit:st-f9192bbb696a8914,station,平木,34.272185,134.1313,2
mlit:st-f91a100f47f9a337,station,龍谷大前深草,34.964015,135.77014,2
mlit:st-f91a4af5e9885b64,station,東松山,36.03464,139.401588,2
mlit:st-f91cba78de70b06d,station,黄金町,35.439705,139.62256,2
mlit:st-f928bfb40f3855cb,station,越後大島,38.099645,139.518325,2
mlit:st-f929208681bac162,station,宇野気,36.72264,136.70297,2
mlit:st-f929bd74eba70750,station,松原,32.977455,129.94632,2
mlit:st-f92bb9458be49a63,station,大門,34.498243,133.44018,2
mlit:st-f93497468761fb8b,station,原爆ドーム前,34.39608,132.453845,2
mlit:st-f951feb32bc24afd,station,波方,34.095255,132.942595,2
mlit:st-f9577c3cbbd1f5ea,station,伊予三芳,33.95434,133.06433,2
mlit:st-f960a084fcf9185b,station,鯖瀬,33.64647,134.385355,2
mlit:st-f967491d25d535db,station,宮川,34.503063,136.67187,2
mlit:st-f9731107409bc35c,station,川棚,33.06837,129.864085,2
mlit:st-f97d346c225908d8,station,桃川,33.271835,129.956665,2
mlit:st-f9851e766bfaa020,station,森田,36.10932,136.22251,2
mlit:st-f9976224e08d5867,station,仁豊野,34.885047,134.728072,2
mlit:st-f99b35b156a7a598,station,東浪見,35.34677,140.37665,2
mlit:st-f99d431cdd68fc13,station,免田,36.79562,136.747467,2
mlit:st-f9a22d233d045d1a,station,伽羅橋,34.528735,135.43685,2
mlit:st-f9a36b6a5f2836b5,station,壬生,36.422435,139.80501,2
mlit:st-f9ad2e731b0407fd,station,郡上八幡,35.741625,136.947365,2
mlit:st-f9b8c7a1ae962c3d,station,笠岡,34.5048,133.504555,2
mlit:st-f9b90dd554acbb54,station,せんげん台,35.935955,139.774595,2
mlit:st-f9cc7c42cc75b169,station,横須賀,35.28424,139.654813,2
mlit:st-f9ec8e9a0f35ddc8,station,幌延,45.0144,141.845985,2
mlit:st-f9ee95065c8e7468,station,直見,32.92821,131.807745,2
mlit:st-f9f1972bd017d68f,station,遠野,39.33255,141.53067,2
mlit:st-f9f1aca28df087ce,station,古見,34.98774,136.856775,2
mlit:st-fa009323ecb53fdf,station,嵐山,35.015365,135.678215,2
mlit:st-fa0c6a051888c52c,station,皆瀬,33.213355,129.701765,2
mlit:st-fa256eab65595bd2,station,瀬戸瀬,44.008755,143.421095,2
mlit:st-fa2753971f43ab71,station,麻生,43.10834,141.33848,2
mlit:st-fa2d2c9efedd8664,station,修善寺,34.97927,138.95097,2
mlit:st-fa2d7af74ac0d1e7,station,鳥居前,34.692065,135.695915,2
mlit:st-fa314ccabe86fd2d,station,六合,34.836483,138.203843,2
mlit:st-fa36d9308fbe88fb,station,北原,36.41364,139.18461,2
mlit:st-fa42fd9b77508758,station,南大東,35.307895,132.92799,2
mlit:st-fa5138412f130cd1,station,平端,34.60672,135.782947,2
mlit:st-fa6558545bdfa2d5,station,安平,42.814145,141.825245,2
mlit:st-fa6cc3ad4bc0a72b,station,千年,40.56729,140.480305,2
mlit:st-fa6e3d2b672cb085,station,金光,34.540995,133.621,2
mlit:st-fa75862d0881f337,station,植大,34.917435,136.923445,2
mlit:st-fa79eb141b28bde0,station,足立,35.0384,133.38384,2
mlit:st-fa82a54bcbfebe76,station,奥阿仁,39.910977,140.488417,2
mlit:st-fa82fdd51234ed2c,station,聖高原,36.45506,138.047575,2
mlit:st-fa8de89d3dfde679,station,岩間,36.29544,140.276503,2
mlit:st-fa9643482817cd5c,station,上三田,34.53868,132.643845,2
mlit:st-faa34ae5ce70b56d,station,山下,35.654246,139.646437,2
mlit:st-faa81a7e62654bc7,station,安栖里,35.26623,135.38538,2
mlit:st-fab7dc33d4a0fe8a,station,西若松,37.485985,139.914128,2
mlit:st-fabcd0c7be91f994,station,肥後長浜,32.690747,130.56065,2
mlit:st-facbb6a1ffddf65a,station,西山,37.448265,138.641825,2
mlit:st-faccb0c8556ac5b2,station,南区役所前,34.380415,132.46713,2
mlit:st-fad322a0bc622224,station,上総山田,35.4541,140.126165,2
mlit:st-fad47469c36be71c,station,学園通り,34.27059,134.136835,2
mlit:st-fae61cc7e682455e,station,池月,38.70906,140.83563,2
mlit:st-faf386790c80c386,station,御堂,40.00436,141.23705,2
mlit:st-fafb3f305972788a,station,会津本郷,37.46343,139.892575,2
mlit:st-fafdad662caa0a2b,station,鈴蘭台,34.723635,135.14588,2
mlit:st-fafdb0c08fdd20c6,station,油川,40.85664,140.690615,2
mlit:st-fb148bc7394ba013,station,接岨峡温泉,35.178825,138.185285,2
mlit:st-fb176625336c5b71,station,大町,36.67306,137.220675,2
mlit:st-fb1d2c5acd2f41e4,station,高浜,35.39072,132.746687,2
mlit:st-fb23aeb8bd5beeff,station,日向,35.628295,140.36243,2
mlit:st-fb29c5947ae1b0e9,station,伊里,34.741555,134.22453,2
mlit:st-fb34689cece7a528,station,強羅,35.250814,139.048098,2
mlit:st-fb372062d664ae02,station,門真市,34.737705,135.582808,2
mlit:st-fb3cc67e3b7584af,station,山之口,31.782545,131.15281,2
mlit:st-fb3d2d6d48611d7e,station,館林,36.246615,139.527805,2
mlit:st-fb3f15adb9f292d6,station,三峰口,35.960175,138.97773,2
mlit:st-fb43a04edb10c23d,station,大鳥羽,35.504855,135.866945,2
mlit:st-fb51b7038da7c1fa,station,住吉,32.79199,129.85988,2
mlit:st-fb69031e32f15fd4,station,原木中山,35.7033,139.941915,2
mlit:st-fb6ddcd4a96badb5,station,市部,34.726461,136.148748,2
mlit:st-fb83f895024f713e,station,北五泉,37.746815,139.16968,2
mlit:st-fb86bda9acd7c1ec,station,江別,43.11014,141.556575,2
mlit:st-fb9cfd68544b9826,station,千葉公園,35.61971,140.11798,2
mlit:st-fba0a9d28137f71a,station,東青山,34.67564,136.321635,2
mlit:st-fba11c2ac7a031ae,station,南鹿児島駅前,31.554755,130.543895,2
mlit:st-fba149758bea6573,station,瀬見温泉,38.75513,140.41963,2
mlit:st-fba29bd1115e91c9,station,市民公園前,35.400565,136.8419,2
mlit:st-fba4b5fa07d58e47,station,吉水,36.345625,139.57935,2
mlit:st-fba4dd687077120f,station,新藤原,36.852455,139.73301,2
mlit:st-fbb487df27725fd1,station,津軽飯詰,40.829585,140.479405,2
mlit:st-fbc5c0cf75f5cb23,station,西ノ庄,34.25546,135.110795,2
mlit:st-fbc7ec3699477b65,station,京王稲田堤,35.634168,139.531943,2
mlit:st-fbd842876d857870,station,紀伊勝浦,33.62798,135.941405,2
mlit:st-fbebbadeb846c78e,station,武蔵増戸,35.730955,139.256305,2
mlit:st-fbedfb7e40e9f001,station,高科,35.55573,136.640175,2
mlit:st-fbf0044dd782aaa2,station,大江橋,34.69436,135.50097,2
mlit:st-fbf85ace2c93c580,station,舟形,38.691713,140.316107,2
mlit:st-fbfc106b70ced0e5,station,尾鷲,34.07433,136.190155,2
mlit:st-fc0307b9304ebe3a,station,玉野,35.266195,136.7478,2
mlit:st-fc04ad2ee2895ae1,station,荒野台,36.016925,140.625215,2
mlit:st-fc099b57e8bc1d67,station,豊郷,35.197905,136.230985,2
mlit:st-fc106b46b479cdc1,station,出雲坂根,35.10244,133.120583,2
mlit:st-fc1b3fe9d357e326,station,遊佐,39.01599,139.905135,2
mlit:st-fc2546a7c4e887e7,station,松草,39.635855,141.437445,2
mlit:st-fc2ccfef9fd73370,station,国領,35.650185,139.55843,2
mlit:st-fc2d783ed148fa55,station,赤坂,35.566045,138.916075,2
mlit:st-fc3a3703e9d8300e,station,石刀,35.326185,136.78537,2
mlit:st-fc4d52e97907f3d1,station,貝塚市役所前,34.439425,135.36064,2
mlit:st-fc4f25270603dc6f,station,信濃平,36.885005,138.378485,2
mlit:st-fc57036e2c2c8958,station,大分,33.2326,131.606695,2
mlit:st-fc5977157eb6a5eb,station,丹波竹田,35.243735,135.134095,2
mlit:st-fc68594a207a5210,station,相原,35.60693,139.33168,2
mlit:st-fc6d9add86c0c776,station,河芸,34.780985,136.530995,2
mlit:st-fc92c3124c102853,station,大谷向,36.732275,139.69194,2
mlit:st-fc92d7deefba16ae,station,土底浜,37.22278,138.324815,2
mlit:st-fca8decc5c04fcab,station,山吹,35.577775,137.903345,2
mlit:st-fcaecc095fd1aa73,station,西船橋,35.707371,139.959066,2
mlit:st-fcb60fcc5e6b842f,station,かぶと山,35.60679,134.919925,2
mlit:st-fcbd8e9e43e582db,station,妹尾,34.608417,133.87181,2
mlit:st-fcc7b938d2803da0,station,大畠,33.963015,132.18106,2
mlit:st-fccc82308ee5fbec,station,吉富,33.604915,131.17352,2
mlit:st-fcd761d08a504f7b,station,児玉,36.192843,139.13571,2
mlit:st-fce5628bb1edc98b,station,鴨池,31.565347,130.550463,2
mlit:st-fce9d2e1e0de8f64,station,波瀬,33.322645,129.807255,2
mlit:st-fced45f8d7ead649,station,石原町,33.784665,130.866005,2
mlit:st-fcf23873b1081178,station,鯖石,40.535575,140.552745,2
mlit:st-fcf2dfbf640f5dd0,station,西聖和,43.669027,142.41512,2
mlit:st-fcf705a7cbb5087c,station,出平,36.76726,137.633695,2
mlit:st-fd029b9ff62c984a,station,六条,36.02821,136.23961,2
mlit:st-fd1546965794e1de,station,西入善,36.93014,137.459285,2
mlit:st-fd1868c62784bae3,station,周防佐山,34.03481,131.36364,2
mlit:st-fd272ba5701ea1cf,station,九重,34.997515,139.911395,2
mlit:st-fd2efe2cc0eecc06,station,榎原,31.534685,131.306545,2
mlit:st-fd3c0531534b184a,station,加太,34.842565,136.340275,2
mlit:st-fd3c6a824c7b0bdc,station,仁方,34.22151,132.655285,2
mlit:st-fd44866e36d924e0,station,京成大和田,35.71236,140.10863,2
mlit:st-fd51e19b128c4ade,station,末続,37.172145,140.99565,2
mlit:st-fd52a1fa58cd3583,station,薩摩松元,31.60538,130.438845,2
mlit:st-fd57ccfeaf089315,station,雑色,35.549775,139.715035,2
mlit:st-fd5956231978b89a,station,三ヶ森,33.834875,130.736095,2
mlit:st-fd5bfa03a6b1bea1,station,陸奥森田,40.7817,140.33917,2
mlit:st-fd5cdbfeb4d493b1,station,中川原,34.969325,136.603235,2
mlit:st-fd67791a4eea1d59,station,砂越,38.895135,139.90733,2
mlit:st-fd6f4d001323cb32,station,東大崎,38.60567,140.897065,2
mlit:st-fd750f2bf24b601a,station,大行司,33.3969,130.87474,2
mlit:st-fd76dd6c0f3b7863,station,出戸浜,39.844425,140.024585,2
mlit:st-fd7d6db2fc9bfbdb,station,堀川町,41.780325,140.74406,2
mlit:st-fd80618317f7ee85,station,曙橋,35.69233,139.72258,2
mlit:st-fd82950f798f911a,station,笠縫,34.541425,135.79411,2
mlit:st-fd855a7eb54b45bf,station,出雲大社前,35.393265,132.68766,2
mlit:st-fd8ed63025aa842a,station,山ノ内,34.82964,132.9577,2
mlit:st-fd9294e83644e5f8,station,人吉,32.21614,130.753815,2
mlit:st-fd9998bf0e15013b,station,日野,35.678675,139.393498,2
mlit:st-fd9b1694ebfdf71c,station,江住,33.509485,135.60327,2
mlit:st-fd9b2b20d841a999,station,星川,35.458235,139.595195,2
mlit:st-fd9e3f101bf98a3b,station,デンテツターミナルビル前,33.559385,133.54406,2
mlit:st-fda67ee871c41665,station,伊豆北川,34.827275,139.075725,2
mlit:st-fda8d57432dac08e,station,庚申塚,35.739125,139.729555,2
mlit:st-fdac1560774f646d,station,東銀座,35.669488,139.767282,2
mlit:st-fdae3098dfef6318,station,早岐,33.133895,129.799313,2
mlit:st-fdb352d675386e1d,station,豊後豊岡,33.36196,131.50141,2
mlit:st-fdb51f1506eeb9ee,station,銀山,43.04096,140.715327,2
mlit:st-fdc624f4ddcd1a31,station,美作加茂,35.16947,134.062195,2
mlit:st-fdcaea0da4ac0f6e,station,板橋区役所前,35.751305,139.710055,2
mlit:st-fdd50549578943e3,station,豊橋公園前,34.766735,137.39586,2
mlit:st-fdd6bc16cd240e13,station,矢切,35.757505,139.900555,2
mlit:st-fdef5f15407be8f3,station,比布,43.874515,142.47134,2
mlit:st-fdf24d2277f46f9d,station,青海川,37.34619,138.486235,2
mlit:st-fdf80dcb1aea01a1,station,石山通,43.03071,141.34422,2
mlit:st-fdff95e11788642c,station,岩野目,39.92117,140.430685,2
mlit:st-fe04b0d1413fc320,station,中村日赤,35.1727,136.862295,2
mlit:st-fe0c7208f031a533,station,旭橋,26.21195,127.67548,2
mlit:st-fe0f25dabc963df5,station,滑川,36.769275,137.348852,2
mlit:st-fe2651a3591fc050,station,末広町,41.766655,140.71242,2
mlit:st-fe3538d586b79dbd,station,小木ノ城,37.51563,138.704217,2
mlit:st-fe4fb78ed375a024,station,柳瀬川,35.83056,139.56246,2
mlit:st-fe62ca873b5c94d7,station,丸瀬布,44.00632,143.33581,2
mlit:st-fe62da9bc4102b8e,station,三浦,35.14211,134.07808,2
mlit:st-fe6568f98df2ef35,station,小本,35.149063,136.86146,2
mlit:st-fe6c4b3d9e16741c,station,田野畑,39.93427,141.93379,2
mlit:st-fe6f1ce8b17b86ee,station,上片桐,35.6175,137.90407,2
mlit:st-fe75974380fe1ff9,station,北松戸,35.800365,139.911625,2
mlit:st-fe7aab42b94d6a4d,station,吉井,36.25609,138.98437,2
mlit:st-fe7dc91c42d2ed8b,station,京成立石,35.73819,139.84816,2
mlit:st-fe8d69b0349d94d2,station,重原,34.99478,137.023775,2
mlit:st-fe8e4a87ef7c2839,station,東犀川三四郎,33.661385,130.949005,2
mlit:st-fe905598ac2daa31,station,南浦和,35.84796,139.668778,2
mlit:st-fe94123ad9bac659,station,三河鹿島,34.813313,137.189697,2
mlit:st-fe95fcc13654fece,station,摂津,34.780025,135.561425,2
mlit:st-fe9e949b1af5426a,station,月岡,37.889337,139.272457,2
mlit:st-fea6184e9bab889a,station,長瀬,34.649855,135.57761,2
mlit:st-fea624f76c6ccb5d,station,小高,37.563123,140.996383,2
mlit:st-feb5ec23c00fb6b7,station,いよ立花,33.827825,132.772955,2
mlit:st-febacf9e6fe11106,station,商工センター入口,34.37548,132.39201,2
mlit:st-febad4aa909a2830,station,ジヤトコ前,35.15776,138.69004,2
mlit:st-fec282e9cb96a065,station,諫早（雲仙・島原口）,32.851235,130.041505,2
mlit:st-fec962f54b78cdd5,station,新伊丹,34.772365,135.41559,2
mlit:st-fecd84c43dff1b09,station,観音町,34.395545,132.43871,2
mlit:st-fed263aebd8b5c01,station,八十場,34.313,133.88486,2
mlit:st-fed6a43493e2f1b0,station,下山,33.458548,133.947958,2
mlit:st-fedfa82c63cf32e0,station,柘植,34.84675,136.256165,2
mlit:st-fee31988dcbb5b6c,station,くいな橋,34.962565,135.757415,2
mlit:st-fee3e5b73af1534e,station,壺阪山,34.44968,135.794815,2
mlit:st-fee7394fcc9344b5,station,雲雀丘花屋敷,34.82728,135.402833,2
mlit:st-feeec26e90491468,station,熱海,35.10389,139.077987,2
mlit:st-fef46d66389de2b7,station,久下村,35.075865,135.03063,2
mlit:st-fef54cf01dc3d9b1,station,熱郛,42.6757,140.375135,2
mlit:st-fef69ce883e11b15,station,北山,35.05126,135.765605,2
mlit:st-fef8b4f366ce39a4,station,特牛,34.30583,130.91893,2
mlit:st-fefb5de5277cd3c0,station,えびの飯野,32.030325,130.871195,2
mlit:st-ff0246122cf8e9a9,station,武志,35.388,132.77327,2
mlit:st-ff056bcd506fa702,station,伊那市,35.838445,137.959255,2
mlit:st-ff056c79095ccb87,station,小渕,40.03374,140.401195,2
mlit:st-ff0cdd5289dd1be9,station,三ツ沢下町,35.476485,139.615215,2
mlit:st-ff0ce8cb5be7a95b,station,朝地,33.00426,131.43222,2
mlit:st-ff17cd8efd7da84b,station,立川目,39.307815,140.99724,2
mlit:st-ff185d532d435917,station,川路,35.45312,137.81575,2
mlit:st-ff1939fd4cbeb523,station,敷島,36.537555,139.033935,2
mlit:st-ff1db46f10c0ff07,station,高浜,36.163773,140.294663,2
mlit:st-ff2cb5583083d47c,station,国際センター,38.2602,140.856834,2
mlit:st-ff348f676b6a87ba,station,西鉄福岡（天神）,33.589517,130.39938,2
mlit:st-ff34a361786a911e,station,二本木,36.989746,138.232714,2
mlit:st-ff36c1eccf05448e,station,西大山,31.190305,130.576445,2
mlit:st-ff3888fcc46ef5e3,station,分水,37.629165,138.839395,2
mlit:st-ff3968a4199feef1,station,袋,32.165565,130.37427,2
mlit:st-ff3e56520f751fb1,station,石巻,38.435353,141.303553,2
mlit:st-ff4b75fac2bd8b32,station,都立大学,35.61785,139.67644,2
mlit:st-ff4f41a7677dcc41,station,岡崎公園前,34.954912,137.15347,2
mlit:st-ff54b3a62f71fa42,station,餅原,31.757025,131.132665,2
mlit:st-ff7e5c44ed1dd3c4,station,林間田園都市,34.355502,135.603357,2
mlit:st-ff80a6c5a47dc903,station,横芝,35.661785,140.490775,2
mlit:st-ff9878c7c2168a0b,station,鷹の台,35.72301,139.46106,2
mlit:st-ff9ef6958ddd3ad2,station,川崎大師,35.53577,139.725995,2
mlit:st-ff9f06a574d26894,station,蓮町（馬場記念公園前）,36.742215,137.22759,2
mlit:st-ffa22c9f737c4a60,station,会津下郷,37.255175,139.864945,2
mlit:st-ffbca73f8ed1b828,station,筑前山手,33.622195,130.557215,2
mlit:st-ffbd55562a9633a0,station,下奥井,36.71192,137.22459,2
mlit:st-ffbfaaf226c1a524,station,穂高,36.339056,137.881942,2
mlit:st-ffca22ae01572776,station,神保町,35.695646,139.758044,2
mlit:st-ffcaf5d03f74f2ab,station,大塚,35.731785,139.72794,2
mlit:st-ffcd03028c35605a,station,幕別,42.907885,143.35938,2
mlit:st-ffd46f129f0024d6,station,袋倉,36.54402,138.579175,2
mlit:st-ffdd0c86692a8326,station,南出羽,38.30257,140.34465,2
mlit:st-ffe2c9fb1b916f16,station,大前,36.513575,138.529015,2
mlit:st-ffe6d89e22a45303,station,大口,35.492295,139.646335,2
mlit:st-ffeb2915ed246143,station,世田谷,35.643495,139.65084,2
mlit:st-fff037c084b0f55f,station,朝霞台,35.814345,139.5873,2
mlit:st-fff2c9f422392417,station,駅家,34.54897,133.32573,2
mlit:st-fff88906d0decf9c,station,高知橋,33.56389,133.54337,2
mlit:st-fffa126519c2adc9,station,新水前寺,32.79331,130.725855,2
pref:01,prefecture,北海道,43.0642,141.3469,2
pref:02,prefecture,青森県,40.8244,140.74,3
pref:03,prefecture,岩手県,39.7036,141.1527,3
pref:04,prefecture,宮城県,38.2688,140.8721,3
pref:05,prefecture,秋田県,39.7186,140.1024,3
pref:06,prefecture,山形県,38.2404,140.3633,3
pref:07,prefecture,福島県,37.7503,140.4676,3
pref:08,prefecture,茨城県,36.3418,140.4468,3
pref:09,prefecture,栃木県,36.5657,139.8836,3
pref:10,prefecture,群馬県,36.3912,139.0609,3
pref:11,prefecture,埼玉県,35.8569,139.6489,3
pref:12,prefecture,千葉県,35.6047,140.1233,3
pref:13,prefecture,東京都,35.6895,139.6917,3
pref:14,prefecture,神奈川県,35.4478,139.6425,3
pref:15,prefecture,新潟県,37.9026,139.0236,3
pref:16,prefecture,富山県,36.6953,137.2113,3
pref:17,prefecture,石川県,36.5947,136.6256,3
pref:18,prefecture,福井県,36.0652,136.2216,3
pref:19,prefecture,山梨県,35.6642,138.5684,3
pref:20,prefecture,長野県,36.6513,138.181,3
pref:21,prefecture,岐阜県,35.3912,136.7223,3
pref:22,prefecture,静岡県,34.9769,138.3831,3
pref:23,prefecture,愛知県,35.1802,136.9066,3
pref:24,prefecture,三重県,34.7303,136.5086,3
pref:25,prefecture,滋賀県,35.0045,135.8686,3
pref:26,prefecture,京都府,35.0214,135.7556,2
pref:27,prefecture,大阪府,34.6863,135.52,2
pref:28,prefecture,兵庫県,34.6913,135.183,3
pref:29,prefecture,奈良県,34.6853,135.8327,3
pref:30,prefecture,和歌山県,34.226,135.1675,3
pref:31,prefecture,鳥取県,35.5039,134.2383,3
pref:32,prefecture,島根県,35.4723,133.0505,3
pref:33,prefecture,岡山県,34.6618,133.935,3
pref:34,prefecture,広島県,34.3966,132.4596,3
pref:35,prefecture,山口県,34.1861,131.4705,3
pref:36,prefecture,徳島県,34.0658,134.5593,3
pref:37,prefecture,香川県,34.3401,134.0434,3
pref:38,prefecture,愛媛県,33.8417,132.7661,3
pref:39,prefecture,高知県,33.5597,133.5311,3
pref:40,prefecture,福岡県,33.6064,130.4183,3
pref:41,prefecture,佐賀県,33.2494,130.2988,3
pref:42,prefecture,長崎県,32.7448,129.8737,3
pref:43,prefecture,熊本県,32.7898,130.7417,3
pref:44,prefecture,大分県,33.2382,131.6126,3
pref:45,prefecture,宮崎県,31.9111,131.4239,3
pref:46,prefecture,鹿児島県,31.5602,130.5581,3
pref:47,prefecture,沖縄県,26.2124,127.6809,3
SUMMARY,station=9044;city=2033;ward=154;prefecture=47
